# WaveFront *.obj file (generated by Autodesk ATF)

mtllib Bucket_Assembly.mtl

g Solid1

v -52.828820 -6.074986 -27.511851
v -52.828820 -6.074986 -22.511850
v -52.828820 -6.074986 -17.511848
v -52.828820 -6.074986 -12.511849
v -52.828820 -6.074986 -7.511850
v -52.828820 -6.074986 -2.511848
v -52.828820 -6.074986 2.488150
v -52.828820 -6.074986 7.488151
v -52.828820 -6.074986 12.488151
v -52.828820 -6.074986 17.488151
v -52.828820 -6.074986 22.488151
v -52.828820 -6.074986 27.488151
v -52.828820 -6.074986 32.488151
v -52.828820 -6.074986 37.488151
v -52.828820 -6.074986 42.488151
v -52.828820 -6.074986 47.488152
v -52.828820 -6.074986 52.488150
v -52.828820 -6.074986 57.488152
v -52.828820 -6.074986 62.488151
v -52.828820 -6.074986 67.488150
v -52.828820 -6.074986 72.488152
v -52.828820 -6.074986 77.488153
v -34.828820 -0.074986 -27.511851
v -34.828820 -0.074986 -24.011849
v -34.828820 -0.074986 -22.511850
v -34.828820 -0.074986 -17.511848
v -34.828820 -0.074986 -12.511849
v -34.828820 -0.074986 -7.511850
v -34.828820 -0.074986 -2.511848
v -34.828820 -0.074986 2.488150
v -34.828820 -0.074986 7.488151
v -34.828820 -0.074986 12.488151
v -34.828820 -0.074986 17.488151
v -34.828820 -0.074986 22.488151
v -34.828820 -0.074986 27.488151
v -34.828820 -0.074986 32.488151
v -34.828820 -0.074986 37.488151
v -34.828820 -0.074986 42.488151
v -34.828820 -0.074986 47.488152
v -34.828820 -0.074986 52.488150
v -34.828820 -0.074986 57.488152
v -34.828820 -0.074986 62.488151
v -34.828820 -0.074986 67.488150
v -34.828820 -0.074986 72.488152
v -34.828820 -0.074986 73.988151
v -34.828820 -0.074986 77.488153
v -32.828820 -6.074986 -27.511851
v -32.828820 -6.074986 -22.511850
v -32.828820 -6.074986 -17.511848
v -32.828820 -6.074986 -12.511849
v -32.828820 -6.074986 -7.511850
v -32.828820 -6.074986 -2.511848
v -32.828820 -6.074986 2.488150
v -32.828820 -6.074986 7.488151
v -32.828820 -6.074986 12.488151
v -32.828820 -6.074986 17.488151
v -32.828820 -6.074986 22.488151
v -32.828820 -6.074986 27.488151
v -32.828820 -6.074986 32.488151
v -32.828820 -6.074986 37.488151
v -32.828820 -6.074986 42.488151
v -32.828820 -6.074986 47.488152
v -32.828820 -6.074986 52.488150
v -32.828820 -6.074986 57.488152
v -32.828820 -6.074986 62.488151
v -32.828820 -6.074986 67.488150
v -32.828820 -6.074986 72.488152
v -32.828820 -6.074986 77.488153
v -32.828820 -4.074986 -27.511851
v -32.828820 -4.074986 -24.011849
v -32.828820 -4.074986 -22.511850
v -32.828820 -4.074986 -17.511848
v -32.828820 -4.074986 -12.511849
v -32.828820 -4.074986 -7.511850
v -32.828820 -4.074986 -2.511848
v -32.828820 -4.074986 2.488150
v -32.828820 -4.074986 7.488151
v -32.828820 -4.074986 12.488151
v -32.828820 -4.074986 17.488151
v -32.828820 -4.074986 22.488151
v -32.828820 -4.074986 27.488151
v -32.828820 -4.074986 32.488151
v -32.828820 -4.074986 37.488151
v -32.828820 -4.074986 42.488151
v -32.828820 -4.074986 47.488152
v -32.828820 -4.074986 52.488150
v -32.828820 -4.074986 57.488152
v -32.828820 -4.074986 62.488151
v -32.828820 -4.074986 67.488150
v -32.828820 -4.074986 72.488152
v -32.828820 -4.074986 73.988151
v -32.828820 -4.074986 77.488153
v 42.171180 -4.074986 -24.011849
v 42.171180 -4.074986 73.988151
v 44.958330 -3.813771 -24.011849
v 44.958330 -3.813771 73.988151
v 47.648406 -3.039226 -24.011849
v 47.648406 -3.039226 73.988151
v 50.147718 -1.778325 -24.011849
v 50.147718 -1.778325 73.988151
v 52.369217 -0.074986 -24.011849
v 52.369217 -0.074986 73.988151
vt 5.080000 -6.350000 0.000000
vt 5.080000 6.350000 0.000000
vt 0.000000 6.350000 0.000000
vt 0.000000 -6.350000 0.000000
vt -25.400000 -7.620000 0.000000
vt 25.400000 -7.620000 0.000000
vt -20.320000 7.620000 0.000000
vt -25.400000 -2.540000 0.000000
vt 48.193111 -6.350000 0.000000
vt 48.193111 6.350000 0.000000
vt 0.000000 6.350000 0.000000
vt 0.000000 -6.350000 0.000000
vt 5.080000 -6.350000 0.000000
vt 5.080000 6.350000 0.000000
vt 0.000000 6.350000 0.000000
vt 0.000000 -6.350000 0.000000
vt 50.799999 -6.350000 0.000000
vt 50.799999 6.350000 0.000000
vt 0.000000 6.350000 0.000000
vt 0.000000 -6.350000 0.000000
vt -25.400000 -7.620000 0.000000
vt 25.400000 -7.620000 0.000000
vt 25.400000 -2.540000 0.000000
vt 20.320000 7.620000 0.000000
vt -25.400000 -7.620000 0.000000
vt 25.400000 -7.620000 0.000000
vt -20.320000 7.620000 0.000000
vt -25.400000 -2.540000 0.000000
vt 48.193111 -6.350000 0.000000
vt 48.193111 6.350000 0.000000
vt 0.000000 6.350000 0.000000
vt 0.000000 -6.350000 0.000000
vt 5.080000 -6.350000 0.000000
vt 5.080000 6.350000 0.000000
vt 0.000000 6.350000 0.000000
vt 0.000000 -6.350000 0.000000
vt 50.799999 -6.350000 0.000000
vt 50.799999 6.350000 0.000000
vt 0.000000 6.350000 0.000000
vt 0.000000 -6.350000 0.000000
vt -25.400000 -7.620000 0.000000
vt 25.400000 -7.620000 0.000000
vt 25.400000 -2.540000 0.000000
vt 20.320000 7.620000 0.000000
vt -25.400000 -7.620000 0.000000
vt 25.400000 -7.620000 0.000000
vt -20.320000 7.620000 0.000000
vt -25.400000 -2.540000 0.000000
vt 48.193111 -6.350000 0.000000
vt 48.193111 6.350000 0.000000
vt 0.000000 6.350000 0.000000
vt 0.000000 -2.540000 0.000000
vt 0.000000 -6.350000 0.000000
vt 0.000000 -2.540000 0.000000
vt 11.359225 -2.540000 0.000000
vt 11.359225 6.350000 0.000000
vt 0.000000 6.350000 0.000000
vt 5.080000 -6.350000 0.000000
vt 5.080000 -2.540000 0.000000
vt 5.080000 6.350000 0.000000
vt 0.000000 6.350000 0.000000
vt 0.000000 -6.350000 0.000000
vt 50.799999 -6.350000 0.000000
vt 50.799999 6.350000 0.000000
vt 0.000000 6.350000 0.000000
vt 0.000000 -6.350000 0.000000
vt -25.400000 -7.620000 0.000000
vt 25.400000 -7.620000 0.000000
vt 25.400000 -2.540000 0.000000
vt 20.320000 7.620000 0.000000
vt -25.400000 -7.620000 0.000000
vt 25.400000 -7.620000 0.000000
vt -20.320000 7.620000 0.000000
vt -25.400000 -2.540000 0.000000
vt 48.193111 -6.350000 0.000000
vt 48.193111 6.350000 0.000000
vt 0.000000 6.350000 0.000000
vt 0.000000 2.540000 0.000000
vt 0.000000 -6.350000 0.000000
vt 11.359225 2.540000 0.000000
vt 0.000000 2.540000 0.000000
vt 0.000000 -6.350000 0.000000
vt 11.359225 -6.350000 0.000000
vt 5.080000 -6.350000 0.000000
vt 5.080000 2.540000 0.000000
vt 5.080000 6.350000 0.000000
vt 0.000000 6.350000 0.000000
vt 0.000000 -6.350000 0.000000
vt 50.799999 -6.350000 0.000000
vt 50.799999 6.350000 0.000000
vt 0.000000 6.350000 0.000000
vt 0.000000 -6.350000 0.000000
vt -25.400000 -7.620000 0.000000
vt 25.400000 -7.620000 0.000000
vt 25.400000 -2.540000 0.000000
vt 20.320000 7.620000 0.000000
vt -25.400000 -7.620000 0.000000
vt 25.400000 -7.620000 0.000000
vt -20.320000 7.620000 0.000000
vt -25.400000 -2.540000 0.000000
vt 48.193111 -6.350000 0.000000
vt 48.193111 6.350000 0.000000
vt 0.000000 6.350000 0.000000
vt 0.000000 -6.350000 0.000000
vt 5.080000 -6.350000 0.000000
vt 5.080000 6.350000 0.000000
vt 0.000000 6.350000 0.000000
vt 0.000000 -6.350000 0.000000
vt 50.799999 -6.350000 0.000000
vt 50.799999 6.350000 0.000000
vt 0.000000 6.350000 0.000000
vt 0.000000 -6.350000 0.000000
vt -25.400000 -7.620000 0.000000
vt 25.400000 -7.620000 0.000000
vt 25.400000 -2.540000 0.000000
vt 20.320000 7.620000 0.000000
vt -25.400000 -7.620000 0.000000
vt 25.400000 -7.620000 0.000000
vt -20.320000 7.620000 0.000000
vt -25.400000 -2.540000 0.000000
vt 48.193111 -6.350000 0.000000
vt 48.193111 6.350000 0.000000
vt 0.000000 6.350000 0.000000
vt 0.000000 -6.350000 0.000000
vt 5.080000 -6.350000 0.000000
vt 5.080000 6.350000 0.000000
vt 0.000000 6.350000 0.000000
vt 0.000000 -6.350000 0.000000
vt 50.799999 -6.350000 0.000000
vt 50.799999 6.350000 0.000000
vt 0.000000 6.350000 0.000000
vt 0.000000 -6.350000 0.000000
vt -25.400000 -7.620000 0.000000
vt 25.400000 -7.620000 0.000000
vt 25.400000 -2.540000 0.000000
vt 20.320000 7.620000 0.000000
vt -25.400000 -7.620000 0.000000
vt 25.400000 -7.620000 0.000000
vt -20.320000 7.620000 0.000000
vt -25.400000 -2.540000 0.000000
vt 48.193111 -6.350000 0.000000
vt 48.193111 6.350000 0.000000
vt 0.000000 6.350000 0.000000
vt 0.000000 -6.350000 0.000000
vt 5.080000 -6.350000 0.000000
vt 5.080000 6.350000 0.000000
vt 0.000000 6.350000 0.000000
vt 0.000000 -6.350000 0.000000
vt 50.799999 -6.350000 0.000000
vt 50.799999 6.350000 0.000000
vt 0.000000 6.350000 0.000000
vt 0.000000 -6.350000 0.000000
vt -25.400000 -7.620000 0.000000
vt 25.400000 -7.620000 0.000000
vt 25.400000 -2.540000 0.000000
vt 20.320000 7.620000 0.000000
vt -25.400000 -7.620000 0.000000
vt 25.400000 -7.620000 0.000000
vt -20.320000 7.620000 0.000000
vt -25.400000 -2.540000 0.000000
vt 48.193111 -6.350000 0.000000
vt 48.193111 6.350000 0.000000
vt 0.000000 6.350000 0.000000
vt 0.000000 -6.350000 0.000000
vt 5.080000 -6.350000 0.000000
vt 5.080000 6.350000 0.000000
vt 0.000000 6.350000 0.000000
vt 0.000000 -6.350000 0.000000
vt 50.799999 -6.350000 0.000000
vt 50.799999 6.350000 0.000000
vt 0.000000 6.350000 0.000000
vt 0.000000 -6.350000 0.000000
vt -25.400000 -7.620000 0.000000
vt 25.400000 -7.620000 0.000000
vt 25.400000 -2.540000 0.000000
vt 20.320000 7.620000 0.000000
vt -25.400000 -7.620000 0.000000
vt 25.400000 -7.620000 0.000000
vt -20.320000 7.620000 0.000000
vt -25.400000 -2.540000 0.000000
vt 48.193111 -6.350000 0.000000
vt 48.193111 6.350000 0.000000
vt 0.000000 6.350000 0.000000
vt 0.000000 -6.350000 0.000000
vt 5.080000 -6.350000 0.000000
vt 5.080000 6.350000 0.000000
vt 0.000000 6.350000 0.000000
vt 0.000000 -6.350000 0.000000
vt 50.799999 -6.350000 0.000000
vt 50.799999 6.350000 0.000000
vt 0.000000 6.350000 0.000000
vt 0.000000 -6.350000 0.000000
vt -25.400000 -7.620000 0.000000
vt 25.400000 -7.620000 0.000000
vt 25.400000 -2.540000 0.000000
vt 20.320000 7.620000 0.000000
vt -25.400000 -7.620000 0.000000
vt 25.400000 -7.620000 0.000000
vt -20.320000 7.620000 0.000000
vt -25.400000 -2.540000 0.000000
vt 48.193111 -6.350000 0.000000
vt 48.193111 6.350000 0.000000
vt 0.000000 6.350000 0.000000
vt 0.000000 -6.350000 0.000000
vt 5.080000 -6.350000 0.000000
vt 5.080000 6.350000 0.000000
vt 0.000000 6.350000 0.000000
vt 0.000000 -6.350000 0.000000
vt 50.799999 -6.350000 0.000000
vt 50.799999 6.350000 0.000000
vt 0.000000 6.350000 0.000000
vt 0.000000 -6.350000 0.000000
vt -25.400000 -7.620000 0.000000
vt 25.400000 -7.620000 0.000000
vt 25.400000 -2.540000 0.000000
vt 20.320000 7.620000 0.000000
vt 0.000000 -19.049999 0.000000
vt 11.359225 -19.049999 0.000000
vt 11.359225 -6.350000 0.000000
vt 0.000000 -6.350000 0.000000
vt 0.000000 -44.450001 0.000000
vt 11.359225 -44.450001 0.000000
vt 11.359225 -31.750000 0.000000
vt 0.000000 -31.750000 0.000000
vt 0.000000 -95.250000 0.000000
vt 11.359225 -95.250000 0.000000
vt 11.359225 -82.550003 0.000000
vt 0.000000 -82.550003 0.000000
vt 0.000000 -69.849998 0.000000
vt 11.359225 -69.849998 0.000000
vt 11.359225 -57.150002 0.000000
vt 0.000000 -57.150002 0.000000
vt 11.359225 120.650002 0.000000
vt 0.000000 120.650002 0.000000
vt 0.000000 107.949997 0.000000
vt 11.359225 107.949997 0.000000
vt 11.359225 69.849998 0.000000
vt 0.000000 69.849998 0.000000
vt 0.000000 57.150002 0.000000
vt 11.359225 57.150002 0.000000
vt 0.000000 82.550003 0.000000
vt 11.359225 82.550003 0.000000
vt 11.359225 95.250000 0.000000
vt 0.000000 95.250000 0.000000
vt 11.359225 19.049999 0.000000
vt 0.000000 19.049999 0.000000
vt 0.000000 6.350000 0.000000
vt 11.359225 6.350000 0.000000
vt 0.000000 31.750000 0.000000
vt 11.359225 31.750000 0.000000
vt 11.359225 44.450001 0.000000
vt 0.000000 44.450001 0.000000
vt -25.400000 -7.620000 0.000000
vt 25.400000 -7.620000 0.000000
vt -20.320000 7.620000 0.000000
vt -25.400000 -2.540000 0.000000
vt 48.193111 -6.350000 0.000000
vt 48.193111 6.350000 0.000000
vt 0.000000 6.350000 0.000000
vt 0.000000 -6.350000 0.000000
vt 50.799999 6.350000 0.000000
vt 0.000000 6.350000 0.000000
vt 0.000000 -6.350000 0.000000
vt 50.799999 -6.350000 0.000000
vt 25.400000 -2.540000 0.000000
vt 20.320000 7.620000 0.000000
vt -25.400000 -7.620000 0.000000
vt 25.400000 -7.620000 0.000000
vt 0.000000 -120.650002 0.000000
vt 11.359225 -120.650002 0.000000
vt 11.359225 -107.949997 0.000000
vt 0.000000 -107.949997 0.000000
vt -84.838493 -5.080000 0.000000
vt 105.661507 -5.080000 0.000000
vt 110.741508 5.080000 0.000000
vt -110.741508 5.080000 0.000000
vt -105.098900 0.753517 0.000000
vt -98.750641 -2.449170 0.000000
vt -91.917847 -4.416515 0.000000
vt 221.483017 -124.459999 0.000000
vt 221.483017 -120.650002 0.000000
vt 221.483017 -107.949997 0.000000
vt 221.483017 -95.250000 0.000000
vt 221.483017 -82.550003 0.000000
vt 221.483017 -69.849998 0.000000
vt 221.483017 -57.150002 0.000000
vt 221.483017 -44.450001 0.000000
vt 221.483017 -31.750000 0.000000
vt 221.483017 -19.049999 0.000000
vt 221.483017 -6.350000 0.000000
vt 221.483017 6.350000 0.000000
vt 221.483017 19.049999 0.000000
vt 221.483017 31.750000 0.000000
vt 221.483017 44.450001 0.000000
vt 221.483017 57.150002 0.000000
vt 221.483017 69.849998 0.000000
vt 221.483017 82.550003 0.000000
vt 221.483017 95.250000 0.000000
vt 221.483017 107.949997 0.000000
vt 221.483017 120.650002 0.000000
vt 221.483017 124.459999 0.000000
vt 0.000000 124.459999 0.000000
vt 0.000000 -124.459999 0.000000
vt 124.459991 28.482962 0.000000
vt -124.459991 28.482962 0.000000
vt -124.459991 21.362223 0.000000
vt -124.459991 14.241481 0.000000
vt -124.459991 7.120740 0.000000
vt -124.459991 0.000000 0.000000
vt 124.459991 0.000000 0.000000
vt 124.459991 7.120740 0.000000
vt 124.459991 14.241481 0.000000
vt 124.459991 21.362223 0.000000
vt 190.500000 -124.459999 0.000000
vt 190.500000 124.459999 0.000000
vt 0.000000 124.459999 0.000000
vt 0.000000 120.650002 0.000000
vt 0.000000 107.949997 0.000000
vt 0.000000 95.250000 0.000000
vt 0.000000 82.550003 0.000000
vt 0.000000 69.849998 0.000000
vt 0.000000 57.150002 0.000000
vt 0.000000 44.450001 0.000000
vt 0.000000 31.750000 0.000000
vt 0.000000 19.049999 0.000000
vt 0.000000 6.350000 0.000000
vt 0.000000 -6.350000 0.000000
vt 0.000000 -19.049999 0.000000
vt 0.000000 -31.750000 0.000000
vt 0.000000 -44.450001 0.000000
vt 0.000000 -57.150002 0.000000
vt 0.000000 -69.849998 0.000000
vt 0.000000 -82.550003 0.000000
vt 0.000000 -95.250000 0.000000
vt 0.000000 -107.949997 0.000000
vt 0.000000 -120.650002 0.000000
vt 0.000000 -124.459999 0.000000
vt -105.661507 -5.080000 0.000000
vt 84.838493 -5.080000 0.000000
vt 91.917847 -4.416515 0.000000
vt 98.750641 -2.449170 0.000000
vt 105.098900 0.753517 0.000000
vt 110.741508 5.080000 0.000000
vt -110.741508 5.080000 0.000000
vn 2.540000 -0.000000 0.000000
vn 2.540000 -0.000000 0.000000
vn 2.540000 -0.000000 0.000000
vn 2.540000 -0.000000 0.000000
vn 0.000000 0.000000 -2.540000
vn 0.000000 0.000000 -2.540000
vn 0.000000 0.000000 -2.540000
vn 0.000000 0.000000 -2.540000
vn -0.803219 2.409656 0.000000
vn -0.803219 2.409656 0.000000
vn -0.803219 2.409656 0.000000
vn -0.803219 2.409656 0.000000
vn 2.540000 -0.000000 0.000000
vn 2.540000 -0.000000 0.000000
vn 2.540000 -0.000000 0.000000
vn 2.540000 -0.000000 0.000000
vn -0.000000 -2.540000 -0.000000
vn -0.000000 -2.540000 -0.000000
vn -0.000000 -2.540000 -0.000000
vn -0.000000 -2.540000 -0.000000
vn -0.000000 -0.000000 2.540000
vn -0.000000 -0.000000 2.540000
vn -0.000000 -0.000000 2.540000
vn -0.000000 -0.000000 2.540000
vn 0.000000 0.000000 -2.540000
vn 0.000000 0.000000 -2.540000
vn 0.000000 0.000000 -2.540000
vn 0.000000 0.000000 -2.540000
vn -0.803219 2.409656 0.000000
vn -0.803219 2.409656 0.000000
vn -0.803219 2.409656 0.000000
vn -0.803219 2.409656 0.000000
vn 2.540000 -0.000000 0.000000
vn 2.540000 -0.000000 0.000000
vn 2.540000 -0.000000 0.000000
vn 2.540000 -0.000000 0.000000
vn -0.000000 -2.540000 -0.000000
vn -0.000000 -2.540000 -0.000000
vn -0.000000 -2.540000 -0.000000
vn -0.000000 -2.540000 -0.000000
vn -0.000000 -0.000000 2.540000
vn -0.000000 -0.000000 2.540000
vn -0.000000 -0.000000 2.540000
vn -0.000000 -0.000000 2.540000
vn 0.000000 0.000000 -2.540000
vn 0.000000 0.000000 -2.540000
vn 0.000000 0.000000 -2.540000
vn 0.000000 0.000000 -2.540000
vn -0.803219 2.409656 0.000000
vn -0.803219 2.409656 0.000000
vn -0.803219 2.409656 0.000000
vn -0.803219 2.409656 0.000000
vn -0.803219 2.409656 0.000000
vn 2.271845 1.135923 0.000000
vn 2.271845 1.135923 0.000000
vn 2.271845 1.135923 0.000000
vn 2.271845 1.135923 0.000000
vn 2.540000 -0.000000 0.000000
vn 2.540000 -0.000000 0.000000
vn 2.540000 -0.000000 0.000000
vn 2.540000 -0.000000 0.000000
vn 2.540000 -0.000000 0.000000
vn -0.000000 -2.540000 -0.000000
vn -0.000000 -2.540000 -0.000000
vn -0.000000 -2.540000 -0.000000
vn -0.000000 -2.540000 -0.000000
vn -0.000000 -0.000000 2.540000
vn -0.000000 -0.000000 2.540000
vn -0.000000 -0.000000 2.540000
vn -0.000000 -0.000000 2.540000
vn 0.000000 0.000000 -2.540000
vn 0.000000 0.000000 -2.540000
vn 0.000000 0.000000 -2.540000
vn 0.000000 0.000000 -2.540000
vn -0.803219 2.409656 0.000000
vn -0.803219 2.409656 0.000000
vn -0.803219 2.409656 0.000000
vn -0.803219 2.409656 0.000000
vn -0.803219 2.409656 0.000000
vn 2.271845 1.135923 0.000000
vn 2.271845 1.135923 0.000000
vn 2.271845 1.135923 0.000000
vn 2.271845 1.135923 0.000000
vn 2.540000 -0.000000 0.000000
vn 2.540000 -0.000000 0.000000
vn 2.540000 -0.000000 0.000000
vn 2.540000 -0.000000 0.000000
vn 2.540000 -0.000000 0.000000
vn -0.000000 -2.540000 -0.000000
vn -0.000000 -2.540000 -0.000000
vn -0.000000 -2.540000 -0.000000
vn -0.000000 -2.540000 -0.000000
vn -0.000000 -0.000000 2.540000
vn -0.000000 -0.000000 2.540000
vn -0.000000 -0.000000 2.540000
vn -0.000000 -0.000000 2.540000
vn 0.000000 0.000000 -2.540000
vn 0.000000 0.000000 -2.540000
vn 0.000000 0.000000 -2.540000
vn 0.000000 0.000000 -2.540000
vn -0.803219 2.409656 0.000000
vn -0.803219 2.409656 0.000000
vn -0.803219 2.409656 0.000000
vn -0.803219 2.409656 0.000000
vn 2.540000 -0.000000 0.000000
vn 2.540000 -0.000000 0.000000
vn 2.540000 -0.000000 0.000000
vn 2.540000 -0.000000 0.000000
vn -0.000000 -2.540000 -0.000000
vn -0.000000 -2.540000 -0.000000
vn -0.000000 -2.540000 -0.000000
vn -0.000000 -2.540000 -0.000000
vn -0.000000 -0.000000 2.540000
vn -0.000000 -0.000000 2.540000
vn -0.000000 -0.000000 2.540000
vn -0.000000 -0.000000 2.540000
vn 0.000000 0.000000 -2.540000
vn 0.000000 0.000000 -2.540000
vn 0.000000 0.000000 -2.540000
vn 0.000000 0.000000 -2.540000
vn -0.803219 2.409656 0.000000
vn -0.803219 2.409656 0.000000
vn -0.803219 2.409656 0.000000
vn -0.803219 2.409656 0.000000
vn 2.540000 -0.000000 0.000000
vn 2.540000 -0.000000 0.000000
vn 2.540000 -0.000000 0.000000
vn 2.540000 -0.000000 0.000000
vn -0.000000 -2.540000 -0.000000
vn -0.000000 -2.540000 -0.000000
vn -0.000000 -2.540000 -0.000000
vn -0.000000 -2.540000 -0.000000
vn -0.000000 -0.000000 2.540000
vn -0.000000 -0.000000 2.540000
vn -0.000000 -0.000000 2.540000
vn -0.000000 -0.000000 2.540000
vn 0.000000 0.000000 -2.540000
vn 0.000000 0.000000 -2.540000
vn 0.000000 0.000000 -2.540000
vn 0.000000 0.000000 -2.540000
vn -0.803219 2.409656 0.000000
vn -0.803219 2.409656 0.000000
vn -0.803219 2.409656 0.000000
vn -0.803219 2.409656 0.000000
vn 2.540000 -0.000000 0.000000
vn 2.540000 -0.000000 0.000000
vn 2.540000 -0.000000 0.000000
vn 2.540000 -0.000000 0.000000
vn -0.000000 -2.540000 -0.000000
vn -0.000000 -2.540000 -0.000000
vn -0.000000 -2.540000 -0.000000
vn -0.000000 -2.540000 -0.000000
vn -0.000000 -0.000000 2.540000
vn -0.000000 -0.000000 2.540000
vn -0.000000 -0.000000 2.540000
vn -0.000000 -0.000000 2.540000
vn 0.000000 0.000000 -2.540000
vn 0.000000 0.000000 -2.540000
vn 0.000000 0.000000 -2.540000
vn 0.000000 0.000000 -2.540000
vn -0.803219 2.409656 0.000000
vn -0.803219 2.409656 0.000000
vn -0.803219 2.409656 0.000000
vn -0.803219 2.409656 0.000000
vn 2.540000 -0.000000 0.000000
vn 2.540000 -0.000000 0.000000
vn 2.540000 -0.000000 0.000000
vn 2.540000 -0.000000 0.000000
vn -0.000000 -2.540000 -0.000000
vn -0.000000 -2.540000 -0.000000
vn -0.000000 -2.540000 -0.000000
vn -0.000000 -2.540000 -0.000000
vn -0.000000 -0.000000 2.540000
vn -0.000000 -0.000000 2.540000
vn -0.000000 -0.000000 2.540000
vn -0.000000 -0.000000 2.540000
vn 0.000000 0.000000 -2.540000
vn 0.000000 0.000000 -2.540000
vn 0.000000 0.000000 -2.540000
vn 0.000000 0.000000 -2.540000
vn -0.803219 2.409656 0.000000
vn -0.803219 2.409656 0.000000
vn -0.803219 2.409656 0.000000
vn -0.803219 2.409656 0.000000
vn 2.540000 -0.000000 0.000000
vn 2.540000 -0.000000 0.000000
vn 2.540000 -0.000000 0.000000
vn 2.540000 -0.000000 0.000000
vn -0.000000 -2.540000 -0.000000
vn -0.000000 -2.540000 -0.000000
vn -0.000000 -2.540000 -0.000000
vn -0.000000 -2.540000 -0.000000
vn -0.000000 -0.000000 2.540000
vn -0.000000 -0.000000 2.540000
vn -0.000000 -0.000000 2.540000
vn -0.000000 -0.000000 2.540000
vn 0.000000 0.000000 -2.540000
vn 0.000000 0.000000 -2.540000
vn 0.000000 0.000000 -2.540000
vn 0.000000 0.000000 -2.540000
vn -0.803219 2.409656 0.000000
vn -0.803219 2.409656 0.000000
vn -0.803219 2.409656 0.000000
vn -0.803219 2.409656 0.000000
vn 2.540000 -0.000000 0.000000
vn 2.540000 -0.000000 0.000000
vn 2.540000 -0.000000 0.000000
vn 2.540000 -0.000000 0.000000
vn -0.000000 -2.540000 -0.000000
vn -0.000000 -2.540000 -0.000000
vn -0.000000 -2.540000 -0.000000
vn -0.000000 -2.540000 -0.000000
vn -0.000000 -0.000000 2.540000
vn -0.000000 -0.000000 2.540000
vn -0.000000 -0.000000 2.540000
vn -0.000000 -0.000000 2.540000
vn -2.271845 -1.135923 -0.000000
vn -2.271845 -1.135923 -0.000000
vn -2.271845 -1.135923 -0.000000
vn -2.271845 -1.135923 -0.000000
vn -2.271845 -1.135923 -0.000000
vn -2.271845 -1.135923 -0.000000
vn -2.271845 -1.135923 -0.000000
vn -2.271845 -1.135923 -0.000000
vn -2.271845 -1.135923 -0.000000
vn -2.271845 -1.135923 -0.000000
vn -2.271845 -1.135923 -0.000000
vn -2.271845 -1.135923 -0.000000
vn -2.271845 -1.135923 -0.000000
vn -2.271845 -1.135923 -0.000000
vn -2.271845 -1.135923 -0.000000
vn -2.271845 -1.135923 -0.000000
vn -2.271845 -1.135923 -0.000000
vn -2.271845 -1.135923 -0.000000
vn -2.271845 -1.135923 -0.000000
vn -2.271845 -1.135923 -0.000000
vn -2.271845 -1.135923 -0.000000
vn -2.271845 -1.135923 -0.000000
vn -2.271845 -1.135923 -0.000000
vn -2.271845 -1.135923 -0.000000
vn -2.271845 -1.135923 -0.000000
vn -2.271845 -1.135923 -0.000000
vn -2.271845 -1.135923 -0.000000
vn -2.271845 -1.135923 -0.000000
vn -2.271845 -1.135923 -0.000000
vn -2.271845 -1.135923 -0.000000
vn -2.271845 -1.135923 -0.000000
vn -2.271845 -1.135923 -0.000000
vn -2.271845 -1.135923 -0.000000
vn -2.271845 -1.135923 -0.000000
vn -2.271845 -1.135923 -0.000000
vn -2.271845 -1.135923 -0.000000
vn 0.000000 0.000000 -2.540000
vn 0.000000 0.000000 -2.540000
vn 0.000000 0.000000 -2.540000
vn 0.000000 0.000000 -2.540000
vn -0.803219 2.409656 0.000000
vn -0.803219 2.409656 0.000000
vn -0.803219 2.409656 0.000000
vn -0.803219 2.409656 0.000000
vn -0.000000 -2.540000 -0.000000
vn -0.000000 -2.540000 -0.000000
vn -0.000000 -2.540000 -0.000000
vn -0.000000 -2.540000 -0.000000
vn -0.000000 -0.000000 2.540000
vn -0.000000 -0.000000 2.540000
vn -0.000000 -0.000000 2.540000
vn -0.000000 -0.000000 2.540000
vn -2.271845 -1.135923 -0.000000
vn -2.271845 -1.135923 -0.000000
vn -2.271845 -1.135923 -0.000000
vn -2.271845 -1.135923 -0.000000
vn 0.000000 0.000000 -2.540000
vn 0.000000 0.000000 -2.540000
vn 0.000000 0.000000 -2.540000
vn 0.000000 0.000000 -2.540000
vn 0.000000 0.000000 -2.540000
vn 0.000000 0.000000 -2.540000
vn 0.000000 0.000000 -2.540000
vn 0.000000 2.540000 0.000000
vn 0.000000 2.540000 0.000000
vn 0.000000 2.540000 0.000000
vn 0.000000 2.540000 0.000000
vn 0.000000 2.540000 0.000000
vn 0.000000 2.540000 0.000000
vn 0.000000 2.540000 0.000000
vn 0.000000 2.540000 0.000000
vn 0.000000 2.540000 0.000000
vn 0.000000 2.540000 0.000000
vn 0.000000 2.540000 0.000000
vn 0.000000 2.540000 0.000000
vn 0.000000 2.540000 0.000000
vn 0.000000 2.540000 0.000000
vn 0.000000 2.540000 0.000000
vn 0.000000 2.540000 0.000000
vn 0.000000 2.540000 0.000000
vn 0.000000 2.540000 0.000000
vn 0.000000 2.540000 0.000000
vn 0.000000 2.540000 0.000000
vn 0.000000 2.540000 0.000000
vn 0.000000 2.540000 0.000000
vn 0.000000 2.540000 0.000000
vn 0.000000 2.540000 0.000000
vn 1.726868 -1.862667 -0.000000
vn 1.726868 -1.862667 -0.000000
vn 1.350694 -2.151099 -0.000000
vn 0.927477 -2.364611 -0.000000
vn 0.471957 -2.495768 -0.000000
vn -0.000000 -2.540000 -0.000000
vn -0.000000 -2.540000 -0.000000
vn 0.471957 -2.495768 -0.000000
vn 0.927477 -2.364611 -0.000000
vn 1.350694 -2.151099 -0.000000
vn -0.000000 -2.540000 -0.000000
vn -0.000000 -2.540000 -0.000000
vn -0.000000 -2.540000 -0.000000
vn -0.000000 -2.540000 -0.000000
vn -0.000000 -2.540000 -0.000000
vn -0.000000 -2.540000 -0.000000
vn -0.000000 -2.540000 -0.000000
vn -0.000000 -2.540000 -0.000000
vn -0.000000 -2.540000 -0.000000
vn -0.000000 -2.540000 -0.000000
vn -0.000000 -2.540000 -0.000000
vn -0.000000 -2.540000 -0.000000
vn -0.000000 -2.540000 -0.000000
vn -0.000000 -2.540000 -0.000000
vn -0.000000 -2.540000 -0.000000
vn -0.000000 -2.540000 -0.000000
vn -0.000000 -2.540000 -0.000000
vn -0.000000 -2.540000 -0.000000
vn -0.000000 -2.540000 -0.000000
vn -0.000000 -2.540000 -0.000000
vn -0.000000 -2.540000 -0.000000
vn -0.000000 -2.540000 -0.000000
vn -0.000000 -2.540000 -0.000000
vn -0.000000 -2.540000 -0.000000
vn -0.000000 -0.000000 2.540000
vn -0.000000 -0.000000 2.540000
vn -0.000000 -0.000000 2.540000
vn -0.000000 -0.000000 2.540000
vn -0.000000 -0.000000 2.540000
vn -0.000000 -0.000000 2.540000
vn -0.000000 -0.000000 2.540000
usemtl 190,188,186
f 81/2/2 58/3/3 80/1/1
f 80/1/1 58/3/3 57/4/4
f 59/5/5 13/6/6 82/8/8
f 82/8/8 13/6/6 36/7/7
f 14/10/10 37/11/11 13/9/9
f 13/9/9 37/11/11 36/12/12
f 83/14/14 60/15/15 82/13/13
f 82/13/13 60/15/15 59/16/16
f 60/18/18 14/19/19 59/17/17
f 59/17/17 14/19/19 13/20/20
f 60/22/22 83/23/23 14/21/21
f 14/21/21 83/23/23 37/24/24
f 63/25/25 17/26/26 86/28/28
f 86/28/28 17/26/26 40/27/27
f 18/30/30 41/31/31 17/29/29
f 17/29/29 41/31/31 40/32/32
f 87/34/34 64/35/35 86/33/33
f 86/33/33 64/35/35 63/36/36
f 64/38/38 18/39/39 63/37/37
f 63/37/37 18/39/39 17/40/40
f 64/42/42 87/43/43 18/41/41
f 18/41/41 87/43/43 41/44/44
f 67/45/45 21/46/46 90/48/48
f 90/48/48 21/46/46 44/47/47
f 44/53/53 21/49/49 45/52/52
f 45/52/52 21/49/49 22/50/50
f 45/52/52 22/50/50 46/51/51
f 91/54/54 45/55/55 92/57/57
f 92/57/57 45/55/55 46/56/56
f 90/58/58 91/59/59 67/62/62
f 67/62/62 91/59/59 68/61/61
f 68/61/61 91/59/59 92/60/60
f 68/64/64 22/65/65 67/63/63
f 67/63/63 22/65/65 21/66/66
f 68/68/68 92/69/69 22/67/67
f 22/67/67 92/69/69 46/70/70
f 47/71/71 1/72/72 69/74/74
f 69/74/74 1/72/72 23/73/73
f 23/79/79 1/75/75 24/78/78
f 24/78/78 1/75/75 2/76/76
f 24/78/78 2/76/76 25/77/77
f 24/80/80 70/81/81 23/83/83
f 23/83/83 70/81/81 69/82/82
f 69/84/84 70/85/85 47/88/88
f 47/88/88 70/85/85 48/87/87
f 48/87/87 70/85/85 71/86/86
f 48/90/90 2/91/91 47/89/89
f 47/89/89 2/91/91 1/92/92
f 48/94/94 71/95/95 2/93/93
f 2/93/93 71/95/95 25/96/96
f 49/97/97 3/98/98 72/100/100
f 72/100/100 3/98/98 26/99/99
f 4/102/102 27/103/103 3/101/101
f 3/101/101 27/103/103 26/104/104
f 73/106/106 50/107/107 72/105/105
f 72/105/105 50/107/107 49/108/108
f 50/110/110 4/111/111 49/109/109
f 49/109/109 4/111/111 3/112/112
f 50/114/114 73/115/115 4/113/113
f 4/113/113 73/115/115 27/116/116
f 51/117/117 5/118/118 74/120/120
f 74/120/120 5/118/118 28/119/119
f 6/122/122 29/123/123 5/121/121
f 5/121/121 29/123/123 28/124/124
f 75/126/126 52/127/127 74/125/125
f 74/125/125 52/127/127 51/128/128
f 52/130/130 6/131/131 51/129/129
f 51/129/129 6/131/131 5/132/132
f 52/134/134 75/135/135 6/133/133
f 6/133/133 75/135/135 29/136/136
f 53/137/137 7/138/138 76/140/140
f 76/140/140 7/138/138 30/139/139
f 8/142/142 31/143/143 7/141/141
f 7/141/141 31/143/143 30/144/144
f 77/146/146 54/147/147 76/145/145
f 76/145/145 54/147/147 53/148/148
f 54/150/150 8/151/151 53/149/149
f 53/149/149 8/151/151 7/152/152
f 54/154/154 77/155/155 8/153/153
f 8/153/153 77/155/155 31/156/156
f 55/157/157 9/158/158 78/160/160
f 78/160/160 9/158/158 32/159/159
f 10/162/162 33/163/163 9/161/161
f 9/161/161 33/163/163 32/164/164
f 79/166/166 56/167/167 78/165/165
f 78/165/165 56/167/167 55/168/168
f 56/170/170 10/171/171 55/169/169
f 55/169/169 10/171/171 9/172/172
f 56/174/174 79/175/175 10/173/173
f 10/173/173 79/175/175 33/176/176
f 65/177/177 19/178/178 88/180/180
f 88/180/180 19/178/178 42/179/179
f 20/182/182 43/183/183 19/181/181
f 19/181/181 43/183/183 42/184/184
f 89/186/186 66/187/187 88/185/185
f 88/185/185 66/187/187 65/188/188
f 66/190/190 20/191/191 65/189/189
f 65/189/189 20/191/191 19/192/192
f 66/194/194 89/195/195 20/193/193
f 20/193/193 89/195/195 43/196/196
f 61/197/197 15/198/198 84/200/200
f 84/200/200 15/198/198 38/199/199
f 16/202/202 39/203/203 15/201/201
f 15/201/201 39/203/203 38/204/204
f 85/206/206 62/207/207 84/205/205
f 84/205/205 62/207/207 61/208/208
f 62/210/210 16/211/211 61/209/209
f 61/209/209 16/211/211 15/212/212
f 62/214/214 85/215/215 16/213/213
f 16/213/213 85/215/215 39/216/216
f 33/217/217 79/218/218 34/220/220
f 34/220/220 79/218/218 80/219/219
f 31/221/221 77/222/222 32/224/224
f 32/224/224 77/222/222 78/223/223
f 27/225/225 73/226/226 28/228/228
f 28/228/228 73/226/226 74/227/227
f 29/229/229 75/230/230 30/232/232
f 30/232/232 75/230/230 76/231/231
f 90/233/233 44/234/234 89/236/236
f 89/236/236 44/234/234 43/235/235
f 86/237/237 40/238/238 85/240/240
f 85/240/240 40/238/238 39/239/239
f 41/241/241 87/242/242 42/244/244
f 42/244/244 87/242/242 88/243/243
f 82/245/245 36/246/246 81/248/248
f 81/248/248 36/246/246 35/247/247
f 37/249/249 83/250/250 38/252/252
f 38/252/252 83/250/250 84/251/251
f 57/253/253 11/254/254 80/256/256
f 80/256/256 11/254/254 34/255/255
f 12/258/258 35/259/259 11/257/257
f 11/257/257 35/259/259 34/260/260
f 58/261/261 12/262/262 57/264/264
f 57/264/264 12/262/262 11/263/263
f 35/266/266 12/267/267 81/265/265
f 81/265/265 12/267/267 58/268/268
f 25/269/269 71/270/270 26/272/272
f 26/272/272 71/270/270 72/271/271
f 95/279/279 93/273/273 97/278/278
f 97/278/278 93/273/273 70/274/274
f 97/278/278 70/274/274 99/277/277
f 99/277/277 70/274/274 24/275/275
f 99/277/277 24/275/275 101/276/276
f 24/280/280 25/281/281 101/303/303
f 101/303/303 25/281/281 26/282/282
f 101/303/303 26/282/282 27/283/283
f 27/283/283 28/284/284 101/303/303
f 101/303/303 28/284/284 29/285/285
f 101/303/303 29/285/285 30/286/286
f 30/286/286 31/287/287 101/303/303
f 101/303/303 31/287/287 32/288/288
f 101/303/303 32/288/288 33/289/289
f 33/289/289 34/290/290 101/303/303
f 101/303/303 34/290/290 35/291/291
f 101/303/303 35/291/291 102/302/302
f 102/302/302 35/291/291 36/292/292
f 102/302/302 36/292/292 37/293/293
f 37/293/293 38/294/294 102/302/302
f 102/302/302 38/294/294 39/295/295
f 102/302/302 39/295/295 40/296/296
f 40/296/296 41/297/297 102/302/302
f 102/302/302 41/297/297 42/298/298
f 102/302/302 42/298/298 43/299/299
f 43/299/299 44/300/300 102/302/302
f 102/302/302 44/300/300 45/301/301
f 101/304/304 102/305/305 99/313/313
f 99/313/313 102/305/305 100/306/306
f 99/313/313 100/306/306 97/312/312
f 97/312/312 100/306/306 98/307/307
f 97/312/312 98/307/307 95/311/311
f 95/311/311 98/307/307 96/308/308
f 95/311/311 96/308/308 93/310/310
f 93/310/310 96/308/308 94/309/309
f 94/315/315 81/326/326 93/314/314
f 93/314/314 81/326/326 80/327/327
f 93/314/314 80/327/327 79/328/328
f 91/316/316 90/317/317 94/315/315
f 94/315/315 90/317/317 89/318/318
f 94/315/315 89/318/318 88/319/319
f 88/319/319 87/320/320 94/315/315
f 94/315/315 87/320/320 86/321/321
f 94/315/315 86/321/321 85/322/322
f 85/322/322 84/323/323 94/315/315
f 94/315/315 84/323/323 83/324/324
f 94/315/315 83/324/324 82/325/325
f 82/325/325 81/326/326 94/315/315
f 79/328/328 78/329/329 93/314/314
f 93/314/314 78/329/329 77/330/330
f 93/314/314 77/330/330 76/331/331
f 76/331/331 75/332/332 93/314/314
f 93/314/314 75/332/332 74/333/333
f 93/314/314 74/333/333 73/334/334
f 73/334/334 72/335/335 93/314/314
f 93/314/314 72/335/335 71/336/336
f 93/314/314 71/336/336 70/337/337
f 94/339/339 98/341/341 91/338/338
f 91/338/338 98/341/341 100/342/342
f 91/338/338 100/342/342 45/344/344
f 45/344/344 100/342/342 102/343/343
f 94/339/339 96/340/340 98/341/341
g Solid1:1

v 34.571690 66.925013 -24.011849
v 34.571690 66.925013 73.988151
v 37.171181 70.925014 -24.011849
v 37.171181 70.925014 73.988151
v 53.171181 25.076156 -24.011849
v 53.171181 25.076156 73.988151
v 57.171182 25.925013 -24.011849
v 57.171182 25.925013 73.988151
vt 22.098644 58.228050 0.000000
vt -28.701355 -56.071949 0.000000
vt -18.541355 -58.228050 0.000000
vt 28.701355 48.068050 0.000000
vt 10.386258 -124.459999 0.000000
vt 10.386258 124.459999 0.000000
vt 0.000000 124.459999 0.000000
vt 0.000000 -124.459999 0.000000
vt 116.321686 -124.459999 0.000000
vt 116.321686 124.459999 0.000000
vt 0.000000 124.459999 0.000000
vt 0.000000 -124.459999 0.000000
vt 12.116987 -124.459999 0.000000
vt 12.116987 124.459999 0.000000
vt 0.000000 124.459999 0.000000
vt 0.000000 -124.459999 0.000000
vt 125.080498 -124.459999 0.000000
vt 125.080498 124.459999 0.000000
vt 0.000000 124.459999 0.000000
vt 0.000000 -124.459999 0.000000
vt 28.701355 -56.071949 0.000000
vt -22.098644 58.228050 0.000000
vt -28.701355 48.068050 0.000000
vt 18.541355 -58.228050 0.000000
vn 0.000000 0.000000 -2.540000
vn 0.000000 0.000000 -2.540000
vn 0.000000 0.000000 -2.540000
vn 0.000000 0.000000 -2.540000
vn 0.527282 -2.484668 -0.000000
vn 0.527282 -2.484668 -0.000000
vn 0.527282 -2.484668 -0.000000
vn 0.527282 -2.484668 -0.000000
vn -2.321081 -1.031592 -0.000000
vn -2.321081 -1.031592 -0.000000
vn -2.321081 -1.031592 -0.000000
vn -2.321081 -1.031592 -0.000000
vn -2.129770 1.384080 0.000000
vn -2.129770 1.384080 0.000000
vn -2.129770 1.384080 0.000000
vn -2.129770 1.384080 0.000000
vn 2.321081 1.031592 0.000000
vn 2.321081 1.031592 0.000000
vn 2.321081 1.031592 0.000000
vn 2.321081 1.031592 0.000000
vn -0.000000 -0.000000 2.540000
vn -0.000000 -0.000000 2.540000
vn -0.000000 -0.000000 2.540000
vn -0.000000 -0.000000 2.540000
f 109/346/346 107/347/347 105/345/345
f 105/345/345 107/347/347 103/348/348
f 110/350/350 108/351/351 109/349/349
f 109/349/349 108/351/351 107/352/352
f 108/354/354 104/355/355 107/353/353
f 107/353/353 104/355/355 103/356/356
f 104/358/358 106/359/359 103/357/357
f 103/357/357 106/359/359 105/360/360
f 106/362/362 110/363/363 105/361/361
f 105/361/361 110/363/363 109/364/364
f 110/365/365 106/366/366 108/368/368
f 108/368/368 106/366/366 104/367/367
g Solid1:2

v -34.828820 -0.074986 73.988151
v -34.828820 -0.074986 77.988151
v -32.828820 -4.074986 73.988151
v -32.828820 -4.074986 77.988151
v 7.171179 70.925014 73.988151
v 7.171179 70.925014 77.988151
v 37.171181 70.925014 73.988151
v 37.171181 70.925014 77.988151
v 42.171180 -4.074986 73.988151
v 42.171180 -4.074986 77.988151
v 44.775903 -3.847102 73.988151
v 44.775903 -3.847102 77.988151
v 47.301479 -3.170375 73.988151
v 47.301479 -3.170375 77.988151
v 49.671181 -2.065367 73.988151
v 49.671181 -2.065367 77.988151
v 51.812992 -0.565652 73.988151
v 51.812992 -0.565652 77.988151
v 53.661847 1.283200 73.988151
v 53.661847 1.283200 77.988151
v 55.161564 3.425014 73.988151
v 55.161564 3.425014 77.988151
v 56.266570 5.794712 73.988151
v 56.266570 5.794712 77.988151
v 56.943298 8.320292 73.988151
v 56.943298 8.320292 77.988151
v 57.171182 10.925014 73.988151
v 57.171182 10.925014 77.988151
v 57.171182 25.925013 73.988151
v 57.171182 25.925013 77.988151
vt -116.839996 -57.150002 0.000000
vt -116.261177 -63.765995 0.000000
vt -114.542290 -70.180969 0.000000
vt -111.735565 -76.199997 0.000000
vt -107.926292 -81.640205 0.000000
vt -103.230209 -86.336296 0.000000
vt -97.790001 -90.145569 0.000000
vt -91.770966 -92.952286 0.000000
vt -85.355995 -94.671173 0.000000
vt -78.739998 -95.250000 0.000000
vt 111.760002 -95.250000 0.000000
vt 116.839996 -85.089996 0.000000
vt 10.160000 95.250000 0.000000
vt -66.040001 95.250000 0.000000
vt -116.839996 -19.049999 0.000000
vt 190.500000 -5.080000 0.000000
vt 190.500000 5.080000 0.000000
vt 0.000000 5.080000 0.000000
vt 0.000000 -5.080000 0.000000
vt 11.359225 -5.080000 0.000000
vt 11.359225 5.080000 0.000000
vt 0.000000 5.080000 0.000000
vt 0.000000 -5.080000 0.000000
vt 209.530762 -5.080000 0.000000
vt 209.530762 5.080000 0.000000
vt 0.000000 5.080000 0.000000
vt 0.000000 -5.080000 0.000000
vt 76.199997 -5.080000 0.000000
vt 76.199997 5.080000 0.000000
vt 0.000000 5.080000 0.000000
vt 0.000000 -5.080000 0.000000
vt 125.080498 -5.080000 0.000000
vt 125.080498 5.080000 0.000000
vt 0.000000 5.080000 0.000000
vt 0.000000 -5.080000 0.000000
vt 38.099998 -5.080000 0.000000
vt 38.099998 5.080000 0.000000
vt 0.000000 5.080000 0.000000
vt 0.000000 -5.080000 0.000000
vt 5.080000 59.847340 0.000000
vt -5.080000 59.847340 0.000000
vt -5.080000 53.197632 0.000000
vt -5.080000 46.547928 0.000000
vt -5.080000 39.898228 0.000000
vt -5.080000 33.248520 0.000000
vt -5.080000 26.598816 0.000000
vt -5.080000 19.949114 0.000000
vt -5.080000 13.299408 0.000000
vt -5.080000 6.649704 0.000000
vt -5.080000 0.000000 0.000000
vt 5.080000 0.000000 0.000000
vt 5.080000 6.649704 0.000000
vt 5.080000 13.299408 0.000000
vt 5.080000 19.949114 0.000000
vt 5.080000 26.598816 0.000000
vt 5.080000 33.248520 0.000000
vt 5.080000 39.898228 0.000000
vt 5.080000 46.547928 0.000000
vt 5.080000 53.197632 0.000000
vt 78.739998 -95.250000 0.000000
vt 85.355995 -94.671173 0.000000
vt 91.770966 -92.952286 0.000000
vt 97.790001 -90.145569 0.000000
vt 103.230209 -86.336296 0.000000
vt 107.926292 -81.640205 0.000000
vt 111.735565 -76.199997 0.000000
vt 114.542290 -70.180969 0.000000
vt 116.261177 -63.765995 0.000000
vt 116.839996 -57.150002 0.000000
vt 116.839996 -19.049999 0.000000
vt 66.040001 95.250000 0.000000
vt -10.160000 95.250000 0.000000
vt -116.839996 -85.089996 0.000000
vt -111.760002 -95.250000 0.000000
vn -0.000000 0.000000 -2.540000
vn -0.000000 0.000000 -2.540000
vn -0.000000 0.000000 -2.540000
vn -0.000000 0.000000 -2.540000
vn -0.000000 0.000000 -2.540000
vn -0.000000 0.000000 -2.540000
vn -0.000000 0.000000 -2.540000
vn -0.000000 0.000000 -2.540000
vn -0.000000 0.000000 -2.540000
vn -0.000000 0.000000 -2.540000
vn -0.000000 0.000000 -2.540000
vn -0.000000 0.000000 -2.540000
vn -0.000000 0.000000 -2.540000
vn -0.000000 0.000000 -2.540000
vn -0.000000 0.000000 -2.540000
vn -0.000000 -2.540000 -0.000000
vn -0.000000 -2.540000 -0.000000
vn -0.000000 -2.540000 -0.000000
vn -0.000000 -2.540000 -0.000000
vn -2.271845 -1.135923 -0.000000
vn -2.271845 -1.135923 -0.000000
vn -2.271845 -1.135923 -0.000000
vn -2.271845 -1.135923 -0.000000
vn -2.186140 1.293210 0.000000
vn -2.186140 1.293210 0.000000
vn -2.186140 1.293210 0.000000
vn -2.186140 1.293210 0.000000
vn 0.000000 2.540000 0.000000
vn 0.000000 2.540000 0.000000
vn 0.000000 2.540000 0.000000
vn 0.000000 2.540000 0.000000
vn 2.321081 1.031592 0.000000
vn 2.321081 1.031592 0.000000
vn 2.321081 1.031592 0.000000
vn 2.321081 1.031592 0.000000
vn 2.540000 -0.000000 -0.000000
vn 2.540000 -0.000000 -0.000000
vn 2.540000 -0.000000 -0.000000
vn 2.540000 -0.000000 -0.000000
vn 2.540000 -0.000000 -0.000000
vn 2.540000 -0.000000 -0.000000
vn 2.501412 -0.441066 -0.000000
vn 2.386819 -0.868731 -0.000000
vn 2.199704 -1.270000 -0.000000
vn 1.945753 -1.632681 -0.000000
vn 1.632681 -1.945753 -0.000000
vn 1.270000 -2.199704 -0.000000
vn 0.868731 -2.386819 -0.000000
vn 0.441066 -2.501412 -0.000000
vn -0.000000 -2.540000 -0.000000
vn -0.000000 -2.540000 -0.000000
vn 0.441066 -2.501412 -0.000000
vn 0.868731 -2.386819 -0.000000
vn 1.270000 -2.199704 -0.000000
vn 1.632681 -1.945753 -0.000000
vn 1.945753 -1.632681 -0.000000
vn 2.199704 -1.270000 -0.000000
vn 2.386819 -0.868731 -0.000000
vn 2.501412 -0.441066 -0.000000
vn 0.000000 -0.000000 2.540000
vn 0.000000 -0.000000 2.540000
vn 0.000000 -0.000000 2.540000
vn 0.000000 -0.000000 2.540000
vn 0.000000 -0.000000 2.540000
vn 0.000000 -0.000000 2.540000
vn 0.000000 -0.000000 2.540000
vn 0.000000 -0.000000 2.540000
vn 0.000000 -0.000000 2.540000
vn 0.000000 -0.000000 2.540000
vn 0.000000 -0.000000 2.540000
vn 0.000000 -0.000000 2.540000
vn 0.000000 -0.000000 2.540000
vn 0.000000 -0.000000 2.540000
vn 0.000000 -0.000000 2.540000
f 139/383/383 137/369/369 119/378/378
f 119/378/378 137/369/369 135/370/370
f 119/378/378 135/370/370 133/371/371
f 133/371/371 131/372/372 119/378/378
f 119/378/378 131/372/372 129/373/373
f 119/378/378 129/373/373 127/374/374
f 127/374/374 125/375/375 119/378/378
f 119/378/378 125/375/375 123/376/376
f 119/378/378 123/376/376 121/377/377
f 113/379/379 111/380/380 119/378/378
f 119/378/378 111/380/380 139/383/383
f 111/380/380 115/381/381 139/383/383
f 139/383/383 115/381/381 117/382/382
f 120/385/385 114/386/386 119/384/384
f 119/384/384 114/386/386 113/387/387
f 114/389/389 112/390/390 113/388/388
f 113/388/388 112/390/390 111/391/391
f 112/393/393 116/394/394 111/392/392
f 111/392/392 116/394/394 115/395/395
f 116/397/397 118/398/398 115/396/396
f 115/396/396 118/398/398 117/399/399
f 118/401/401 140/402/402 117/400/400
f 117/400/400 140/402/402 139/403/403
f 140/405/405 138/406/406 139/404/404
f 139/404/404 138/406/406 137/407/407
f 137/408/408 138/409/409 135/427/427
f 135/427/427 138/409/409 136/410/410
f 135/427/427 136/410/410 133/426/426
f 133/426/426 136/410/410 134/411/411
f 133/426/426 134/411/411 131/425/425
f 131/425/425 134/411/411 132/412/412
f 131/425/425 132/412/412 129/424/424
f 129/424/424 132/412/412 130/413/413
f 129/424/424 130/413/413 127/423/423
f 127/423/423 130/413/413 128/414/414
f 127/423/423 128/414/414 125/422/422
f 125/422/422 128/414/414 126/415/415
f 125/422/422 126/415/415 123/421/421
f 123/421/421 126/415/415 124/416/416
f 123/421/421 124/416/416 121/420/420
f 121/420/420 124/416/416 122/417/417
f 121/420/420 122/417/417 119/419/419
f 119/419/419 122/417/417 120/418/418
f 122/429/429 124/430/430 120/428/428
f 120/428/428 124/430/430 126/431/431
f 120/428/428 126/431/431 128/432/432
f 128/432/432 130/433/433 120/428/428
f 120/428/428 130/433/433 132/434/434
f 120/428/428 132/434/434 134/435/435
f 134/435/435 136/436/436 120/428/428
f 120/428/428 136/436/436 138/437/437
f 120/428/428 138/437/437 140/438/438
f 118/439/439 116/440/440 140/438/438
f 140/438/438 116/440/440 112/441/441
f 140/438/438 112/441/441 120/428/428
f 120/428/428 112/441/441 114/442/442
g Solid1:3

v 4.804983 66.925013 -24.011849
v 4.804983 66.925013 73.988151
v 7.171179 70.925014 -24.011849
v 7.171179 70.925014 73.988151
v 34.571690 66.925013 -24.011849
v 34.571690 66.925013 73.988151
v 37.171181 70.925014 -24.011849
v 37.171181 70.925014 73.988151
vt 41.105072 -5.080000 0.000000
vt 35.094929 5.080000 0.000000
vt -41.105072 5.080000 0.000000
vt -34.502361 -5.080000 0.000000
vt 76.199997 -124.459999 0.000000
vt 76.199997 124.459999 0.000000
vt 0.000000 124.459999 0.000000
vt 0.000000 -124.459999 0.000000
vt 12.116987 -124.459999 0.000000
vt 12.116987 124.459999 0.000000
vt 0.000000 124.459999 0.000000
vt 0.000000 -124.459999 0.000000
vt 75.607430 -124.459999 0.000000
vt 75.607430 124.459999 0.000000
vt 0.000000 124.459999 0.000000
vt 0.000000 -124.459999 0.000000
vt 11.804549 -124.459999 0.000000
vt 11.804549 124.459999 0.000000
vt 0.000000 124.459999 0.000000
vt 0.000000 -124.459999 0.000000
vt -35.094929 5.080000 0.000000
vt -41.105072 -5.080000 0.000000
vt 34.502361 -5.080000 0.000000
vt 41.105072 5.080000 0.000000
vn 0.000000 0.000000 -2.540000
vn 0.000000 0.000000 -2.540000
vn 0.000000 0.000000 -2.540000
vn 0.000000 0.000000 -2.540000
vn 0.000000 2.540000 0.000000
vn 0.000000 2.540000 0.000000
vn 0.000000 2.540000 0.000000
vn 0.000000 2.540000 0.000000
vn 2.129770 -1.384080 -0.000000
vn 2.129770 -1.384080 -0.000000
vn 2.129770 -1.384080 -0.000000
vn 2.129770 -1.384080 -0.000000
vn -0.000000 -2.540000 -0.000000
vn -0.000000 -2.540000 -0.000000
vn -0.000000 -2.540000 -0.000000
vn -0.000000 -2.540000 -0.000000
vn -2.186140 1.293210 -0.000000
vn -2.186140 1.293210 -0.000000
vn -2.186140 1.293210 -0.000000
vn -2.186140 1.293210 -0.000000
vn -0.000000 -0.000000 2.540000
vn -0.000000 -0.000000 2.540000
vn -0.000000 -0.000000 2.540000
vn -0.000000 -0.000000 2.540000
f 141/443/443 143/444/444 145/446/446
f 145/446/446 143/444/444 147/445/445
f 144/448/448 148/449/449 143/447/447
f 143/447/447 148/449/449 147/450/450
f 148/452/452 146/453/453 147/451/451
f 147/451/451 146/453/453 145/454/454
f 146/456/456 142/457/457 145/455/455
f 145/455/455 142/457/457 141/458/458
f 142/460/460 144/461/461 141/459/459
f 141/459/459 144/461/461 143/462/462
f 142/464/464 146/465/465 144/463/463
f 144/463/463 146/465/465 148/466/466
g Solid2

v 0.171952 84.029058 39.988151
v 0.171952 84.029058 44.988151
v 0.283806 82.674372 39.988151
v 0.283806 82.674372 44.988151
v 0.324026 85.379821 39.988151
v 0.324026 85.379821 44.988151
v 0.655370 81.366850 39.988151
v 0.655370 81.366850 44.988151
v 0.734289 86.675725 39.988151
v 0.734289 86.675725 44.988151
v 1.272630 80.155783 39.988151
v 1.272630 80.155783 44.988151
v 1.387272 87.867911 39.988151
v 1.387272 87.867911 44.988151
v 2.258357 88.911414 39.988151
v 2.258357 88.911414 44.988151
v 3.314691 89.766892 39.988151
v 3.314691 89.766892 44.988151
v 3.671179 83.925016 39.988151
v 3.671179 83.925016 44.988151
v 3.812954 82.938950 39.988151
v 3.812954 82.938950 44.988151
v 3.812954 84.911076 39.988151
v 3.812954 84.911076 44.988151
v 4.226792 82.032770 39.988151
v 4.226792 82.032770 44.988151
v 4.226792 85.817256 39.988151
v 4.226792 85.817256 44.988151
v 4.516447 90.402084 39.988151
v 4.516447 90.402084 44.988151
v 4.879168 81.279893 39.988151
v 4.879168 81.279893 44.988151
v 4.879168 86.570139 39.988151
v 4.879168 86.570139 44.988151
v 5.717227 80.741300 39.988151
v 5.717227 80.741300 44.988151
v 5.717227 87.108726 39.988151
v 5.717227 87.108726 44.988151
v 5.818307 90.793039 39.988151
v 5.818307 90.793039 44.988151
v 6.673079 80.460640 39.988151
v 6.673079 80.460640 44.988151
v 6.673079 87.389392 39.988151
v 6.673079 87.389392 44.988151
v 7.171179 70.925014 39.988151
v 7.171179 70.925014 44.988151
v 7.171179 90.925016 39.988151
v 7.171179 90.925016 44.988151
v 7.669283 80.460640 39.988151
v 7.669283 80.460640 44.988151
v 7.669283 87.389392 39.988151
v 7.669283 87.389392 44.988151
v 8.625132 80.741300 39.988151
v 8.625132 80.741300 44.988151
v 8.625132 87.108726 39.988151
v 8.625132 87.108726 44.988151
v 9.463193 81.279893 39.988151
v 9.463193 81.279893 44.988151
v 9.463193 86.570139 39.988151
v 9.463193 86.570139 44.988151
v 10.115567 82.032770 39.988151
v 10.115567 82.032770 44.988151
v 10.115567 85.817256 39.988151
v 10.115567 85.817256 44.988151
v 10.529404 82.938950 39.988151
v 10.529404 82.938950 44.988151
v 10.529404 84.911076 39.988151
v 10.529404 84.911076 44.988151
v 10.671179 83.925016 39.988151
v 10.671179 83.925016 44.988151
v 37.171181 70.925014 39.988151
v 37.171181 70.925014 44.988151
v 40.671181 83.925016 39.988151
v 40.671181 83.925016 44.988151
v 40.812955 82.938950 39.988151
v 40.812955 82.938950 44.988151
v 40.812955 84.911076 39.988151
v 40.812955 84.911076 44.988151
v 41.226793 82.032770 39.988151
v 41.226793 82.032770 44.988151
v 41.226793 85.817256 39.988151
v 41.226793 85.817256 44.988151
v 41.879166 81.279893 39.988151
v 41.879166 81.279893 44.988151
v 41.879166 86.570139 39.988151
v 41.879166 86.570139 44.988151
v 42.717228 80.741300 39.988151
v 42.717228 80.741300 44.988151
v 42.717228 87.108726 39.988151
v 42.717228 87.108726 44.988151
v 43.673077 80.460640 39.988151
v 43.673077 80.460640 44.988151
v 43.673077 87.389392 39.988151
v 43.673077 87.389392 44.988151
v 44.171181 90.925016 39.988151
v 44.171181 90.925016 44.988151
v 44.669284 80.460640 39.988151
v 44.669284 80.460640 44.988151
v 44.669284 87.389392 39.988151
v 44.669284 87.389392 44.988151
v 45.536812 90.790510 39.988151
v 45.536812 90.790510 44.988151
v 45.625133 80.741300 39.988151
v 45.625133 80.741300 44.988151
v 45.625133 87.108726 39.988151
v 45.625133 87.108726 44.988151
v 46.463195 81.279893 39.988151
v 46.463195 81.279893 44.988151
v 46.463195 86.570139 39.988151
v 46.463195 86.570139 44.988151
v 46.849963 90.392171 39.988151
v 46.849963 90.392171 44.988151
v 47.115568 82.032770 39.988151
v 47.115568 82.032770 44.988151
v 47.115568 85.817256 39.988151
v 47.115568 85.817256 44.988151
v 47.529406 82.938950 39.988151
v 47.529406 82.938950 44.988151
v 47.529406 84.911076 39.988151
v 47.529406 84.911076 44.988151
v 47.671180 83.925016 39.988151
v 47.671180 83.925016 44.988151
v 48.060171 89.745301 39.988151
v 48.060171 89.745301 44.988151
v 49.120927 88.874763 39.988151
v 49.120927 88.874763 44.988151
v 49.991465 87.814007 39.988151
v 49.991465 87.814007 44.988151
v 50.638336 86.603799 39.988151
v 50.638336 86.603799 44.988151
v 51.036674 85.290648 39.988151
v 51.036674 85.290648 44.988151
v 51.171180 39.425014 39.988151
v 51.171180 39.425014 44.988151
v 51.171180 83.925016 39.988151
v 51.171180 83.925016 44.988151
vt 12.700001 -27.928761 0.000000
vt 12.700001 -25.389782 0.000000
vt 12.700001 -22.850803 0.000000
vt 12.700001 -20.311825 0.000000
vt 12.700001 -17.772848 0.000000
vt 12.700001 -15.233869 0.000000
vt 12.700001 -12.694891 0.000000
vt 12.700001 -10.155912 0.000000
vt 12.700001 -7.616934 0.000000
vt 12.700001 -5.077956 0.000000
vt 12.700001 -2.538978 0.000000
vt 12.700001 0.000000 0.000000
vt 12.700001 2.538978 0.000000
vt 12.700001 5.077956 0.000000
vt 12.700001 7.616934 0.000000
vt 12.700001 10.155912 0.000000
vt 12.700001 12.694891 0.000000
vt 12.700001 15.233869 0.000000
vt 12.700001 17.772848 0.000000
vt 12.700001 20.311825 0.000000
vt 12.700001 22.850803 0.000000
vt 12.700001 25.389782 0.000000
vt 0.000000 27.928761 0.000000
vt 0.000000 25.389782 0.000000
vt 0.000000 22.850803 0.000000
vt 0.000000 20.311825 0.000000
vt 0.000000 17.772848 0.000000
vt 0.000000 15.233869 0.000000
vt 0.000000 12.694891 0.000000
vt 0.000000 10.155912 0.000000
vt 0.000000 7.616934 0.000000
vt 0.000000 5.077956 0.000000
vt 0.000000 2.538978 0.000000
vt 0.000000 0.000000 0.000000
vt 0.000000 -2.538978 0.000000
vt 0.000000 -5.077956 0.000000
vt 0.000000 -7.616934 0.000000
vt 0.000000 -10.155912 0.000000
vt 0.000000 -12.694891 0.000000
vt 0.000000 -15.233869 0.000000
vt 0.000000 -17.772848 0.000000
vt 0.000000 -20.311825 0.000000
vt 0.000000 -22.850803 0.000000
vt 0.000000 -25.389782 0.000000
vt 0.000000 -27.928761 0.000000
vt 12.700001 27.928761 0.000000
vt 12.700001 -27.928761 0.000000
vt 12.700001 -25.389782 0.000000
vt 12.700001 -22.850803 0.000000
vt 12.700001 -20.311825 0.000000
vt 12.700001 -17.772848 0.000000
vt 12.700001 -15.233869 0.000000
vt 12.700001 -12.694891 0.000000
vt 12.700001 -10.155912 0.000000
vt 12.700001 -7.616934 0.000000
vt 12.700001 -5.077956 0.000000
vt 12.700001 -2.538978 0.000000
vt 12.700001 0.000000 0.000000
vt 12.700001 2.538978 0.000000
vt 12.700001 5.077956 0.000000
vt 12.700001 7.616934 0.000000
vt 12.700001 10.155912 0.000000
vt 12.700001 12.694891 0.000000
vt 12.700001 15.233869 0.000000
vt 12.700001 17.772848 0.000000
vt 12.700001 20.311825 0.000000
vt 12.700001 22.850803 0.000000
vt 12.700001 25.389782 0.000000
vt 0.000000 27.928761 0.000000
vt 0.000000 25.389782 0.000000
vt 0.000000 22.850803 0.000000
vt 0.000000 20.311825 0.000000
vt 0.000000 17.772848 0.000000
vt 0.000000 15.233869 0.000000
vt 0.000000 12.694891 0.000000
vt 0.000000 10.155912 0.000000
vt 0.000000 7.616934 0.000000
vt 0.000000 5.077956 0.000000
vt 0.000000 2.538978 0.000000
vt 0.000000 0.000000 0.000000
vt 0.000000 -2.538978 0.000000
vt 0.000000 -5.077956 0.000000
vt 0.000000 -7.616934 0.000000
vt 0.000000 -10.155912 0.000000
vt 0.000000 -12.694891 0.000000
vt 0.000000 -15.233869 0.000000
vt 0.000000 -17.772848 0.000000
vt 0.000000 -20.311825 0.000000
vt 0.000000 -22.850803 0.000000
vt 0.000000 -25.389782 0.000000
vt 0.000000 -27.928761 0.000000
vt 12.700001 27.928761 0.000000
vt 0.000000 0.000000 0.000000
vt 76.199997 0.000000 0.000000
vt 76.199997 12.700000 0.000000
vt 0.000000 12.700000 0.000000
vt 0.000000 0.000000 0.000000
vt 27.824306 0.000000 0.000000
vt 27.824306 12.700000 0.000000
vt 0.000000 12.700000 0.000000
vt -0.000000 0.000000 0.000000
vt -0.000000 3.458059 0.000000
vt -0.000000 6.916118 0.000000
vt -0.000000 10.374177 0.000000
vt -0.000000 13.832236 0.000000
vt -0.000000 17.290295 0.000000
vt -0.000000 20.748354 0.000000
vt -0.000000 24.206413 0.000000
vt -0.000000 27.664473 0.000000
vt -0.000000 31.122532 0.000000
vt -0.000000 34.580589 0.000000
vt -0.000000 38.038651 0.000000
vt -12.700001 38.038651 0.000000
vt -12.700001 34.580589 0.000000
vt -12.700001 31.122532 0.000000
vt -12.700001 27.664473 0.000000
vt -12.700001 24.206413 0.000000
vt -12.700001 20.748354 0.000000
vt -12.700001 17.290295 0.000000
vt -12.700001 13.832236 0.000000
vt -12.700001 10.374177 0.000000
vt -12.700001 6.916118 0.000000
vt -12.700001 3.458059 0.000000
vt -12.700001 0.000000 0.000000
vt 0.000000 0.000000 0.000000
vt 93.980003 0.000000 0.000000
vt 93.980003 12.700000 0.000000
vt 0.000000 12.700000 0.000000
vt -0.000000 0.000000 0.000000
vt -0.000000 3.491095 0.000000
vt -0.000000 6.982190 0.000000
vt -0.000000 10.473285 0.000000
vt -0.000000 13.964380 0.000000
vt -0.000000 17.455475 0.000000
vt -0.000000 20.946569 0.000000
vt -0.000000 24.437664 0.000000
vt -0.000000 27.928761 0.000000
vt -12.700001 27.928761 0.000000
vt -12.700001 24.437664 0.000000
vt -12.700001 20.946569 0.000000
vt -12.700001 17.455475 0.000000
vt -12.700001 13.964380 0.000000
vt -12.700001 10.473285 0.000000
vt -12.700001 6.982190 0.000000
vt -12.700001 3.491095 0.000000
vt -12.700001 0.000000 0.000000
vt 0.000000 0.000000 0.000000
vt 113.029999 0.000000 0.000000
vt 113.029999 12.700000 0.000000
vt 0.000000 12.700000 0.000000
vt 0.000000 0.000000 0.000000
vt 87.556343 0.000000 0.000000
vt 87.556343 12.700000 0.000000
vt 0.000000 12.700000 0.000000
vt 29.209999 14.605000 0.000000
vt 64.769997 -65.404999 0.000000
vt 64.769997 47.625000 0.000000
vt 64.428360 51.093704 0.000000
vt 63.416576 54.429111 0.000000
vt 61.773529 57.503040 0.000000
vt 59.562359 60.197357 0.000000
vt 56.868038 62.408531 0.000000
vt 53.794113 64.051575 0.000000
vt 50.458706 65.063362 0.000000
vt 46.990002 65.404999 0.000000
vt -46.990002 65.404999 0.000000
vt -50.426300 65.069778 0.000000
vt -53.733021 64.076752 0.000000
vt -56.785480 62.463360 0.000000
vt -59.468575 60.290451 0.000000
vt -61.681126 57.639950 0.000000
vt -63.339706 54.611813 0.000000
vt -64.381775 51.320213 0.000000
vt -64.768036 47.889275 0.000000
vt -64.483925 44.448376 0.000000
vt -63.540157 41.127254 0.000000
vt -61.972317 38.051155 0.000000
vt -46.990002 14.605000 0.000000
vt -38.099998 47.625000 0.000000
vt -38.460106 45.120399 0.000000
vt -39.511257 42.818703 0.000000
vt -41.168289 40.906387 0.000000
vt -43.296959 39.538372 0.000000
vt -45.724819 38.825489 0.000000
vt -48.255180 38.825489 0.000000
vt -50.683041 39.538372 0.000000
vt -52.811710 40.906387 0.000000
vt -54.468742 42.818703 0.000000
vt -55.519894 45.120399 0.000000
vt -55.880001 47.625000 0.000000
vt -55.519894 50.129601 0.000000
vt -54.468742 52.431297 0.000000
vt -52.811710 54.343613 0.000000
vt -50.683041 55.711628 0.000000
vt -48.255180 56.424511 0.000000
vt -45.724819 56.424511 0.000000
vt -43.296959 55.711628 0.000000
vt -41.168289 54.343613 0.000000
vt -39.511257 52.431297 0.000000
vt -38.460106 50.129601 0.000000
vt 55.880001 47.625000 0.000000
vt 55.519894 45.120399 0.000000
vt 54.468742 42.818703 0.000000
vt 52.811710 40.906387 0.000000
vt 50.683041 39.538372 0.000000
vt 48.255180 38.825489 0.000000
vt 45.724819 38.825489 0.000000
vt 43.296959 39.538372 0.000000
vt 41.168289 40.906387 0.000000
vt 39.511257 42.818703 0.000000
vt 38.460106 45.120399 0.000000
vt 38.099998 47.625000 0.000000
vt 38.460106 50.129601 0.000000
vt 39.511257 52.431297 0.000000
vt 41.168289 54.343613 0.000000
vt 43.296959 55.711628 0.000000
vt 45.724819 56.424511 0.000000
vt 48.255180 56.424511 0.000000
vt 50.683041 55.711628 0.000000
vt 52.811710 54.343613 0.000000
vt 54.468742 52.431297 0.000000
vt 55.519894 50.129601 0.000000
vt -64.769997 -65.404999 0.000000
vt -29.209999 14.605000 0.000000
vt 46.990002 14.605000 0.000000
vt 61.972317 38.051155 0.000000
vt 63.540157 41.127254 0.000000
vt 64.483925 44.448376 0.000000
vt 64.768036 47.889275 0.000000
vt 64.381775 51.320213 0.000000
vt 63.339706 54.611813 0.000000
vt 61.681126 57.639950 0.000000
vt 59.468575 60.290451 0.000000
vt 56.785480 62.463360 0.000000
vt 53.733021 64.076752 0.000000
vt 50.426300 65.069778 0.000000
vt 46.990002 65.404999 0.000000
vt -46.990002 65.404999 0.000000
vt -50.458706 65.063362 0.000000
vt -53.794113 64.051575 0.000000
vt -56.868038 62.408531 0.000000
vt -59.562359 60.197357 0.000000
vt -61.773529 57.503040 0.000000
vt -63.416576 54.429111 0.000000
vt -64.428360 51.093704 0.000000
vt -64.769997 47.625000 0.000000
vt 38.099998 47.625000 0.000000
vt 38.460106 50.129601 0.000000
vt 39.511257 52.431297 0.000000
vt 41.168289 54.343613 0.000000
vt 43.296959 55.711628 0.000000
vt 45.724819 56.424511 0.000000
vt 48.255180 56.424511 0.000000
vt 50.683041 55.711628 0.000000
vt 52.811710 54.343613 0.000000
vt 54.468742 52.431297 0.000000
vt 55.519894 50.129601 0.000000
vt 55.880001 47.625000 0.000000
vt 55.519894 45.120399 0.000000
vt 54.468742 42.818703 0.000000
vt 52.811710 40.906387 0.000000
vt 50.683041 39.538372 0.000000
vt 48.255180 38.825489 0.000000
vt 45.724819 38.825489 0.000000
vt 43.296959 39.538372 0.000000
vt 41.168289 40.906387 0.000000
vt 39.511257 42.818703 0.000000
vt 38.460106 45.120399 0.000000
vt -55.880001 47.625000 0.000000
vt -55.519894 50.129601 0.000000
vt -54.468742 52.431297 0.000000
vt -52.811710 54.343613 0.000000
vt -50.683041 55.711628 0.000000
vt -48.255180 56.424511 0.000000
vt -45.724819 56.424511 0.000000
vt -43.296959 55.711628 0.000000
vt -41.168289 54.343613 0.000000
vt -39.511257 52.431297 0.000000
vt -38.460106 50.129601 0.000000
vt -38.099998 47.625000 0.000000
vt -38.460106 45.120399 0.000000
vt -39.511257 42.818703 0.000000
vt -41.168289 40.906387 0.000000
vt -43.296959 39.538372 0.000000
vt -45.724819 38.825489 0.000000
vt -48.255180 38.825489 0.000000
vt -50.683041 39.538372 0.000000
vt -52.811710 40.906387 0.000000
vt -54.468742 42.818703 0.000000
vt -55.519894 45.120399 0.000000
vn -2.540000 0.000000 -0.000000
vn -2.437112 -0.715601 -0.000000
vn -2.136784 -1.373228 -0.000000
vn -1.663346 -1.919604 -0.000000
vn -1.055154 -2.310465 -0.000000
vn -0.361480 -2.514146 -0.000000
vn 0.361480 -2.514146 -0.000000
vn 1.055154 -2.310465 -0.000000
vn 1.663346 -1.919604 -0.000000
vn 2.136784 -1.373228 -0.000000
vn 2.437112 -0.715601 0.000000
vn 2.540000 -0.000000 0.000000
vn 2.437112 0.715601 0.000000
vn 2.136784 1.373228 0.000000
vn 1.663346 1.919604 0.000000
vn 1.055154 2.310465 0.000000
vn 0.361480 2.514146 0.000000
vn -0.361480 2.514146 0.000000
vn -1.055154 2.310465 0.000000
vn -1.663346 1.919604 0.000000
vn -2.136784 1.373228 0.000000
vn -2.437112 0.715601 -0.000000
vn -2.540000 0.000000 -0.000000
vn -2.437112 0.715601 -0.000000
vn -2.136784 1.373228 0.000000
vn -1.663346 1.919604 0.000000
vn -1.055154 2.310465 0.000000
vn -0.361480 2.514146 0.000000
vn 0.361480 2.514146 0.000000
vn 1.055154 2.310465 0.000000
vn 1.663346 1.919604 0.000000
vn 2.136784 1.373228 0.000000
vn 2.437112 0.715601 0.000000
vn 2.540000 -0.000000 0.000000
vn 2.437112 -0.715601 0.000000
vn 2.136784 -1.373228 -0.000000
vn 1.663346 -1.919604 -0.000000
vn 1.055154 -2.310465 -0.000000
vn 0.361480 -2.514146 -0.000000
vn -0.361480 -2.514146 -0.000000
vn -1.055154 -2.310465 -0.000000
vn -1.663346 -1.919604 -0.000000
vn -2.136784 -1.373228 -0.000000
vn -2.437112 -0.715601 -0.000000
vn -2.540000 0.000000 -0.000000
vn -2.540000 0.000000 -0.000000
vn -2.540000 0.000000 -0.000000
vn -2.437112 -0.715601 -0.000000
vn -2.136784 -1.373228 -0.000000
vn -1.663346 -1.919604 -0.000000
vn -1.055154 -2.310465 -0.000000
vn -0.361480 -2.514146 -0.000000
vn 0.361480 -2.514146 -0.000000
vn 1.055154 -2.310465 -0.000000
vn 1.663346 -1.919604 -0.000000
vn 2.136784 -1.373228 -0.000000
vn 2.437112 -0.715601 0.000000
vn 2.540000 -0.000000 0.000000
vn 2.437112 0.715601 0.000000
vn 2.136784 1.373228 0.000000
vn 1.663346 1.919604 0.000000
vn 1.055154 2.310465 0.000000
vn 0.361480 2.514146 0.000000
vn -0.361480 2.514146 0.000000
vn -1.055154 2.310465 0.000000
vn -1.663346 1.919604 0.000000
vn -2.136784 1.373228 0.000000
vn -2.437112 0.715601 -0.000000
vn -2.540000 0.000000 -0.000000
vn -2.437112 0.715601 -0.000000
vn -2.136784 1.373228 0.000000
vn -1.663346 1.919604 0.000000
vn -1.055154 2.310465 0.000000
vn -0.361480 2.514146 0.000000
vn 0.361480 2.514146 0.000000
vn 1.055154 2.310465 0.000000
vn 1.663346 1.919604 0.000000
vn 2.136784 1.373228 0.000000
vn 2.437112 0.715601 0.000000
vn 2.540000 -0.000000 0.000000
vn 2.437112 -0.715601 0.000000
vn 2.136784 -1.373228 -0.000000
vn 1.663346 -1.919604 -0.000000
vn 1.055154 -2.310465 -0.000000
vn 0.361480 -2.514146 -0.000000
vn -0.361480 -2.514146 -0.000000
vn -1.055154 -2.310465 -0.000000
vn -1.663346 -1.919604 -0.000000
vn -2.136784 -1.373228 -0.000000
vn -2.437112 -0.715601 -0.000000
vn -2.540000 0.000000 -0.000000
vn -2.540000 0.000000 -0.000000
vn -0.000000 -2.540000 -0.000000
vn -0.000000 -2.540000 -0.000000
vn -0.000000 -2.540000 -0.000000
vn -0.000000 -2.540000 -0.000000
vn -2.140331 -1.367692 -0.000000
vn -2.140331 -1.367692 -0.000000
vn -2.140331 -1.367692 -0.000000
vn -2.140331 -1.367692 -0.000000
vn 0.000000 2.540000 0.000000
vn -0.490900 2.492111 0.000000
vn -0.963289 2.350250 0.000000
vn -1.399354 2.119766 0.000000
vn -1.782653 1.809350 0.000000
vn -2.098732 1.430707 0.000000
vn -2.335672 0.998116 0.000000
vn -2.484539 0.527888 -0.000000
vn -2.539719 0.037754 -0.000000
vn -2.499132 -0.453804 -0.000000
vn -2.364308 -0.928249 -0.000000
vn -2.140331 -1.367692 -0.000000
vn -2.140331 -1.367692 -0.000000
vn -2.364308 -0.928249 -0.000000
vn -2.499132 -0.453804 -0.000000
vn -2.539719 0.037754 -0.000000
vn -2.484539 0.527888 -0.000000
vn -2.335672 0.998116 0.000000
vn -2.098732 1.430707 0.000000
vn -1.782653 1.809350 0.000000
vn -1.399354 2.119766 0.000000
vn -0.963289 2.350250 0.000000
vn -0.490900 2.492111 0.000000
vn 0.000000 2.540000 0.000000
vn 0.000000 2.540000 0.000000
vn 0.000000 2.540000 0.000000
vn 0.000000 2.540000 0.000000
vn 0.000000 2.540000 0.000000
vn 2.540000 -0.000000 0.000000
vn 2.491195 0.495529 0.000000
vn 2.346654 0.972016 0.000000
vn 2.111933 1.411148 0.000000
vn 1.796051 1.796051 0.000000
vn 1.411148 2.111933 0.000000
vn 0.972016 2.346654 0.000000
vn 0.495529 2.491195 0.000000
vn 0.000000 2.540000 0.000000
vn 0.000000 2.540000 0.000000
vn 0.495529 2.491195 0.000000
vn 0.972016 2.346654 0.000000
vn 1.411148 2.111933 0.000000
vn 1.796051 1.796051 0.000000
vn 2.111933 1.411148 0.000000
vn 2.346654 0.972016 0.000000
vn 2.491195 0.495529 0.000000
vn 2.540000 -0.000000 0.000000
vn 2.540000 -0.000000 0.000000
vn 2.540000 -0.000000 0.000000
vn 2.540000 -0.000000 0.000000
vn 2.540000 -0.000000 0.000000
vn -2.321081 -1.031592 -0.000000
vn -2.321081 -1.031592 -0.000000
vn -2.321081 -1.031592 -0.000000
vn -2.321081 -1.031592 -0.000000
vn -0.000000 -0.000000 2.540000
vn -0.000000 -0.000000 2.540000
vn -0.000000 -0.000000 2.540000
vn -0.000000 -0.000000 2.540000
vn -0.000000 -0.000000 2.540000
vn -0.000000 -0.000000 2.540000
vn -0.000000 -0.000000 2.540000
vn -0.000000 -0.000000 2.540000
vn -0.000000 -0.000000 2.540000
vn -0.000000 -0.000000 2.540000
vn -0.000000 -0.000000 2.540000
vn -0.000000 -0.000000 2.540000
vn -0.000000 -0.000000 2.540000
vn -0.000000 -0.000000 2.540000
vn -0.000000 -0.000000 2.540000
vn -0.000000 -0.000000 2.540000
vn -0.000000 -0.000000 2.540000
vn -0.000000 -0.000000 2.540000
vn -0.000000 -0.000000 2.540000
vn -0.000000 -0.000000 2.540000
vn -0.000000 -0.000000 2.540000
vn -0.000000 -0.000000 2.540000
vn -0.000000 -0.000000 2.540000
vn -0.000000 -0.000000 2.540000
vn -0.000000 -0.000000 2.540000
vn -0.000000 -0.000000 2.540000
vn -0.000000 -0.000000 2.540000
vn -0.000000 -0.000000 2.540000
vn -0.000000 -0.000000 2.540000
vn -0.000000 -0.000000 2.540000
vn -0.000000 -0.000000 2.540000
vn -0.000000 -0.000000 2.540000
vn -0.000000 -0.000000 2.540000
vn -0.000000 -0.000000 2.540000
vn -0.000000 -0.000000 2.540000
vn -0.000000 -0.000000 2.540000
vn -0.000000 -0.000000 2.540000
vn -0.000000 -0.000000 2.540000
vn -0.000000 -0.000000 2.540000
vn -0.000000 -0.000000 2.540000
vn -0.000000 -0.000000 2.540000
vn -0.000000 -0.000000 2.540000
vn -0.000000 -0.000000 2.540000
vn -0.000000 -0.000000 2.540000
vn -0.000000 -0.000000 2.540000
vn -0.000000 -0.000000 2.540000
vn -0.000000 -0.000000 2.540000
vn -0.000000 -0.000000 2.540000
vn -0.000000 -0.000000 2.540000
vn -0.000000 -0.000000 2.540000
vn -0.000000 -0.000000 2.540000
vn -0.000000 -0.000000 2.540000
vn -0.000000 -0.000000 2.540000
vn -0.000000 -0.000000 2.540000
vn -0.000000 -0.000000 2.540000
vn -0.000000 -0.000000 2.540000
vn -0.000000 -0.000000 2.540000
vn -0.000000 -0.000000 2.540000
vn -0.000000 -0.000000 2.540000
vn -0.000000 -0.000000 2.540000
vn -0.000000 -0.000000 2.540000
vn -0.000000 -0.000000 2.540000
vn -0.000000 -0.000000 2.540000
vn -0.000000 -0.000000 2.540000
vn -0.000000 -0.000000 2.540000
vn -0.000000 -0.000000 2.540000
vn -0.000000 -0.000000 2.540000
vn -0.000000 -0.000000 2.540000
vn 0.000000 0.000000 -2.540000
vn 0.000000 0.000000 -2.540000
vn 0.000000 0.000000 -2.540000
vn 0.000000 0.000000 -2.540000
vn 0.000000 0.000000 -2.540000
vn 0.000000 0.000000 -2.540000
vn 0.000000 0.000000 -2.540000
vn 0.000000 0.000000 -2.540000
vn 0.000000 0.000000 -2.540000
vn 0.000000 0.000000 -2.540000
vn 0.000000 0.000000 -2.540000
vn 0.000000 0.000000 -2.540000
vn 0.000000 0.000000 -2.540000
vn 0.000000 0.000000 -2.540000
vn 0.000000 0.000000 -2.540000
vn 0.000000 0.000000 -2.540000
vn 0.000000 0.000000 -2.540000
vn 0.000000 0.000000 -2.540000
vn 0.000000 0.000000 -2.540000
vn 0.000000 0.000000 -2.540000
vn 0.000000 0.000000 -2.540000
vn 0.000000 0.000000 -2.540000
vn 0.000000 0.000000 -2.540000
vn 0.000000 0.000000 -2.540000
vn 0.000000 0.000000 -2.540000
vn 0.000000 0.000000 -2.540000
vn 0.000000 0.000000 -2.540000
vn 0.000000 0.000000 -2.540000
vn 0.000000 0.000000 -2.540000
vn 0.000000 0.000000 -2.540000
vn 0.000000 0.000000 -2.540000
vn 0.000000 0.000000 -2.540000
vn 0.000000 0.000000 -2.540000
vn 0.000000 0.000000 -2.540000
vn 0.000000 0.000000 -2.540000
vn 0.000000 0.000000 -2.540000
vn 0.000000 0.000000 -2.540000
vn 0.000000 0.000000 -2.540000
vn 0.000000 0.000000 -2.540000
vn 0.000000 0.000000 -2.540000
vn 0.000000 0.000000 -2.540000
vn 0.000000 0.000000 -2.540000
vn 0.000000 0.000000 -2.540000
vn 0.000000 0.000000 -2.540000
vn 0.000000 0.000000 -2.540000
vn 0.000000 0.000000 -2.540000
vn 0.000000 0.000000 -2.540000
vn 0.000000 0.000000 -2.540000
vn 0.000000 0.000000 -2.540000
vn 0.000000 0.000000 -2.540000
vn 0.000000 0.000000 -2.540000
vn 0.000000 0.000000 -2.540000
vn 0.000000 0.000000 -2.540000
vn 0.000000 0.000000 -2.540000
vn 0.000000 0.000000 -2.540000
vn 0.000000 0.000000 -2.540000
vn 0.000000 0.000000 -2.540000
vn 0.000000 0.000000 -2.540000
vn 0.000000 0.000000 -2.540000
vn 0.000000 0.000000 -2.540000
vn 0.000000 0.000000 -2.540000
vn 0.000000 0.000000 -2.540000
vn 0.000000 0.000000 -2.540000
vn 0.000000 0.000000 -2.540000
vn 0.000000 0.000000 -2.540000
vn 0.000000 0.000000 -2.540000
vn 0.000000 0.000000 -2.540000
vn 0.000000 0.000000 -2.540000
f 268/468/468 267/510/510 270/467/467
f 270/467/467 267/510/510 269/511/511
f 270/512/512 269/489/489 266/488/488
f 266/488/488 269/489/489 265/490/490
f 266/488/488 265/490/490 262/487/487
f 262/487/487 265/490/490 261/491/491
f 262/487/487 261/491/491 256/486/486
f 256/486/486 261/491/491 255/492/492
f 256/486/486 255/492/492 252/485/485
f 252/485/485 255/492/492 251/493/493
f 252/485/485 251/493/493 246/484/484
f 246/484/484 251/493/493 245/494/494
f 246/484/484 245/494/494 240/483/483
f 240/483/483 245/494/494 239/495/495
f 240/483/483 239/495/495 236/482/482
f 236/482/482 239/495/495 235/496/496
f 236/482/482 235/496/496 232/481/481
f 232/481/481 235/496/496 231/497/497
f 232/481/481 231/497/497 228/480/480
f 228/480/480 231/497/497 227/498/498
f 228/480/480 227/498/498 224/479/479
f 224/479/479 227/498/498 223/499/499
f 224/479/479 223/499/499 222/478/478
f 222/478/478 223/499/499 221/500/500
f 222/478/478 221/500/500 226/477/477
f 226/477/477 221/500/500 225/501/501
f 226/477/477 225/501/501 230/476/476
f 230/476/476 225/501/501 229/502/502
f 230/476/476 229/502/502 234/475/475
f 234/475/475 229/502/502 233/503/503
f 234/475/475 233/503/503 238/474/474
f 238/474/474 233/503/503 237/504/504
f 238/474/474 237/504/504 242/473/473
f 242/473/473 237/504/504 241/505/505
f 242/473/473 241/505/505 248/472/472
f 248/472/472 241/505/505 247/506/506
f 248/472/472 247/506/506 254/471/471
f 254/471/471 247/506/506 253/507/507
f 254/471/471 253/507/507 258/470/470
f 258/470/470 253/507/507 257/508/508
f 258/470/470 257/508/508 264/469/469
f 264/469/469 257/508/508 263/509/509
f 264/469/469 263/509/509 268/468/468
f 268/468/468 263/509/509 267/510/510
f 216/514/514 215/556/556 218/513/513
f 218/513/513 215/556/556 217/557/557
f 218/558/558 217/535/535 214/534/534
f 214/534/534 217/535/535 213/536/536
f 214/534/534 213/536/536 210/533/533
f 210/533/533 213/536/536 209/537/537
f 210/533/533 209/537/537 206/532/532
f 206/532/532 209/537/537 205/538/538
f 206/532/532 205/538/538 202/531/531
f 202/531/531 205/538/538 201/539/539
f 202/531/531 201/539/539 198/530/530
f 198/530/530 201/539/539 197/540/540
f 198/530/530 197/540/540 190/529/529
f 190/529/529 197/540/540 189/541/541
f 190/529/529 189/541/541 184/528/528
f 184/528/528 189/541/541 183/542/542
f 184/528/528 183/542/542 180/527/527
f 180/527/527 183/542/542 179/543/543
f 180/527/527 179/543/543 174/526/526
f 174/526/526 179/543/543 173/544/544
f 174/526/526 173/544/544 170/525/525
f 170/525/525 173/544/544 169/545/545
f 170/525/525 169/545/545 168/524/524
f 168/524/524 169/545/545 167/546/546
f 168/524/524 167/546/546 172/523/523
f 172/523/523 167/546/546 171/547/547
f 172/523/523 171/547/547 176/522/522
f 176/522/522 171/547/547 175/548/548
f 176/522/522 175/548/548 182/521/521
f 182/521/521 175/548/548 181/549/549
f 182/521/521 181/549/549 186/520/520
f 186/520/520 181/549/549 185/550/550
f 186/520/520 185/550/550 192/519/519
f 192/519/519 185/550/550 191/551/551
f 192/519/519 191/551/551 200/518/518
f 200/518/518 191/551/551 199/552/552
f 200/518/518 199/552/552 204/517/517
f 204/517/517 199/552/552 203/553/553
f 204/517/517 203/553/553 208/516/516
f 208/516/516 203/553/553 207/554/554
f 208/516/516 207/554/554 212/515/515
f 212/515/515 207/554/554 211/555/555
f 212/515/515 211/555/555 216/514/514
f 216/514/514 211/555/555 215/556/556
f 193/559/559 219/560/560 194/562/562
f 194/562/562 219/560/560 220/561/561
f 159/563/563 193/564/564 160/566/566
f 160/566/566 193/564/564 194/565/565
f 196/590/590 195/567/567 188/589/589
f 188/589/589 195/567/567 187/568/568
f 188/589/589 187/568/568 178/588/588
f 178/588/588 187/568/568 177/569/569
f 178/588/588 177/569/569 166/587/587
f 166/587/587 177/569/569 165/570/570
f 166/587/587 165/570/570 164/586/586
f 164/586/586 165/570/570 163/571/571
f 164/586/586 163/571/571 162/585/585
f 162/585/585 163/571/571 161/572/572
f 162/585/585 161/572/572 158/584/584
f 158/584/584 161/572/572 157/573/573
f 158/584/584 157/573/573 154/583/583
f 154/583/583 157/573/573 153/574/574
f 154/583/583 153/574/574 150/582/582
f 150/582/582 153/574/574 149/575/575
f 150/582/582 149/575/575 152/581/581
f 152/581/581 149/575/575 151/576/576
f 152/581/581 151/576/576 156/580/580
f 156/580/580 151/576/576 155/577/577
f 156/580/580 155/577/577 160/579/579
f 160/579/579 155/577/577 159/578/578
f 243/591/591 195/592/592 244/594/594
f 244/594/594 195/592/592 196/593/593
f 284/612/612 283/595/595 280/611/611
f 280/611/611 283/595/595 279/596/596
f 280/611/611 279/596/596 278/610/610
f 278/610/610 279/596/596 277/597/597
f 278/610/610 277/597/597 276/609/609
f 276/609/609 277/597/597 275/598/598
f 276/609/609 275/598/598 274/608/608
f 274/608/608 275/598/598 273/599/599
f 274/608/608 273/599/599 272/607/607
f 272/607/607 273/599/599 271/600/600
f 272/607/607 271/600/600 260/606/606
f 260/606/606 271/600/600 259/601/601
f 260/606/606 259/601/601 250/605/605
f 250/605/605 259/601/601 249/602/602
f 250/605/605 249/602/602 244/604/604
f 244/604/604 249/602/602 243/603/603
f 281/613/613 283/614/614 282/616/616
f 282/616/616 283/614/614 284/615/615
f 219/617/617 281/618/618 220/620/620
f 220/620/620 281/618/618 282/619/619
f 282/622/622 252/671/671 220/621/621
f 220/621/621 252/671/671 246/672/672
f 220/621/621 246/672/672 240/673/673
f 252/671/671 282/622/622 256/670/670
f 256/670/670 282/622/622 284/623/623
f 256/670/670 284/623/623 262/669/669
f 262/669/669 284/623/623 266/668/668
f 266/668/668 284/623/623 270/667/667
f 270/667/667 284/623/623 280/624/624
f 270/667/667 280/624/624 268/688/688
f 268/688/688 280/624/624 278/625/625
f 268/688/688 278/625/625 264/687/687
f 264/687/687 278/625/625 276/626/626
f 264/687/687 276/626/626 274/627/627
f 264/687/687 274/627/627 258/686/686
f 258/686/686 274/627/627 272/628/628
f 258/686/686 272/628/628 254/685/685
f 254/685/685 272/628/628 260/629/629
f 254/685/685 260/629/629 250/630/630
f 254/685/685 250/630/630 248/684/684
f 248/684/684 250/630/630 244/631/631
f 248/684/684 244/631/631 242/683/683
f 242/683/683 244/631/631 238/682/682
f 238/682/682 244/631/631 234/681/681
f 234/681/681 244/631/631 230/680/680
f 230/680/680 244/631/631 196/632/632
f 230/680/680 196/632/632 212/665/665
f 212/665/665 196/632/632 208/664/664
f 208/664/664 196/632/632 204/663/663
f 204/663/663 196/632/632 200/662/662
f 200/662/662 196/632/632 192/661/661
f 192/661/661 196/632/632 188/633/633
f 192/661/661 188/633/633 186/660/660
f 186/660/660 188/633/633 178/634/634
f 186/660/660 178/634/634 166/635/635
f 186/660/660 166/635/635 182/659/659
f 182/659/659 166/635/635 164/636/636
f 182/659/659 164/636/636 176/658/658
f 176/658/658 164/636/636 162/637/637
f 176/658/658 162/637/637 158/638/638
f 176/658/658 158/638/638 172/657/657
f 172/657/657 158/638/638 154/639/639
f 172/657/657 154/639/639 168/656/656
f 168/656/656 154/639/639 150/640/640
f 168/656/656 150/640/640 152/641/641
f 168/656/656 152/641/641 170/655/655
f 170/655/655 152/641/641 156/642/642
f 170/655/655 156/642/642 174/654/654
f 174/654/654 156/642/642 160/643/643
f 174/654/654 160/643/643 180/653/653
f 180/653/653 160/643/643 184/652/652
f 184/652/652 160/643/643 194/644/644
f 184/652/652 194/644/644 190/651/651
f 190/651/651 194/644/644 198/650/650
f 198/650/650 194/644/644 202/649/649
f 202/649/649 194/644/644 206/648/648
f 206/648/648 194/644/644 210/647/647
f 210/647/647 194/644/644 220/621/621
f 210/647/647 220/621/621 214/646/646
f 214/646/646 220/621/621 224/677/677
f 214/646/646 224/677/677 218/645/645
f 218/645/645 224/677/677 222/678/678
f 218/645/645 222/678/678 216/666/666
f 216/666/666 222/678/678 226/679/679
f 216/666/666 226/679/679 212/665/665
f 212/665/665 226/679/679 230/680/680
f 240/673/673 236/674/674 220/621/621
f 220/621/621 236/674/674 232/675/675
f 220/621/621 232/675/675 228/676/676
f 228/676/676 224/677/677 220/621/621
f 219/690/690 251/753/753 281/689/689
f 281/689/689 251/753/753 255/754/754
f 281/689/689 255/754/754 283/712/712
f 283/712/712 255/754/754 261/755/755
f 283/712/712 261/755/755 265/756/756
f 193/691/691 209/733/733 219/690/690
f 219/690/690 209/733/733 213/734/734
f 219/690/690 213/734/734 223/747/747
f 223/747/747 213/734/734 221/746/746
f 221/746/746 213/734/734 217/713/713
f 221/746/746 217/713/713 225/745/745
f 225/745/745 217/713/713 215/714/714
f 225/745/745 215/714/714 229/744/744
f 229/744/744 215/714/714 211/715/715
f 229/744/744 211/715/715 243/704/704
f 243/704/704 211/715/715 195/703/703
f 195/703/703 211/715/715 207/716/716
f 195/703/703 207/716/716 203/717/717
f 159/692/692 183/728/728 193/691/691
f 193/691/691 183/728/728 189/729/729
f 193/691/691 189/729/729 197/730/730
f 155/693/693 173/726/726 159/692/692
f 159/692/692 173/726/726 179/727/727
f 159/692/692 179/727/727 183/728/728
f 173/726/726 155/693/693 169/725/725
f 169/725/725 155/693/693 151/694/694
f 169/725/725 151/694/694 167/724/724
f 167/724/724 151/694/694 149/695/695
f 167/724/724 149/695/695 153/696/696
f 167/724/724 153/696/696 171/723/723
f 171/723/723 153/696/696 157/697/697
f 171/723/723 157/697/697 175/722/722
f 175/722/722 157/697/697 161/698/698
f 175/722/722 161/698/698 163/699/699
f 175/722/722 163/699/699 181/721/721
f 181/721/721 163/699/699 165/700/700
f 181/721/721 165/700/700 185/720/720
f 185/720/720 165/700/700 177/701/701
f 185/720/720 177/701/701 187/702/702
f 185/720/720 187/702/702 191/719/719
f 191/719/719 187/702/702 195/703/703
f 191/719/719 195/703/703 199/718/718
f 199/718/718 195/703/703 203/717/717
f 249/705/705 247/740/740 243/704/704
f 243/704/704 247/740/740 241/741/741
f 243/704/704 241/741/741 237/742/742
f 247/740/740 249/705/705 253/739/739
f 253/739/739 249/705/705 259/706/706
f 253/739/739 259/706/706 271/707/707
f 253/739/739 271/707/707 257/738/738
f 257/738/738 271/707/707 273/708/708
f 257/738/738 273/708/708 263/737/737
f 263/737/737 273/708/708 275/709/709
f 263/737/737 275/709/709 277/710/710
f 263/737/737 277/710/710 267/736/736
f 267/736/736 277/710/710 279/711/711
f 267/736/736 279/711/711 269/735/735
f 269/735/735 279/711/711 283/712/712
f 269/735/735 283/712/712 265/756/756
f 197/730/730 201/731/731 193/691/691
f 193/691/691 201/731/731 205/732/732
f 193/691/691 205/732/732 209/733/733
f 237/742/742 233/743/743 243/704/704
f 243/704/704 233/743/743 229/744/744
f 223/747/747 227/748/748 219/690/690
f 219/690/690 227/748/748 231/749/749
f 219/690/690 231/749/749 235/750/750
f 235/750/750 239/751/751 219/690/690
f 219/690/690 239/751/751 245/752/752
f 219/690/690 245/752/752 251/753/753
g Solid2:1

v 0.171952 84.029058 4.988151
v 0.171952 84.029058 9.988151
v 0.283806 82.674372 4.988151
v 0.283806 82.674372 9.988151
v 0.324026 85.379821 4.988151
v 0.324026 85.379821 9.988151
v 0.655370 81.366850 4.988151
v 0.655370 81.366850 9.988151
v 0.734289 86.675725 4.988151
v 0.734289 86.675725 9.988151
v 1.272630 80.155783 4.988151
v 1.272630 80.155783 9.988151
v 1.387272 87.867911 4.988151
v 1.387272 87.867911 9.988151
v 2.258357 88.911414 4.988151
v 2.258357 88.911414 9.988151
v 3.314691 89.766892 4.988151
v 3.314691 89.766892 9.988151
v 3.671179 83.925016 4.988151
v 3.671179 83.925016 9.988151
v 3.812954 82.938950 4.988151
v 3.812954 82.938950 9.988151
v 3.812954 84.911076 4.988151
v 3.812954 84.911076 9.988151
v 4.226792 82.032770 4.988151
v 4.226792 82.032770 9.988151
v 4.226792 85.817256 4.988151
v 4.226792 85.817256 9.988151
v 4.516447 90.402084 4.988151
v 4.516447 90.402084 9.988151
v 4.879168 81.279893 4.988151
v 4.879168 81.279893 9.988151
v 4.879168 86.570139 4.988151
v 4.879168 86.570139 9.988151
v 5.717227 80.741300 4.988151
v 5.717227 80.741300 9.988151
v 5.717227 87.108726 4.988151
v 5.717227 87.108726 9.988151
v 5.818307 90.793039 4.988151
v 5.818307 90.793039 9.988151
v 6.673079 80.460640 4.988151
v 6.673079 80.460640 9.988151
v 6.673079 87.389392 4.988151
v 6.673079 87.389392 9.988151
v 7.171179 70.925014 4.988151
v 7.171179 70.925014 9.988151
v 7.171179 90.925016 4.988151
v 7.171179 90.925016 9.988151
v 7.669283 80.460640 4.988151
v 7.669283 80.460640 9.988151
v 7.669283 87.389392 4.988151
v 7.669283 87.389392 9.988151
v 8.625132 80.741300 4.988151
v 8.625132 80.741300 9.988151
v 8.625132 87.108726 4.988151
v 8.625132 87.108726 9.988151
v 9.463193 81.279893 4.988151
v 9.463193 81.279893 9.988151
v 9.463193 86.570139 4.988151
v 9.463193 86.570139 9.988151
v 10.115567 82.032770 4.988151
v 10.115567 82.032770 9.988151
v 10.115567 85.817256 4.988151
v 10.115567 85.817256 9.988151
v 10.529404 82.938950 4.988151
v 10.529404 82.938950 9.988151
v 10.529404 84.911076 4.988151
v 10.529404 84.911076 9.988151
v 10.671179 83.925016 4.988151
v 10.671179 83.925016 9.988151
v 37.171181 70.925014 4.988151
v 37.171181 70.925014 9.988151
v 40.671181 83.925016 4.988151
v 40.671181 83.925016 9.988151
v 40.812955 82.938950 4.988151
v 40.812955 82.938950 9.988151
v 40.812955 84.911076 4.988151
v 40.812955 84.911076 9.988151
v 41.226793 82.032770 4.988151
v 41.226793 82.032770 9.988151
v 41.226793 85.817256 4.988151
v 41.226793 85.817256 9.988151
v 41.879166 81.279893 4.988151
v 41.879166 81.279893 9.988151
v 41.879166 86.570139 4.988151
v 41.879166 86.570139 9.988151
v 42.717228 80.741300 4.988151
v 42.717228 80.741300 9.988151
v 42.717228 87.108726 4.988151
v 42.717228 87.108726 9.988151
v 43.673077 80.460640 4.988151
v 43.673077 80.460640 9.988151
v 43.673077 87.389392 4.988151
v 43.673077 87.389392 9.988151
v 44.171181 90.925016 4.988151
v 44.171181 90.925016 9.988151
v 44.669284 80.460640 4.988151
v 44.669284 80.460640 9.988151
v 44.669284 87.389392 4.988151
v 44.669284 87.389392 9.988151
v 45.536812 90.790510 4.988151
v 45.536812 90.790510 9.988151
v 45.625133 80.741300 4.988151
v 45.625133 80.741300 9.988151
v 45.625133 87.108726 4.988151
v 45.625133 87.108726 9.988151
v 46.463195 81.279893 4.988151
v 46.463195 81.279893 9.988151
v 46.463195 86.570139 4.988151
v 46.463195 86.570139 9.988151
v 46.849963 90.392171 4.988151
v 46.849963 90.392171 9.988151
v 47.115568 82.032770 4.988151
v 47.115568 82.032770 9.988151
v 47.115568 85.817256 4.988151
v 47.115568 85.817256 9.988151
v 47.529406 82.938950 4.988151
v 47.529406 82.938950 9.988151
v 47.529406 84.911076 4.988151
v 47.529406 84.911076 9.988151
v 47.671180 83.925016 4.988151
v 47.671180 83.925016 9.988151
v 48.060171 89.745301 4.988151
v 48.060171 89.745301 9.988151
v 49.120927 88.874763 4.988151
v 49.120927 88.874763 9.988151
v 49.991465 87.814007 4.988151
v 49.991465 87.814007 9.988151
v 50.638336 86.603799 4.988151
v 50.638336 86.603799 9.988151
v 51.036674 85.290648 4.988151
v 51.036674 85.290648 9.988151
v 51.171180 39.425014 4.988151
v 51.171180 39.425014 9.988151
v 51.171180 83.925016 4.988151
v 51.171180 83.925016 9.988151
vt 12.700001 -27.928761 0.000000
vt 12.700001 -25.389782 0.000000
vt 12.700001 -22.850803 0.000000
vt 12.700001 -20.311825 0.000000
vt 12.700001 -17.772848 0.000000
vt 12.700001 -15.233869 0.000000
vt 12.700001 -12.694891 0.000000
vt 12.700001 -10.155912 0.000000
vt 12.700001 -7.616934 0.000000
vt 12.700001 -5.077956 0.000000
vt 12.700001 -2.538978 0.000000
vt 12.700001 0.000000 0.000000
vt 12.700001 2.538978 0.000000
vt 12.700001 5.077956 0.000000
vt 12.700001 7.616934 0.000000
vt 12.700001 10.155912 0.000000
vt 12.700001 12.694891 0.000000
vt 12.700001 15.233869 0.000000
vt 12.700001 17.772848 0.000000
vt 12.700001 20.311825 0.000000
vt 12.700001 22.850803 0.000000
vt 12.700001 25.389782 0.000000
vt 0.000000 27.928761 0.000000
vt 0.000000 25.389782 0.000000
vt 0.000000 22.850803 0.000000
vt 0.000000 20.311825 0.000000
vt 0.000000 17.772848 0.000000
vt 0.000000 15.233869 0.000000
vt 0.000000 12.694891 0.000000
vt 0.000000 10.155912 0.000000
vt 0.000000 7.616934 0.000000
vt 0.000000 5.077956 0.000000
vt 0.000000 2.538978 0.000000
vt 0.000000 0.000000 0.000000
vt 0.000000 -2.538978 0.000000
vt 0.000000 -5.077956 0.000000
vt 0.000000 -7.616934 0.000000
vt 0.000000 -10.155912 0.000000
vt 0.000000 -12.694891 0.000000
vt 0.000000 -15.233869 0.000000
vt 0.000000 -17.772848 0.000000
vt 0.000000 -20.311825 0.000000
vt 0.000000 -22.850803 0.000000
vt 0.000000 -25.389782 0.000000
vt 0.000000 -27.928761 0.000000
vt 12.700001 27.928761 0.000000
vt 12.700001 -27.928761 0.000000
vt 12.700001 -25.389782 0.000000
vt 12.700001 -22.850803 0.000000
vt 12.700001 -20.311825 0.000000
vt 12.700001 -17.772848 0.000000
vt 12.700001 -15.233869 0.000000
vt 12.700001 -12.694891 0.000000
vt 12.700001 -10.155912 0.000000
vt 12.700001 -7.616934 0.000000
vt 12.700001 -5.077956 0.000000
vt 12.700001 -2.538978 0.000000
vt 12.700001 0.000000 0.000000
vt 12.700001 2.538978 0.000000
vt 12.700001 5.077956 0.000000
vt 12.700001 7.616934 0.000000
vt 12.700001 10.155912 0.000000
vt 12.700001 12.694891 0.000000
vt 12.700001 15.233869 0.000000
vt 12.700001 17.772848 0.000000
vt 12.700001 20.311825 0.000000
vt 12.700001 22.850803 0.000000
vt 12.700001 25.389782 0.000000
vt 0.000000 27.928761 0.000000
vt 0.000000 25.389782 0.000000
vt 0.000000 22.850803 0.000000
vt 0.000000 20.311825 0.000000
vt 0.000000 17.772848 0.000000
vt 0.000000 15.233869 0.000000
vt 0.000000 12.694891 0.000000
vt 0.000000 10.155912 0.000000
vt 0.000000 7.616934 0.000000
vt 0.000000 5.077956 0.000000
vt 0.000000 2.538978 0.000000
vt 0.000000 0.000000 0.000000
vt 0.000000 -2.538978 0.000000
vt 0.000000 -5.077956 0.000000
vt 0.000000 -7.616934 0.000000
vt 0.000000 -10.155912 0.000000
vt 0.000000 -12.694891 0.000000
vt 0.000000 -15.233869 0.000000
vt 0.000000 -17.772848 0.000000
vt 0.000000 -20.311825 0.000000
vt 0.000000 -22.850803 0.000000
vt 0.000000 -25.389782 0.000000
vt 0.000000 -27.928761 0.000000
vt 12.700001 27.928761 0.000000
vt 0.000000 0.000000 0.000000
vt 76.199997 0.000000 0.000000
vt 76.199997 12.700000 0.000000
vt 0.000000 12.700000 0.000000
vt 0.000000 0.000000 0.000000
vt 27.824306 0.000000 0.000000
vt 27.824306 12.700000 0.000000
vt 0.000000 12.700000 0.000000
vt -0.000000 0.000000 0.000000
vt -0.000000 3.458059 0.000000
vt -0.000000 6.916118 0.000000
vt -0.000000 10.374177 0.000000
vt -0.000000 13.832236 0.000000
vt -0.000000 17.290295 0.000000
vt -0.000000 20.748354 0.000000
vt -0.000000 24.206413 0.000000
vt -0.000000 27.664473 0.000000
vt -0.000000 31.122532 0.000000
vt -0.000000 34.580589 0.000000
vt -0.000000 38.038651 0.000000
vt -12.700001 38.038651 0.000000
vt -12.700001 34.580589 0.000000
vt -12.700001 31.122532 0.000000
vt -12.700001 27.664473 0.000000
vt -12.700001 24.206413 0.000000
vt -12.700001 20.748354 0.000000
vt -12.700001 17.290295 0.000000
vt -12.700001 13.832236 0.000000
vt -12.700001 10.374177 0.000000
vt -12.700001 6.916118 0.000000
vt -12.700001 3.458059 0.000000
vt -12.700001 0.000000 0.000000
vt 0.000000 0.000000 0.000000
vt 93.980003 0.000000 0.000000
vt 93.980003 12.700000 0.000000
vt 0.000000 12.700000 0.000000
vt -0.000000 0.000000 0.000000
vt -0.000000 3.491095 0.000000
vt -0.000000 6.982190 0.000000
vt -0.000000 10.473285 0.000000
vt -0.000000 13.964380 0.000000
vt -0.000000 17.455475 0.000000
vt -0.000000 20.946569 0.000000
vt -0.000000 24.437664 0.000000
vt -0.000000 27.928761 0.000000
vt -12.700001 27.928761 0.000000
vt -12.700001 24.437664 0.000000
vt -12.700001 20.946569 0.000000
vt -12.700001 17.455475 0.000000
vt -12.700001 13.964380 0.000000
vt -12.700001 10.473285 0.000000
vt -12.700001 6.982190 0.000000
vt -12.700001 3.491095 0.000000
vt -12.700001 0.000000 0.000000
vt 0.000000 0.000000 0.000000
vt 113.029999 0.000000 0.000000
vt 113.029999 12.700000 0.000000
vt 0.000000 12.700000 0.000000
vt 0.000000 0.000000 0.000000
vt 87.556343 0.000000 0.000000
vt 87.556343 12.700000 0.000000
vt 0.000000 12.700000 0.000000
vt 29.209999 14.605000 0.000000
vt 64.769997 -65.404999 0.000000
vt 64.769997 47.625000 0.000000
vt 64.428360 51.093704 0.000000
vt 63.416576 54.429111 0.000000
vt 61.773529 57.503040 0.000000
vt 59.562359 60.197357 0.000000
vt 56.868038 62.408531 0.000000
vt 53.794113 64.051575 0.000000
vt 50.458706 65.063362 0.000000
vt 46.990002 65.404999 0.000000
vt -46.990002 65.404999 0.000000
vt -50.426300 65.069778 0.000000
vt -53.733021 64.076752 0.000000
vt -56.785480 62.463360 0.000000
vt -59.468575 60.290451 0.000000
vt -61.681126 57.639950 0.000000
vt -63.339706 54.611813 0.000000
vt -64.381775 51.320213 0.000000
vt -64.768036 47.889275 0.000000
vt -64.483925 44.448376 0.000000
vt -63.540157 41.127254 0.000000
vt -61.972317 38.051155 0.000000
vt -46.990002 14.605000 0.000000
vt -38.099998 47.625000 0.000000
vt -38.460106 45.120399 0.000000
vt -39.511257 42.818703 0.000000
vt -41.168289 40.906387 0.000000
vt -43.296959 39.538372 0.000000
vt -45.724819 38.825489 0.000000
vt -48.255180 38.825489 0.000000
vt -50.683041 39.538372 0.000000
vt -52.811710 40.906387 0.000000
vt -54.468742 42.818703 0.000000
vt -55.519894 45.120399 0.000000
vt -55.880001 47.625000 0.000000
vt -55.519894 50.129601 0.000000
vt -54.468742 52.431297 0.000000
vt -52.811710 54.343613 0.000000
vt -50.683041 55.711628 0.000000
vt -48.255180 56.424511 0.000000
vt -45.724819 56.424511 0.000000
vt -43.296959 55.711628 0.000000
vt -41.168289 54.343613 0.000000
vt -39.511257 52.431297 0.000000
vt -38.460106 50.129601 0.000000
vt 55.880001 47.625000 0.000000
vt 55.519894 45.120399 0.000000
vt 54.468742 42.818703 0.000000
vt 52.811710 40.906387 0.000000
vt 50.683041 39.538372 0.000000
vt 48.255180 38.825489 0.000000
vt 45.724819 38.825489 0.000000
vt 43.296959 39.538372 0.000000
vt 41.168289 40.906387 0.000000
vt 39.511257 42.818703 0.000000
vt 38.460106 45.120399 0.000000
vt 38.099998 47.625000 0.000000
vt 38.460106 50.129601 0.000000
vt 39.511257 52.431297 0.000000
vt 41.168289 54.343613 0.000000
vt 43.296959 55.711628 0.000000
vt 45.724819 56.424511 0.000000
vt 48.255180 56.424511 0.000000
vt 50.683041 55.711628 0.000000
vt 52.811710 54.343613 0.000000
vt 54.468742 52.431297 0.000000
vt 55.519894 50.129601 0.000000
vt -64.769997 -65.404999 0.000000
vt -29.209999 14.605000 0.000000
vt 46.990002 14.605000 0.000000
vt 61.972317 38.051155 0.000000
vt 63.540157 41.127254 0.000000
vt 64.483925 44.448376 0.000000
vt 64.768036 47.889275 0.000000
vt 64.381775 51.320213 0.000000
vt 63.339706 54.611813 0.000000
vt 61.681126 57.639950 0.000000
vt 59.468575 60.290451 0.000000
vt 56.785480 62.463360 0.000000
vt 53.733021 64.076752 0.000000
vt 50.426300 65.069778 0.000000
vt 46.990002 65.404999 0.000000
vt -46.990002 65.404999 0.000000
vt -50.458706 65.063362 0.000000
vt -53.794113 64.051575 0.000000
vt -56.868038 62.408531 0.000000
vt -59.562359 60.197357 0.000000
vt -61.773529 57.503040 0.000000
vt -63.416576 54.429111 0.000000
vt -64.428360 51.093704 0.000000
vt -64.769997 47.625000 0.000000
vt 38.099998 47.625000 0.000000
vt 38.460106 50.129601 0.000000
vt 39.511257 52.431297 0.000000
vt 41.168289 54.343613 0.000000
vt 43.296959 55.711628 0.000000
vt 45.724819 56.424511 0.000000
vt 48.255180 56.424511 0.000000
vt 50.683041 55.711628 0.000000
vt 52.811710 54.343613 0.000000
vt 54.468742 52.431297 0.000000
vt 55.519894 50.129601 0.000000
vt 55.880001 47.625000 0.000000
vt 55.519894 45.120399 0.000000
vt 54.468742 42.818703 0.000000
vt 52.811710 40.906387 0.000000
vt 50.683041 39.538372 0.000000
vt 48.255180 38.825489 0.000000
vt 45.724819 38.825489 0.000000
vt 43.296959 39.538372 0.000000
vt 41.168289 40.906387 0.000000
vt 39.511257 42.818703 0.000000
vt 38.460106 45.120399 0.000000
vt -55.880001 47.625000 0.000000
vt -55.519894 50.129601 0.000000
vt -54.468742 52.431297 0.000000
vt -52.811710 54.343613 0.000000
vt -50.683041 55.711628 0.000000
vt -48.255180 56.424511 0.000000
vt -45.724819 56.424511 0.000000
vt -43.296959 55.711628 0.000000
vt -41.168289 54.343613 0.000000
vt -39.511257 52.431297 0.000000
vt -38.460106 50.129601 0.000000
vt -38.099998 47.625000 0.000000
vt -38.460106 45.120399 0.000000
vt -39.511257 42.818703 0.000000
vt -41.168289 40.906387 0.000000
vt -43.296959 39.538372 0.000000
vt -45.724819 38.825489 0.000000
vt -48.255180 38.825489 0.000000
vt -50.683041 39.538372 0.000000
vt -52.811710 40.906387 0.000000
vt -54.468742 42.818703 0.000000
vt -55.519894 45.120399 0.000000
vn -2.540000 0.000000 -0.000000
vn -2.437112 -0.715601 -0.000000
vn -2.136784 -1.373228 -0.000000
vn -1.663346 -1.919604 -0.000000
vn -1.055154 -2.310465 -0.000000
vn -0.361480 -2.514146 -0.000000
vn 0.361480 -2.514146 -0.000000
vn 1.055154 -2.310465 -0.000000
vn 1.663346 -1.919604 -0.000000
vn 2.136784 -1.373228 -0.000000
vn 2.437112 -0.715601 0.000000
vn 2.540000 -0.000000 0.000000
vn 2.437112 0.715601 0.000000
vn 2.136784 1.373228 0.000000
vn 1.663346 1.919604 0.000000
vn 1.055154 2.310465 0.000000
vn 0.361480 2.514146 0.000000
vn -0.361480 2.514146 0.000000
vn -1.055154 2.310465 0.000000
vn -1.663346 1.919604 0.000000
vn -2.136784 1.373228 0.000000
vn -2.437112 0.715601 -0.000000
vn -2.540000 0.000000 -0.000000
vn -2.437112 0.715601 -0.000000
vn -2.136784 1.373228 0.000000
vn -1.663346 1.919604 0.000000
vn -1.055154 2.310465 0.000000
vn -0.361480 2.514146 0.000000
vn 0.361480 2.514146 0.000000
vn 1.055154 2.310465 0.000000
vn 1.663346 1.919604 0.000000
vn 2.136784 1.373228 0.000000
vn 2.437112 0.715601 0.000000
vn 2.540000 -0.000000 0.000000
vn 2.437112 -0.715601 0.000000
vn 2.136784 -1.373228 -0.000000
vn 1.663346 -1.919604 -0.000000
vn 1.055154 -2.310465 -0.000000
vn 0.361480 -2.514146 -0.000000
vn -0.361480 -2.514146 -0.000000
vn -1.055154 -2.310465 -0.000000
vn -1.663346 -1.919604 -0.000000
vn -2.136784 -1.373228 -0.000000
vn -2.437112 -0.715601 -0.000000
vn -2.540000 0.000000 -0.000000
vn -2.540000 0.000000 -0.000000
vn -2.540000 0.000000 -0.000000
vn -2.437112 -0.715601 -0.000000
vn -2.136784 -1.373228 -0.000000
vn -1.663346 -1.919604 -0.000000
vn -1.055154 -2.310465 -0.000000
vn -0.361480 -2.514146 -0.000000
vn 0.361480 -2.514146 -0.000000
vn 1.055154 -2.310465 -0.000000
vn 1.663346 -1.919604 -0.000000
vn 2.136784 -1.373228 -0.000000
vn 2.437112 -0.715601 0.000000
vn 2.540000 -0.000000 0.000000
vn 2.437112 0.715601 0.000000
vn 2.136784 1.373228 0.000000
vn 1.663346 1.919604 0.000000
vn 1.055154 2.310465 0.000000
vn 0.361480 2.514146 0.000000
vn -0.361480 2.514146 0.000000
vn -1.055154 2.310465 0.000000
vn -1.663346 1.919604 0.000000
vn -2.136784 1.373228 0.000000
vn -2.437112 0.715601 -0.000000
vn -2.540000 0.000000 -0.000000
vn -2.437112 0.715601 -0.000000
vn -2.136784 1.373228 0.000000
vn -1.663346 1.919604 0.000000
vn -1.055154 2.310465 0.000000
vn -0.361480 2.514146 0.000000
vn 0.361480 2.514146 0.000000
vn 1.055154 2.310465 0.000000
vn 1.663346 1.919604 0.000000
vn 2.136784 1.373228 0.000000
vn 2.437112 0.715601 0.000000
vn 2.540000 -0.000000 0.000000
vn 2.437112 -0.715601 0.000000
vn 2.136784 -1.373228 -0.000000
vn 1.663346 -1.919604 -0.000000
vn 1.055154 -2.310465 -0.000000
vn 0.361480 -2.514146 -0.000000
vn -0.361480 -2.514146 -0.000000
vn -1.055154 -2.310465 -0.000000
vn -1.663346 -1.919604 -0.000000
vn -2.136784 -1.373228 -0.000000
vn -2.437112 -0.715601 -0.000000
vn -2.540000 0.000000 -0.000000
vn -2.540000 0.000000 -0.000000
vn -0.000000 -2.540000 -0.000000
vn -0.000000 -2.540000 -0.000000
vn -0.000000 -2.540000 -0.000000
vn -0.000000 -2.540000 -0.000000
vn -2.140331 -1.367692 -0.000000
vn -2.140331 -1.367692 -0.000000
vn -2.140331 -1.367692 -0.000000
vn -2.140331 -1.367692 -0.000000
vn 0.000000 2.540000 0.000000
vn -0.490900 2.492111 0.000000
vn -0.963289 2.350250 0.000000
vn -1.399354 2.119766 0.000000
vn -1.782653 1.809350 0.000000
vn -2.098732 1.430707 0.000000
vn -2.335672 0.998116 -0.000000
vn -2.484539 0.527888 -0.000000
vn -2.539719 0.037754 -0.000000
vn -2.499132 -0.453804 -0.000000
vn -2.364308 -0.928249 -0.000000
vn -2.140331 -1.367692 -0.000000
vn -2.140331 -1.367692 -0.000000
vn -2.364308 -0.928249 -0.000000
vn -2.499132 -0.453804 -0.000000
vn -2.539719 0.037754 -0.000000
vn -2.484539 0.527888 -0.000000
vn -2.335672 0.998116 -0.000000
vn -2.098732 1.430707 0.000000
vn -1.782653 1.809350 0.000000
vn -1.399354 2.119766 0.000000
vn -0.963289 2.350250 0.000000
vn -0.490900 2.492111 0.000000
vn 0.000000 2.540000 0.000000
vn 0.000000 2.540000 0.000000
vn 0.000000 2.540000 0.000000
vn 0.000000 2.540000 0.000000
vn 0.000000 2.540000 0.000000
vn 2.540000 -0.000000 0.000000
vn 2.491195 0.495529 0.000000
vn 2.346654 0.972016 0.000000
vn 2.111933 1.411148 0.000000
vn 1.796051 1.796051 0.000000
vn 1.411148 2.111933 0.000000
vn 0.972016 2.346654 0.000000
vn 0.495529 2.491195 0.000000
vn 0.000000 2.540000 0.000000
vn 0.000000 2.540000 0.000000
vn 0.495529 2.491195 0.000000
vn 0.972016 2.346654 0.000000
vn 1.411148 2.111933 0.000000
vn 1.796051 1.796051 0.000000
vn 2.111933 1.411148 0.000000
vn 2.346654 0.972016 0.000000
vn 2.491195 0.495529 0.000000
vn 2.540000 -0.000000 0.000000
vn 2.540000 -0.000000 0.000000
vn 2.540000 -0.000000 0.000000
vn 2.540000 -0.000000 0.000000
vn 2.540000 -0.000000 0.000000
vn -2.321081 -1.031592 -0.000000
vn -2.321081 -1.031592 -0.000000
vn -2.321081 -1.031592 -0.000000
vn -2.321081 -1.031592 -0.000000
vn -0.000000 -0.000000 2.540000
vn -0.000000 -0.000000 2.540000
vn -0.000000 -0.000000 2.540000
vn -0.000000 -0.000000 2.540000
vn -0.000000 -0.000000 2.540000
vn -0.000000 -0.000000 2.540000
vn -0.000000 -0.000000 2.540000
vn -0.000000 -0.000000 2.540000
vn -0.000000 -0.000000 2.540000
vn -0.000000 -0.000000 2.540000
vn -0.000000 -0.000000 2.540000
vn -0.000000 -0.000000 2.540000
vn -0.000000 -0.000000 2.540000
vn -0.000000 -0.000000 2.540000
vn -0.000000 -0.000000 2.540000
vn -0.000000 -0.000000 2.540000
vn -0.000000 -0.000000 2.540000
vn -0.000000 -0.000000 2.540000
vn -0.000000 -0.000000 2.540000
vn -0.000000 -0.000000 2.540000
vn -0.000000 -0.000000 2.540000
vn -0.000000 -0.000000 2.540000
vn -0.000000 -0.000000 2.540000
vn -0.000000 -0.000000 2.540000
vn -0.000000 -0.000000 2.540000
vn -0.000000 -0.000000 2.540000
vn -0.000000 -0.000000 2.540000
vn -0.000000 -0.000000 2.540000
vn -0.000000 -0.000000 2.540000
vn -0.000000 -0.000000 2.540000
vn -0.000000 -0.000000 2.540000
vn -0.000000 -0.000000 2.540000
vn -0.000000 -0.000000 2.540000
vn -0.000000 -0.000000 2.540000
vn -0.000000 -0.000000 2.540000
vn -0.000000 -0.000000 2.540000
vn -0.000000 -0.000000 2.540000
vn -0.000000 -0.000000 2.540000
vn -0.000000 -0.000000 2.540000
vn -0.000000 -0.000000 2.540000
vn -0.000000 -0.000000 2.540000
vn -0.000000 -0.000000 2.540000
vn -0.000000 -0.000000 2.540000
vn -0.000000 -0.000000 2.540000
vn -0.000000 -0.000000 2.540000
vn -0.000000 -0.000000 2.540000
vn -0.000000 -0.000000 2.540000
vn -0.000000 -0.000000 2.540000
vn -0.000000 -0.000000 2.540000
vn -0.000000 -0.000000 2.540000
vn -0.000000 -0.000000 2.540000
vn -0.000000 -0.000000 2.540000
vn -0.000000 -0.000000 2.540000
vn -0.000000 -0.000000 2.540000
vn -0.000000 -0.000000 2.540000
vn -0.000000 -0.000000 2.540000
vn -0.000000 -0.000000 2.540000
vn -0.000000 -0.000000 2.540000
vn -0.000000 -0.000000 2.540000
vn -0.000000 -0.000000 2.540000
vn -0.000000 -0.000000 2.540000
vn -0.000000 -0.000000 2.540000
vn -0.000000 -0.000000 2.540000
vn -0.000000 -0.000000 2.540000
vn -0.000000 -0.000000 2.540000
vn -0.000000 -0.000000 2.540000
vn -0.000000 -0.000000 2.540000
vn -0.000000 -0.000000 2.540000
vn 0.000000 0.000000 -2.540000
vn 0.000000 0.000000 -2.540000
vn 0.000000 0.000000 -2.540000
vn 0.000000 0.000000 -2.540000
vn 0.000000 0.000000 -2.540000
vn 0.000000 0.000000 -2.540000
vn 0.000000 0.000000 -2.540000
vn 0.000000 0.000000 -2.540000
vn 0.000000 0.000000 -2.540000
vn 0.000000 0.000000 -2.540000
vn 0.000000 0.000000 -2.540000
vn 0.000000 0.000000 -2.540000
vn 0.000000 0.000000 -2.540000
vn 0.000000 0.000000 -2.540000
vn 0.000000 0.000000 -2.540000
vn 0.000000 0.000000 -2.540000
vn 0.000000 0.000000 -2.540000
vn 0.000000 0.000000 -2.540000
vn 0.000000 0.000000 -2.540000
vn 0.000000 0.000000 -2.540000
vn 0.000000 0.000000 -2.540000
vn 0.000000 0.000000 -2.540000
vn 0.000000 0.000000 -2.540000
vn 0.000000 0.000000 -2.540000
vn 0.000000 0.000000 -2.540000
vn 0.000000 0.000000 -2.540000
vn 0.000000 0.000000 -2.540000
vn 0.000000 0.000000 -2.540000
vn 0.000000 0.000000 -2.540000
vn 0.000000 0.000000 -2.540000
vn 0.000000 0.000000 -2.540000
vn 0.000000 0.000000 -2.540000
vn 0.000000 0.000000 -2.540000
vn 0.000000 0.000000 -2.540000
vn 0.000000 0.000000 -2.540000
vn 0.000000 0.000000 -2.540000
vn 0.000000 0.000000 -2.540000
vn 0.000000 0.000000 -2.540000
vn 0.000000 0.000000 -2.540000
vn 0.000000 0.000000 -2.540000
vn 0.000000 0.000000 -2.540000
vn 0.000000 0.000000 -2.540000
vn 0.000000 0.000000 -2.540000
vn 0.000000 0.000000 -2.540000
vn 0.000000 0.000000 -2.540000
vn 0.000000 0.000000 -2.540000
vn 0.000000 0.000000 -2.540000
vn 0.000000 0.000000 -2.540000
vn 0.000000 0.000000 -2.540000
vn 0.000000 0.000000 -2.540000
vn 0.000000 0.000000 -2.540000
vn 0.000000 0.000000 -2.540000
vn 0.000000 0.000000 -2.540000
vn 0.000000 0.000000 -2.540000
vn 0.000000 0.000000 -2.540000
vn 0.000000 0.000000 -2.540000
vn 0.000000 0.000000 -2.540000
vn 0.000000 0.000000 -2.540000
vn 0.000000 0.000000 -2.540000
vn 0.000000 0.000000 -2.540000
vn 0.000000 0.000000 -2.540000
vn 0.000000 0.000000 -2.540000
vn 0.000000 0.000000 -2.540000
vn 0.000000 0.000000 -2.540000
vn 0.000000 0.000000 -2.540000
vn 0.000000 0.000000 -2.540000
vn 0.000000 0.000000 -2.540000
vn 0.000000 0.000000 -2.540000
f 404/758/758 403/800/800 406/757/757
f 406/757/757 403/800/800 405/801/801
f 406/802/802 405/779/779 402/778/778
f 402/778/778 405/779/779 401/780/780
f 402/778/778 401/780/780 398/777/777
f 398/777/777 401/780/780 397/781/781
f 398/777/777 397/781/781 392/776/776
f 392/776/776 397/781/781 391/782/782
f 392/776/776 391/782/782 388/775/775
f 388/775/775 391/782/782 387/783/783
f 388/775/775 387/783/783 382/774/774
f 382/774/774 387/783/783 381/784/784
f 382/774/774 381/784/784 376/773/773
f 376/773/773 381/784/784 375/785/785
f 376/773/773 375/785/785 372/772/772
f 372/772/772 375/785/785 371/786/786
f 372/772/772 371/786/786 368/771/771
f 368/771/771 371/786/786 367/787/787
f 368/771/771 367/787/787 364/770/770
f 364/770/770 367/787/787 363/788/788
f 364/770/770 363/788/788 360/769/769
f 360/769/769 363/788/788 359/789/789
f 360/769/769 359/789/789 358/768/768
f 358/768/768 359/789/789 357/790/790
f 358/768/768 357/790/790 362/767/767
f 362/767/767 357/790/790 361/791/791
f 362/767/767 361/791/791 366/766/766
f 366/766/766 361/791/791 365/792/792
f 366/766/766 365/792/792 370/765/765
f 370/765/765 365/792/792 369/793/793
f 370/765/765 369/793/793 374/764/764
f 374/764/764 369/793/793 373/794/794
f 374/764/764 373/794/794 378/763/763
f 378/763/763 373/794/794 377/795/795
f 378/763/763 377/795/795 384/762/762
f 384/762/762 377/795/795 383/796/796
f 384/762/762 383/796/796 390/761/761
f 390/761/761 383/796/796 389/797/797
f 390/761/761 389/797/797 394/760/760
f 394/760/760 389/797/797 393/798/798
f 394/760/760 393/798/798 400/759/759
f 400/759/759 393/798/798 399/799/799
f 400/759/759 399/799/799 404/758/758
f 404/758/758 399/799/799 403/800/800
f 352/804/804 351/846/846 354/803/803
f 354/803/803 351/846/846 353/847/847
f 354/848/848 353/825/825 350/824/824
f 350/824/824 353/825/825 349/826/826
f 350/824/824 349/826/826 346/823/823
f 346/823/823 349/826/826 345/827/827
f 346/823/823 345/827/827 342/822/822
f 342/822/822 345/827/827 341/828/828
f 342/822/822 341/828/828 338/821/821
f 338/821/821 341/828/828 337/829/829
f 338/821/821 337/829/829 334/820/820
f 334/820/820 337/829/829 333/830/830
f 334/820/820 333/830/830 326/819/819
f 326/819/819 333/830/830 325/831/831
f 326/819/819 325/831/831 320/818/818
f 320/818/818 325/831/831 319/832/832
f 320/818/818 319/832/832 316/817/817
f 316/817/817 319/832/832 315/833/833
f 316/817/817 315/833/833 310/816/816
f 310/816/816 315/833/833 309/834/834
f 310/816/816 309/834/834 306/815/815
f 306/815/815 309/834/834 305/835/835
f 306/815/815 305/835/835 304/814/814
f 304/814/814 305/835/835 303/836/836
f 304/814/814 303/836/836 308/813/813
f 308/813/813 303/836/836 307/837/837
f 308/813/813 307/837/837 312/812/812
f 312/812/812 307/837/837 311/838/838
f 312/812/812 311/838/838 318/811/811
f 318/811/811 311/838/838 317/839/839
f 318/811/811 317/839/839 322/810/810
f 322/810/810 317/839/839 321/840/840
f 322/810/810 321/840/840 328/809/809
f 328/809/809 321/840/840 327/841/841
f 328/809/809 327/841/841 336/808/808
f 336/808/808 327/841/841 335/842/842
f 336/808/808 335/842/842 340/807/807
f 340/807/807 335/842/842 339/843/843
f 340/807/807 339/843/843 344/806/806
f 344/806/806 339/843/843 343/844/844
f 344/806/806 343/844/844 348/805/805
f 348/805/805 343/844/844 347/845/845
f 348/805/805 347/845/845 352/804/804
f 352/804/804 347/845/845 351/846/846
f 329/849/849 355/850/850 330/852/852
f 330/852/852 355/850/850 356/851/851
f 295/853/853 329/854/854 296/856/856
f 296/856/856 329/854/854 330/855/855
f 332/880/880 331/857/857 324/879/879
f 324/879/879 331/857/857 323/858/858
f 324/879/879 323/858/858 314/878/878
f 314/878/878 323/858/858 313/859/859
f 314/878/878 313/859/859 302/877/877
f 302/877/877 313/859/859 301/860/860
f 302/877/877 301/860/860 300/876/876
f 300/876/876 301/860/860 299/861/861
f 300/876/876 299/861/861 298/875/875
f 298/875/875 299/861/861 297/862/862
f 298/875/875 297/862/862 294/874/874
f 294/874/874 297/862/862 293/863/863
f 294/874/874 293/863/863 290/873/873
f 290/873/873 293/863/863 289/864/864
f 290/873/873 289/864/864 286/872/872
f 286/872/872 289/864/864 285/865/865
f 286/872/872 285/865/865 288/871/871
f 288/871/871 285/865/865 287/866/866
f 288/871/871 287/866/866 292/870/870
f 292/870/870 287/866/866 291/867/867
f 292/870/870 291/867/867 296/869/869
f 296/869/869 291/867/867 295/868/868
f 379/881/881 331/882/882 380/884/884
f 380/884/884 331/882/882 332/883/883
f 420/902/902 419/885/885 416/901/901
f 416/901/901 419/885/885 415/886/886
f 416/901/901 415/886/886 414/900/900
f 414/900/900 415/886/886 413/887/887
f 414/900/900 413/887/887 412/899/899
f 412/899/899 413/887/887 411/888/888
f 412/899/899 411/888/888 410/898/898
f 410/898/898 411/888/888 409/889/889
f 410/898/898 409/889/889 408/897/897
f 408/897/897 409/889/889 407/890/890
f 408/897/897 407/890/890 396/896/896
f 396/896/896 407/890/890 395/891/891
f 396/896/896 395/891/891 386/895/895
f 386/895/895 395/891/891 385/892/892
f 386/895/895 385/892/892 380/894/894
f 380/894/894 385/892/892 379/893/893
f 417/903/903 419/904/904 418/906/906
f 418/906/906 419/904/904 420/905/905
f 355/907/907 417/908/908 356/910/910
f 356/910/910 417/908/908 418/909/909
f 418/912/912 388/961/961 356/911/911
f 356/911/911 388/961/961 382/962/962
f 356/911/911 382/962/962 376/963/963
f 388/961/961 418/912/912 392/960/960
f 392/960/960 418/912/912 420/913/913
f 392/960/960 420/913/913 398/959/959
f 398/959/959 420/913/913 402/958/958
f 402/958/958 420/913/913 406/957/957
f 406/957/957 420/913/913 416/914/914
f 406/957/957 416/914/914 404/978/978
f 404/978/978 416/914/914 414/915/915
f 404/978/978 414/915/915 400/977/977
f 400/977/977 414/915/915 412/916/916
f 400/977/977 412/916/916 410/917/917
f 400/977/977 410/917/917 394/976/976
f 394/976/976 410/917/917 408/918/918
f 394/976/976 408/918/918 390/975/975
f 390/975/975 408/918/918 396/919/919
f 390/975/975 396/919/919 386/920/920
f 390/975/975 386/920/920 384/974/974
f 384/974/974 386/920/920 380/921/921
f 384/974/974 380/921/921 378/973/973
f 378/973/973 380/921/921 374/972/972
f 374/972/972 380/921/921 370/971/971
f 370/971/971 380/921/921 366/970/970
f 366/970/970 380/921/921 332/922/922
f 366/970/970 332/922/922 348/955/955
f 348/955/955 332/922/922 344/954/954
f 344/954/954 332/922/922 340/953/953
f 340/953/953 332/922/922 336/952/952
f 336/952/952 332/922/922 328/951/951
f 328/951/951 332/922/922 324/923/923
f 328/951/951 324/923/923 322/950/950
f 322/950/950 324/923/923 314/924/924
f 322/950/950 314/924/924 302/925/925
f 322/950/950 302/925/925 318/949/949
f 318/949/949 302/925/925 300/926/926
f 318/949/949 300/926/926 312/948/948
f 312/948/948 300/926/926 298/927/927
f 312/948/948 298/927/927 294/928/928
f 312/948/948 294/928/928 308/947/947
f 308/947/947 294/928/928 290/929/929
f 308/947/947 290/929/929 304/946/946
f 304/946/946 290/929/929 286/930/930
f 304/946/946 286/930/930 288/931/931
f 304/946/946 288/931/931 306/945/945
f 306/945/945 288/931/931 292/932/932
f 306/945/945 292/932/932 310/944/944
f 310/944/944 292/932/932 296/933/933
f 310/944/944 296/933/933 316/943/943
f 316/943/943 296/933/933 320/942/942
f 320/942/942 296/933/933 330/934/934
f 320/942/942 330/934/934 326/941/941
f 326/941/941 330/934/934 334/940/940
f 334/940/940 330/934/934 338/939/939
f 338/939/939 330/934/934 342/938/938
f 342/938/938 330/934/934 346/937/937
f 346/937/937 330/934/934 356/911/911
f 346/937/937 356/911/911 350/936/936
f 350/936/936 356/911/911 360/967/967
f 350/936/936 360/967/967 354/935/935
f 354/935/935 360/967/967 358/968/968
f 354/935/935 358/968/968 352/956/956
f 352/956/956 358/968/968 362/969/969
f 352/956/956 362/969/969 348/955/955
f 348/955/955 362/969/969 366/970/970
f 376/963/963 372/964/964 356/911/911
f 356/911/911 372/964/964 368/965/965
f 356/911/911 368/965/965 364/966/966
f 364/966/966 360/967/967 356/911/911
f 355/980/980 387/1043/1043 417/979/979
f 417/979/979 387/1043/1043 391/1044/1044
f 417/979/979 391/1044/1044 419/1002/1002
f 419/1002/1002 391/1044/1044 397/1045/1045
f 419/1002/1002 397/1045/1045 401/1046/1046
f 329/981/981 345/1023/1023 355/980/980
f 355/980/980 345/1023/1023 349/1024/1024
f 355/980/980 349/1024/1024 359/1037/1037
f 359/1037/1037 349/1024/1024 357/1036/1036
f 357/1036/1036 349/1024/1024 353/1003/1003
f 357/1036/1036 353/1003/1003 361/1035/1035
f 361/1035/1035 353/1003/1003 351/1004/1004
f 361/1035/1035 351/1004/1004 365/1034/1034
f 365/1034/1034 351/1004/1004 347/1005/1005
f 365/1034/1034 347/1005/1005 379/994/994
f 379/994/994 347/1005/1005 331/993/993
f 331/993/993 347/1005/1005 343/1006/1006
f 331/993/993 343/1006/1006 339/1007/1007
f 295/982/982 319/1018/1018 329/981/981
f 329/981/981 319/1018/1018 325/1019/1019
f 329/981/981 325/1019/1019 333/1020/1020
f 291/983/983 309/1016/1016 295/982/982
f 295/982/982 309/1016/1016 315/1017/1017
f 295/982/982 315/1017/1017 319/1018/1018
f 309/1016/1016 291/983/983 305/1015/1015
f 305/1015/1015 291/983/983 287/984/984
f 305/1015/1015 287/984/984 303/1014/1014
f 303/1014/1014 287/984/984 285/985/985
f 303/1014/1014 285/985/985 289/986/986
f 303/1014/1014 289/986/986 307/1013/1013
f 307/1013/1013 289/986/986 293/987/987
f 307/1013/1013 293/987/987 311/1012/1012
f 311/1012/1012 293/987/987 297/988/988
f 311/1012/1012 297/988/988 299/989/989
f 311/1012/1012 299/989/989 317/1011/1011
f 317/1011/1011 299/989/989 301/990/990
f 317/1011/1011 301/990/990 321/1010/1010
f 321/1010/1010 301/990/990 313/991/991
f 321/1010/1010 313/991/991 323/992/992
f 321/1010/1010 323/992/992 327/1009/1009
f 327/1009/1009 323/992/992 331/993/993
f 327/1009/1009 331/993/993 335/1008/1008
f 335/1008/1008 331/993/993 339/1007/1007
f 385/995/995 383/1030/1030 379/994/994
f 379/994/994 383/1030/1030 377/1031/1031
f 379/994/994 377/1031/1031 373/1032/1032
f 383/1030/1030 385/995/995 389/1029/1029
f 389/1029/1029 385/995/995 395/996/996
f 389/1029/1029 395/996/996 407/997/997
f 389/1029/1029 407/997/997 393/1028/1028
f 393/1028/1028 407/997/997 409/998/998
f 393/1028/1028 409/998/998 399/1027/1027
f 399/1027/1027 409/998/998 411/999/999
f 399/1027/1027 411/999/999 413/1000/1000
f 399/1027/1027 413/1000/1000 403/1026/1026
f 403/1026/1026 413/1000/1000 415/1001/1001
f 403/1026/1026 415/1001/1001 405/1025/1025
f 405/1025/1025 415/1001/1001 419/1002/1002
f 405/1025/1025 419/1002/1002 401/1046/1046
f 333/1020/1020 337/1021/1021 329/981/981
f 329/981/981 337/1021/1021 341/1022/1022
f 329/981/981 341/1022/1022 345/1023/1023
f 373/1032/1032 369/1033/1033 379/994/994
f 379/994/994 369/1033/1033 365/1034/1034
f 359/1037/1037 363/1038/1038 355/980/980
f 355/980/980 363/1038/1038 367/1039/1039
f 355/980/980 367/1039/1039 371/1040/1040
f 371/1040/1040 375/1041/1041 355/980/980
f 355/980/980 375/1041/1041 381/1042/1042
f 355/980/980 381/1042/1042 387/1043/1043
g Solid1:4

v -34.828820 -0.074986 -28.011849
v -34.828820 -0.074986 -24.011849
v -32.828820 -4.074986 -28.011849
v -32.828820 -4.074986 -24.011849
v 7.171179 70.925014 -28.011849
v 7.171179 70.925014 -24.011849
v 37.171181 70.925014 -28.011849
v 37.171181 70.925014 -24.011849
v 42.171180 -4.074986 -28.011849
v 42.171180 -4.074986 -24.011849
v 44.775903 -3.847102 -28.011849
v 44.775903 -3.847102 -24.011849
v 47.301479 -3.170375 -28.011849
v 47.301479 -3.170375 -24.011849
v 49.671181 -2.065367 -28.011849
v 49.671181 -2.065367 -24.011849
v 51.812992 -0.565652 -28.011849
v 51.812992 -0.565652 -24.011849
v 53.661847 1.283200 -28.011849
v 53.661847 1.283200 -24.011849
v 55.161564 3.425014 -28.011849
v 55.161564 3.425014 -24.011849
v 56.266570 5.794712 -28.011849
v 56.266570 5.794712 -24.011849
v 56.943298 8.320292 -28.011849
v 56.943298 8.320292 -24.011849
v 57.171182 10.925014 -28.011849
v 57.171182 10.925014 -24.011849
v 57.171182 25.925013 -28.011849
v 57.171182 25.925013 -24.011849
vt -116.839996 -57.150002 0.000000
vt -116.261177 -63.765995 0.000000
vt -114.542290 -70.180969 0.000000
vt -111.735565 -76.199997 0.000000
vt -107.926292 -81.640205 0.000000
vt -103.230209 -86.336296 0.000000
vt -97.790001 -90.145569 0.000000
vt -91.770966 -92.952286 0.000000
vt -85.355995 -94.671173 0.000000
vt -78.739998 -95.250000 0.000000
vt 111.760002 -95.250000 0.000000
vt 116.839996 -85.089996 0.000000
vt 10.160000 95.250000 0.000000
vt -66.040001 95.250000 0.000000
vt -116.839996 -19.049999 0.000000
vt 190.500000 -5.080000 0.000000
vt 190.500000 5.080000 0.000000
vt 0.000000 5.080000 0.000000
vt 0.000000 -5.080000 0.000000
vt 11.359225 -5.080000 0.000000
vt 11.359225 5.080000 0.000000
vt 0.000000 5.080000 0.000000
vt 0.000000 -5.080000 0.000000
vt 209.530762 -5.080000 0.000000
vt 209.530762 5.080000 0.000000
vt 0.000000 5.080000 0.000000
vt 0.000000 -5.080000 0.000000
vt 76.199997 -5.080000 0.000000
vt 76.199997 5.080000 0.000000
vt 0.000000 5.080000 0.000000
vt 0.000000 -5.080000 0.000000
vt 125.080498 -5.080000 0.000000
vt 125.080498 5.080000 0.000000
vt 0.000000 5.080000 0.000000
vt 0.000000 -5.080000 0.000000
vt 38.099998 -5.080000 0.000000
vt 38.099998 5.080000 0.000000
vt 0.000000 5.080000 0.000000
vt 0.000000 -5.080000 0.000000
vt 5.080000 59.847340 0.000000
vt -5.080000 59.847340 0.000000
vt -5.080000 53.197632 0.000000
vt -5.080000 46.547928 0.000000
vt -5.080000 39.898228 0.000000
vt -5.080000 33.248520 0.000000
vt -5.080000 26.598816 0.000000
vt -5.080000 19.949114 0.000000
vt -5.080000 13.299408 0.000000
vt -5.080000 6.649704 0.000000
vt -5.080000 0.000000 0.000000
vt 5.080000 0.000000 0.000000
vt 5.080000 6.649704 0.000000
vt 5.080000 13.299408 0.000000
vt 5.080000 19.949114 0.000000
vt 5.080000 26.598816 0.000000
vt 5.080000 33.248520 0.000000
vt 5.080000 39.898228 0.000000
vt 5.080000 46.547928 0.000000
vt 5.080000 53.197632 0.000000
vt 78.739998 -95.250000 0.000000
vt 85.355995 -94.671173 0.000000
vt 91.770966 -92.952286 0.000000
vt 97.790001 -90.145569 0.000000
vt 103.230209 -86.336296 0.000000
vt 107.926292 -81.640205 0.000000
vt 111.735565 -76.199997 0.000000
vt 114.542290 -70.180969 0.000000
vt 116.261177 -63.765995 0.000000
vt 116.839996 -57.150002 0.000000
vt 116.839996 -19.049999 0.000000
vt 66.040001 95.250000 0.000000
vt -10.160000 95.250000 0.000000
vt -116.839996 -85.089996 0.000000
vt -111.760002 -95.250000 0.000000
vn 0.000000 0.000000 -2.540000
vn 0.000000 0.000000 -2.540000
vn 0.000000 0.000000 -2.540000
vn 0.000000 0.000000 -2.540000
vn 0.000000 0.000000 -2.540000
vn 0.000000 0.000000 -2.540000
vn 0.000000 0.000000 -2.540000
vn 0.000000 0.000000 -2.540000
vn 0.000000 0.000000 -2.540000
vn 0.000000 0.000000 -2.540000
vn 0.000000 0.000000 -2.540000
vn 0.000000 0.000000 -2.540000
vn 0.000000 0.000000 -2.540000
vn 0.000000 0.000000 -2.540000
vn 0.000000 0.000000 -2.540000
vn 0.000000 -2.540000 -0.000000
vn 0.000000 -2.540000 -0.000000
vn 0.000000 -2.540000 -0.000000
vn 0.000000 -2.540000 -0.000000
vn -2.271845 -1.135923 -0.000000
vn -2.271845 -1.135923 -0.000000
vn -2.271845 -1.135923 -0.000000
vn -2.271845 -1.135923 -0.000000
vn -2.186140 1.293210 0.000000
vn -2.186140 1.293210 0.000000
vn -2.186140 1.293210 0.000000
vn -2.186140 1.293210 0.000000
vn -0.000000 2.540000 0.000000
vn -0.000000 2.540000 0.000000
vn -0.000000 2.540000 0.000000
vn -0.000000 2.540000 0.000000
vn 2.321081 1.031592 0.000000
vn 2.321081 1.031592 0.000000
vn 2.321081 1.031592 0.000000
vn 2.321081 1.031592 0.000000
vn 2.540000 0.000000 0.000000
vn 2.540000 0.000000 0.000000
vn 2.540000 0.000000 0.000000
vn 2.540000 0.000000 0.000000
vn 2.540000 0.000000 0.000000
vn 2.540000 0.000000 0.000000
vn 2.501412 -0.441066 -0.000000
vn 2.386819 -0.868731 -0.000000
vn 2.199704 -1.270000 -0.000000
vn 1.945753 -1.632681 -0.000000
vn 1.632681 -1.945753 -0.000000
vn 1.270000 -2.199704 -0.000000
vn 0.868731 -2.386819 -0.000000
vn 0.441066 -2.501412 -0.000000
vn 0.000000 -2.540000 -0.000000
vn 0.000000 -2.540000 -0.000000
vn 0.441066 -2.501412 -0.000000
vn 0.868731 -2.386819 -0.000000
vn 1.270000 -2.199704 -0.000000
vn 1.632681 -1.945753 -0.000000
vn 1.945753 -1.632681 -0.000000
vn 2.199704 -1.270000 -0.000000
vn 2.386819 -0.868731 -0.000000
vn 2.501412 -0.441066 -0.000000
vn -0.000000 -0.000000 2.540000
vn -0.000000 -0.000000 2.540000
vn -0.000000 -0.000000 2.540000
vn -0.000000 -0.000000 2.540000
vn -0.000000 -0.000000 2.540000
vn -0.000000 -0.000000 2.540000
vn -0.000000 -0.000000 2.540000
vn -0.000000 -0.000000 2.540000
vn -0.000000 -0.000000 2.540000
vn -0.000000 -0.000000 2.540000
vn -0.000000 -0.000000 2.540000
vn -0.000000 -0.000000 2.540000
vn -0.000000 -0.000000 2.540000
vn -0.000000 -0.000000 2.540000
vn -0.000000 -0.000000 2.540000
f 449/1061/1061 447/1047/1047 429/1056/1056
f 429/1056/1056 447/1047/1047 445/1048/1048
f 429/1056/1056 445/1048/1048 443/1049/1049
f 443/1049/1049 441/1050/1050 429/1056/1056
f 429/1056/1056 441/1050/1050 439/1051/1051
f 429/1056/1056 439/1051/1051 437/1052/1052
f 437/1052/1052 435/1053/1053 429/1056/1056
f 429/1056/1056 435/1053/1053 433/1054/1054
f 429/1056/1056 433/1054/1054 431/1055/1055
f 423/1057/1057 421/1058/1058 429/1056/1056
f 429/1056/1056 421/1058/1058 449/1061/1061
f 421/1058/1058 425/1059/1059 449/1061/1061
f 449/1061/1061 425/1059/1059 427/1060/1060
f 430/1063/1063 424/1064/1064 429/1062/1062
f 429/1062/1062 424/1064/1064 423/1065/1065
f 424/1067/1067 422/1068/1068 423/1066/1066
f 423/1066/1066 422/1068/1068 421/1069/1069
f 422/1071/1071 426/1072/1072 421/1070/1070
f 421/1070/1070 426/1072/1072 425/1073/1073
f 426/1075/1075 428/1076/1076 425/1074/1074
f 425/1074/1074 428/1076/1076 427/1077/1077
f 428/1079/1079 450/1080/1080 427/1078/1078
f 427/1078/1078 450/1080/1080 449/1081/1081
f 450/1083/1083 448/1084/1084 449/1082/1082
f 449/1082/1082 448/1084/1084 447/1085/1085
f 447/1086/1086 448/1087/1087 445/1105/1105
f 445/1105/1105 448/1087/1087 446/1088/1088
f 445/1105/1105 446/1088/1088 443/1104/1104
f 443/1104/1104 446/1088/1088 444/1089/1089
f 443/1104/1104 444/1089/1089 441/1103/1103
f 441/1103/1103 444/1089/1089 442/1090/1090
f 441/1103/1103 442/1090/1090 439/1102/1102
f 439/1102/1102 442/1090/1090 440/1091/1091
f 439/1102/1102 440/1091/1091 437/1101/1101
f 437/1101/1101 440/1091/1091 438/1092/1092
f 437/1101/1101 438/1092/1092 435/1100/1100
f 435/1100/1100 438/1092/1092 436/1093/1093
f 435/1100/1100 436/1093/1093 433/1099/1099
f 433/1099/1099 436/1093/1093 434/1094/1094
f 433/1099/1099 434/1094/1094 431/1098/1098
f 431/1098/1098 434/1094/1094 432/1095/1095
f 431/1098/1098 432/1095/1095 429/1097/1097
f 429/1097/1097 432/1095/1095 430/1096/1096
f 432/1107/1107 434/1108/1108 430/1106/1106
f 430/1106/1106 434/1108/1108 436/1109/1109
f 430/1106/1106 436/1109/1109 438/1110/1110
f 438/1110/1110 440/1111/1111 430/1106/1106
f 430/1106/1106 440/1111/1111 442/1112/1112
f 430/1106/1106 442/1112/1112 444/1113/1113
f 444/1113/1113 446/1114/1114 430/1106/1106
f 430/1106/1106 446/1114/1114 448/1115/1115
f 430/1106/1106 448/1115/1115 450/1116/1116
f 428/1117/1117 426/1118/1118 450/1116/1116
f 450/1116/1116 426/1118/1118 422/1119/1119
f 450/1116/1116 422/1119/1119 430/1106/1106
f 430/1106/1106 422/1119/1119 424/1120/1120
g Solid1:5

v 42.171180 -0.074986 -24.011849
v 42.171180 -0.074986 73.988151
v 44.081310 0.092129 -24.011849
v 44.081310 0.092129 73.988151
v 45.933402 0.588395 -24.011849
v 45.933402 0.588395 73.988151
v 47.671180 1.398735 -24.011849
v 47.671180 1.398735 73.988151
v 49.241844 2.498526 -24.011849
v 49.241844 2.498526 73.988151
v 50.597666 3.854351 -24.011849
v 50.597666 3.854351 73.988151
v 51.697458 5.425014 -24.011849
v 51.697458 5.425014 73.988151
v 52.369217 -0.074986 -24.011849
v 52.369217 -0.074986 73.988151
v 52.507796 7.162793 -24.011849
v 52.507796 7.162793 73.988151
v 53.004067 9.014884 -24.011849
v 53.004067 9.014884 73.988151
v 53.171181 10.925014 -24.011849
v 53.171181 10.925014 73.988151
v 53.777874 1.423192 -24.011849
v 53.777874 1.423192 73.988151
v 54.968384 3.099955 -24.011849
v 54.968384 3.099955 73.988151
v 55.918370 4.923789 -24.011849
v 55.918370 4.923789 73.988151
v 56.609983 6.860416 -24.011849
v 56.609983 6.860416 73.988151
v 57.030219 8.873435 -24.011849
v 57.030219 8.873435 73.988151
v 57.171182 10.925014 -24.011849
v 57.171182 10.925014 73.988151
vt 19.049999 -13.970000 0.000000
vt 14.198270 -13.545528 0.000000
vt 9.493958 -12.285012 0.000000
vt 5.080000 -10.226749 0.000000
vt 1.090514 -7.433282 0.000000
vt -2.353282 -3.989486 0.000000
vt -5.146750 0.000000 0.000000
vt -7.205012 4.413957 0.000000
vt -8.465528 9.118270 0.000000
vt -8.890000 13.970000 0.000000
vt -19.049999 13.970000 0.000000
vt -18.691957 8.758989 0.000000
vt -17.624559 3.645918 0.000000
vt -15.867868 -1.273113 0.000000
vt -13.454900 -5.905651 0.000000
vt -10.431005 -10.164629 0.000000
vt -6.853019 -13.970000 0.000000
vt 10.160000 -124.459999 0.000000
vt 10.160000 124.459999 0.000000
vt 0.000000 124.459999 0.000000
vt 0.000000 -124.459999 0.000000
vt 124.459991 59.847340 0.000000
vt -124.459991 59.847340 0.000000
vt -124.459991 54.619942 0.000000
vt -124.459991 49.392544 0.000000
vt -124.459991 44.165150 0.000000
vt -124.459991 38.937756 0.000000
vt -124.459991 33.710358 0.000000
vt -124.459991 28.482962 0.000000
vt 124.459991 28.482962 0.000000
vt 124.459991 33.710358 0.000000
vt 124.459991 38.937756 0.000000
vt 124.459991 44.165150 0.000000
vt 124.459991 49.392544 0.000000
vt 124.459991 54.619942 0.000000
vt 25.903019 -124.459999 0.000000
vt 25.903019 124.459999 0.000000
vt 0.000000 124.459999 0.000000
vt 0.000000 -124.459999 0.000000
vt -124.460007 -87.776100 0.000000
vt 124.460007 -87.776100 0.000000
vt 124.460007 -82.899651 0.000000
vt 124.460007 -78.023201 0.000000
vt 124.460007 -73.146751 0.000000
vt 124.460007 -68.270302 0.000000
vt 124.460007 -63.393852 0.000000
vt 124.460007 -58.517403 0.000000
vt 124.460007 -53.640949 0.000000
vt 124.460007 -48.764500 0.000000
vt 124.460007 -43.888050 0.000000
vt -124.460007 -43.888050 0.000000
vt -124.460007 -48.764500 0.000000
vt -124.460007 -53.640949 0.000000
vt -124.460007 -58.517403 0.000000
vt -124.460007 -63.393852 0.000000
vt -124.460007 -68.270302 0.000000
vt -124.460007 -73.146751 0.000000
vt -124.460007 -78.023201 0.000000
vt -124.460007 -82.899651 0.000000
vt 8.890000 13.970000 0.000000
vt 8.465528 9.118270 0.000000
vt 7.205012 4.413957 0.000000
vt 5.146750 0.000000 0.000000
vt 2.353282 -3.989486 0.000000
vt -1.090514 -7.433282 0.000000
vt -5.080000 -10.226749 0.000000
vt -9.493958 -12.285012 0.000000
vt -14.198270 -13.545528 0.000000
vt -19.049999 -13.970000 0.000000
vt 6.853019 -13.970000 0.000000
vt 10.431005 -10.164629 0.000000
vt 13.454900 -5.905651 0.000000
vt 15.867868 -1.273113 0.000000
vt 17.624559 3.645918 0.000000
vt 18.691957 8.758989 0.000000
vt 19.049999 13.970000 0.000000
vn -0.000000 0.000000 -2.540000
vn -0.000000 0.000000 -2.540000
vn -0.000000 0.000000 -2.540000
vn -0.000000 0.000000 -2.540000
vn -0.000000 0.000000 -2.540000
vn -0.000000 0.000000 -2.540000
vn -0.000000 0.000000 -2.540000
vn -0.000000 0.000000 -2.540000
vn -0.000000 0.000000 -2.540000
vn -0.000000 0.000000 -2.540000
vn -0.000000 0.000000 -2.540000
vn -0.000000 0.000000 -2.540000
vn -0.000000 0.000000 -2.540000
vn -0.000000 0.000000 -2.540000
vn -0.000000 0.000000 -2.540000
vn -0.000000 0.000000 -2.540000
vn -0.000000 0.000000 -2.540000
vn 0.000000 2.540000 0.000000
vn 0.000000 2.540000 0.000000
vn 0.000000 2.540000 0.000000
vn 0.000000 2.540000 0.000000
vn 2.540000 0.000000 -0.000000
vn 2.540000 0.000000 -0.000000
vn 2.516130 -0.347401 -0.000000
vn 2.444971 -0.688272 -0.000000
vn 2.327858 -1.016208 -0.000000
vn 2.166993 -1.325043 -0.000000
vn 1.965400 -1.608975 -0.000000
vn 1.726868 -1.862667 -0.000000
vn 1.726868 -1.862667 -0.000000
vn 1.965400 -1.608975 -0.000000
vn 2.166993 -1.325043 -0.000000
vn 2.327858 -1.016208 -0.000000
vn 2.444971 -0.688272 -0.000000
vn 2.516130 -0.347401 -0.000000
vn -0.000000 -2.540000 -0.000000
vn -0.000000 -2.540000 -0.000000
vn -0.000000 -2.540000 -0.000000
vn -0.000000 -2.540000 -0.000000
vn 0.000000 2.540000 0.000000
vn 0.000000 2.540000 0.000000
vn -0.441066 2.501412 0.000000
vn -0.868731 2.386819 0.000000
vn -1.270000 2.199704 0.000000
vn -1.632681 1.945753 0.000000
vn -1.945753 1.632681 0.000000
vn -2.199704 1.270000 0.000000
vn -2.386819 0.868731 0.000000
vn -2.501412 0.441066 0.000000
vn -2.540000 -0.000000 0.000000
vn -2.540000 -0.000000 0.000000
vn -2.501412 0.441066 0.000000
vn -2.386819 0.868731 0.000000
vn -2.199704 1.270000 0.000000
vn -1.945753 1.632681 0.000000
vn -1.632681 1.945753 0.000000
vn -1.270000 2.199704 0.000000
vn -0.868731 2.386819 0.000000
vn -0.441066 2.501412 0.000000
vn 0.000000 -0.000000 2.540000
vn 0.000000 -0.000000 2.540000
vn 0.000000 -0.000000 2.540000
vn 0.000000 -0.000000 2.540000
vn 0.000000 -0.000000 2.540000
vn 0.000000 -0.000000 2.540000
vn 0.000000 -0.000000 2.540000
vn 0.000000 -0.000000 2.540000
vn 0.000000 -0.000000 2.540000
vn 0.000000 -0.000000 2.540000
vn 0.000000 -0.000000 2.540000
vn 0.000000 -0.000000 2.540000
vn 0.000000 -0.000000 2.540000
vn 0.000000 -0.000000 2.540000
vn 0.000000 -0.000000 2.540000
vn 0.000000 -0.000000 2.540000
vn 0.000000 -0.000000 2.540000
f 451/1121/1121 453/1122/1122 465/1137/1137
f 465/1137/1137 453/1122/1122 455/1123/1123
f 465/1137/1137 455/1123/1123 457/1124/1124
f 457/1124/1124 459/1125/1125 465/1137/1137
f 465/1137/1137 459/1125/1125 473/1136/1136
f 473/1136/1136 459/1125/1125 461/1126/1126
f 473/1136/1136 461/1126/1126 475/1135/1135
f 475/1135/1135 461/1126/1126 463/1127/1127
f 475/1135/1135 463/1127/1127 477/1134/1134
f 477/1134/1134 463/1127/1127 467/1128/1128
f 477/1134/1134 467/1128/1128 479/1133/1133
f 479/1133/1133 467/1128/1128 469/1129/1129
f 479/1133/1133 469/1129/1129 481/1132/1132
f 481/1132/1132 469/1129/1129 471/1130/1130
f 481/1132/1132 471/1130/1130 483/1131/1131
f 472/1139/1139 484/1140/1140 471/1138/1138
f 471/1138/1138 484/1140/1140 483/1141/1141
f 483/1142/1142 484/1143/1143 481/1155/1155
f 481/1155/1155 484/1143/1143 482/1144/1144
f 481/1155/1155 482/1144/1144 480/1145/1145
f 481/1155/1155 480/1145/1145 479/1154/1154
f 479/1154/1154 480/1145/1145 478/1146/1146
f 479/1154/1154 478/1146/1146 477/1153/1153
f 477/1153/1153 478/1146/1146 476/1147/1147
f 477/1153/1153 476/1147/1147 475/1152/1152
f 475/1152/1152 476/1147/1147 474/1148/1148
f 475/1152/1152 474/1148/1148 473/1151/1151
f 473/1151/1151 474/1148/1148 465/1150/1150
f 465/1150/1150 474/1148/1148 466/1149/1149
f 466/1157/1157 452/1158/1158 465/1156/1156
f 465/1156/1156 452/1158/1158 451/1159/1159
f 451/1160/1160 452/1161/1161 453/1179/1179
f 453/1179/1179 452/1161/1161 454/1162/1162
f 453/1179/1179 454/1162/1162 455/1178/1178
f 455/1178/1178 454/1162/1162 456/1163/1163
f 455/1178/1178 456/1163/1163 457/1177/1177
f 457/1177/1177 456/1163/1163 458/1164/1164
f 457/1177/1177 458/1164/1164 459/1176/1176
f 459/1176/1176 458/1164/1164 460/1165/1165
f 459/1176/1176 460/1165/1165 461/1175/1175
f 461/1175/1175 460/1165/1165 462/1166/1166
f 461/1175/1175 462/1166/1166 463/1174/1174
f 463/1174/1174 462/1166/1166 464/1167/1167
f 463/1174/1174 464/1167/1167 467/1173/1173
f 467/1173/1173 464/1167/1167 468/1168/1168
f 467/1173/1173 468/1168/1168 469/1172/1172
f 469/1172/1172 468/1168/1168 470/1169/1169
f 469/1172/1172 470/1169/1169 471/1171/1171
f 471/1171/1171 470/1169/1169 472/1170/1170
f 484/1196/1196 472/1180/1180 482/1195/1195
f 482/1195/1195 472/1180/1180 470/1181/1181
f 482/1195/1195 470/1181/1181 480/1194/1194
f 480/1194/1194 470/1181/1181 468/1182/1182
f 480/1194/1194 468/1182/1182 478/1193/1193
f 478/1193/1193 468/1182/1182 464/1183/1183
f 478/1193/1193 464/1183/1183 476/1192/1192
f 476/1192/1192 464/1183/1183 462/1184/1184
f 476/1192/1192 462/1184/1184 474/1191/1191
f 474/1191/1191 462/1184/1184 460/1185/1185
f 474/1191/1191 460/1185/1185 466/1190/1190
f 466/1190/1190 460/1185/1185 458/1186/1186
f 466/1190/1190 458/1186/1186 456/1187/1187
f 456/1187/1187 454/1188/1188 466/1190/1190
f 466/1190/1190 454/1188/1188 452/1189/1189
g Solid1:6

v 53.171181 10.925014 -24.011849
v 53.171181 10.925014 73.988151
v 53.171181 25.076156 -24.011849
v 53.171181 25.076156 73.988151
v 57.171182 10.925014 -24.011849
v 57.171182 10.925014 73.988151
v 57.171182 25.925013 -24.011849
v 57.171182 25.925013 73.988151
vt -5.080000 19.049999 0.000000
vt -5.080000 -19.049999 0.000000
vt 5.080000 -19.049999 0.000000
vt 5.080000 16.893902 0.000000
vt 10.160000 -124.459999 0.000000
vt 10.160000 124.459999 0.000000
vt 0.000000 124.459999 0.000000
vt 0.000000 -124.459999 0.000000
vt 35.943901 -124.459999 0.000000
vt 35.943901 124.459999 0.000000
vt 0.000000 124.459999 0.000000
vt 0.000000 -124.459999 0.000000
vt 10.386258 -124.459999 0.000000
vt 10.386258 124.459999 0.000000
vt 0.000000 124.459999 0.000000
vt 0.000000 -124.459999 0.000000
vt 38.099998 -124.459999 0.000000
vt 38.099998 124.459999 0.000000
vt 0.000000 124.459999 0.000000
vt 0.000000 -124.459999 0.000000
vt 5.080000 -19.049999 0.000000
vt 5.080000 19.049999 0.000000
vt -5.080000 16.893902 0.000000
vt -5.080000 -19.049999 0.000000
vn -0.000000 0.000000 -2.540000
vn -0.000000 0.000000 -2.540000
vn -0.000000 0.000000 -2.540000
vn -0.000000 0.000000 -2.540000
vn -0.000000 -2.540000 -0.000000
vn -0.000000 -2.540000 -0.000000
vn -0.000000 -2.540000 -0.000000
vn -0.000000 -2.540000 -0.000000
vn -2.540000 0.000000 0.000000
vn -2.540000 0.000000 0.000000
vn -2.540000 0.000000 0.000000
vn -2.540000 0.000000 0.000000
vn -0.527282 2.484668 0.000000
vn -0.527282 2.484668 0.000000
vn -0.527282 2.484668 0.000000
vn -0.527282 2.484668 0.000000
vn 2.540000 -0.000000 -0.000000
vn 2.540000 -0.000000 -0.000000
vn 2.540000 -0.000000 -0.000000
vn 2.540000 -0.000000 -0.000000
vn 0.000000 -0.000000 2.540000
vn 0.000000 -0.000000 2.540000
vn 0.000000 -0.000000 2.540000
vn 0.000000 -0.000000 2.540000
f 491/1197/1197 489/1198/1198 487/1200/1200
f 487/1200/1200 489/1198/1198 485/1199/1199
f 490/1202/1202 486/1203/1203 489/1201/1201
f 489/1201/1201 486/1203/1203 485/1204/1204
f 486/1206/1206 488/1207/1207 485/1205/1205
f 485/1205/1205 488/1207/1207 487/1208/1208
f 488/1210/1210 492/1211/1211 487/1209/1209
f 487/1209/1209 492/1211/1211 491/1212/1212
f 492/1214/1214 490/1215/1215 491/1213/1213
f 491/1213/1213 490/1215/1215 489/1216/1216
f 492/1218/1218 488/1219/1219 490/1217/1217
f 490/1217/1217 488/1219/1219 486/1220/1220
g Solid1:7

v -34.828820 -0.074986 -24.011849
v -34.828820 -0.074986 73.988151
v -32.792270 3.367755 -24.011849
v -32.792270 3.367755 73.988151
v -30.181360 -0.074986 -24.011849
v -30.181360 -0.074986 73.988151
v -28.144809 3.367755 -24.011849
v -28.144809 3.367755 73.988151
vt 8.488694 -4.372280 0.000000
vt 3.315856 4.372280 0.000000
vt -8.488694 4.372280 0.000000
vt -3.315856 -4.372280 0.000000
vt 11.804549 -124.459999 0.000000
vt 11.804549 124.459999 0.000000
vt 0.000000 124.459999 0.000000
vt 0.000000 -124.459999 0.000000
vt 10.160000 -124.459999 0.000000
vt 10.160000 124.459999 0.000000
vt 0.000000 124.459999 0.000000
vt 0.000000 -124.459999 0.000000
vt 11.804549 -124.459999 0.000000
vt 11.804549 124.459999 0.000000
vt 0.000000 124.459999 0.000000
vt 0.000000 -124.459999 0.000000
vt 10.160000 -124.459999 0.000000
vt 10.160000 124.459999 0.000000
vt 0.000000 124.459999 0.000000
vt 0.000000 -124.459999 0.000000
vt -3.315856 4.372280 0.000000
vt -8.488694 -4.372280 0.000000
vt 3.315856 -4.372280 0.000000
vt 8.488694 4.372280 0.000000
vn 0.000000 0.000000 -2.540000
vn 0.000000 0.000000 -2.540000
vn 0.000000 0.000000 -2.540000
vn 0.000000 0.000000 -2.540000
vn -0.000000 2.540000 0.000000
vn -0.000000 2.540000 0.000000
vn -0.000000 2.540000 0.000000
vn -0.000000 2.540000 0.000000
vn 2.186140 -1.293210 -0.000000
vn 2.186140 -1.293210 -0.000000
vn 2.186140 -1.293210 -0.000000
vn 2.186140 -1.293210 -0.000000
vn 0.000000 -2.540000 -0.000000
vn 0.000000 -2.540000 -0.000000
vn 0.000000 -2.540000 -0.000000
vn 0.000000 -2.540000 -0.000000
vn -2.186140 1.293210 0.000000
vn -2.186140 1.293210 0.000000
vn -2.186140 1.293210 0.000000
vn -2.186140 1.293210 0.000000
vn -0.000000 -0.000000 2.540000
vn -0.000000 -0.000000 2.540000
vn -0.000000 -0.000000 2.540000
vn -0.000000 -0.000000 2.540000
f 493/1221/1221 495/1222/1222 497/1224/1224
f 497/1224/1224 495/1222/1222 499/1223/1223
f 496/1226/1226 500/1227/1227 495/1225/1225
f 495/1225/1225 500/1227/1227 499/1228/1228
f 500/1230/1230 498/1231/1231 499/1229/1229
f 499/1229/1229 498/1231/1231 497/1232/1232
f 498/1234/1234 494/1235/1235 497/1233/1233
f 497/1233/1233 494/1235/1235 493/1236/1236
f 494/1238/1238 496/1239/1239 493/1237/1237
f 493/1237/1237 496/1239/1239 495/1240/1240
f 494/1242/1242 498/1243/1243 496/1241/1241
f 496/1241/1241 498/1243/1243 500/1244/1244
# 500 vertices
# 1244 texture params
# 1244 normals
# 976 facets

# 10 groups
