# WaveFront *.obj file (generated by Autodesk ATF)

mtllib Name.mtl

g Solid1

v 0.000000 0.010605 -0.122879
v 0.000000 0.010605 -0.002879
v 0.000000 0.040981 -0.122879
v 0.000000 0.040981 -0.031291
v 0.000000 0.059460 -0.002879
v 0.000000 0.064311 -0.122879
v 0.000000 0.078170 -0.075872
v 0.000000 0.091799 -0.122879
v 0.000000 0.096765 -0.002879
v 0.000000 0.115129 -0.122879
v 0.000000 0.115129 -0.031291
v 0.000000 0.145504 -0.122879
v 0.000000 0.145504 -0.002879
v 0.000000 0.157169 -0.122879
v 0.000000 0.195052 -0.122879
v 0.000000 0.200942 -0.103014
v 0.000000 0.202328 -0.002879
v 0.000000 0.209027 -0.077027
v 0.000000 0.222193 -0.033947
v 0.000000 0.235360 -0.077027
v 0.000000 0.242867 -0.002879
v 0.000000 0.243098 -0.103014
v 0.000000 0.249104 -0.122879
v 0.000000 0.287910 -0.122879
v 0.000000 0.300037 -0.122879
v 0.000000 0.300037 -0.002879
v 0.000000 0.337111 -0.122879
v 0.000000 0.337111 -0.074371
v 0.000000 0.337111 -0.044919
v 0.000000 0.337111 -0.002879
v 0.000000 0.377650 -0.122879
v 0.000000 0.377650 -0.074371
v 0.000000 0.377650 -0.044919
v 0.000000 0.377650 -0.002879
v 0.000000 0.414956 -0.122879
v 0.000000 0.414956 -0.002879
v 0.000000 0.427429 -0.122879
v 0.000000 0.465312 -0.122879
v 0.000000 0.471202 -0.103014
v 0.000000 0.472588 -0.002879
v 0.000000 0.479287 -0.077027
v 0.000000 0.492453 -0.033947
v 0.000000 0.505620 -0.077027
v 0.000000 0.513127 -0.002879
v 0.000000 0.513358 -0.103014
v 0.000000 0.519364 -0.122879
v 0.000000 0.558170 -0.122879
v 0.000000 0.563598 -0.083148
v 0.000000 0.564995 -0.091868
v 0.000000 0.567684 -0.099780
v 0.000000 0.568103 -0.035911
v 0.000000 0.568760 -0.042645
v 0.000000 0.569445 -0.026931
v 0.000000 0.570730 -0.048759
v 0.000000 0.571665 -0.106883
v 0.000000 0.573473 -0.018471
v 0.000000 0.574015 -0.054253
v 0.000000 0.576938 -0.113177
v 0.000000 0.578613 -0.059125
v 0.000000 0.580201 -0.011137
v 0.000000 0.584030 -0.118331
v 0.000000 0.584691 -0.063456
v 0.000000 0.589643 -0.005535
v 0.000000 0.592530 -0.067325
v 0.000000 0.593469 -0.122013
v 0.000000 0.595537 -0.003463
v 0.000000 0.598940 -0.080954
v 0.000000 0.600673 -0.088577
v 0.000000 0.602131 -0.070732
v 0.000000 0.602405 -0.032677
v 0.000000 0.602419 -0.001984
v 0.000000 0.603098 -0.035333
v 0.000000 0.603228 -0.028966
v 0.000000 0.603560 -0.094120
v 0.000000 0.605177 -0.037758
v 0.000000 0.605253 -0.124221
v 0.000000 0.605697 -0.025920
v 0.000000 0.606758 -0.097304
v 0.000000 0.609623 -0.040068
v 0.000000 0.609782 -0.023885
v 0.000000 0.610291 -0.001096
v 0.000000 0.610576 -0.099578
v 0.000000 0.613493 -0.073678
v 0.000000 0.615016 -0.100942
v 0.000000 0.615456 -0.023206
v 0.000000 0.617650 -0.042147
v 0.000000 0.619152 -0.000800
v 0.000000 0.619383 -0.124958
v 0.000000 0.620076 -0.101397
v 0.000000 0.620264 -0.075374
v 0.000000 0.622472 -0.024130
v 0.000000 0.625677 -0.077114
v 0.000000 0.627049 -0.100458
v 0.000000 0.627814 -0.026902
v 0.000000 0.628969 -0.044807
v 0.000000 0.629734 -0.078897
v 0.000000 0.630012 -0.001334
v 0.000000 0.631539 -0.031695
v 0.000000 0.632261 -0.097643
v 0.000000 0.632434 -0.080723
v 0.000000 0.633704 -0.038682
v 0.000000 0.635408 -0.123702
v 0.000000 0.635509 -0.093615
v 0.000000 0.635552 -0.084650
v 0.000000 0.636592 -0.089039
v 0.000000 0.638555 -0.047475
v 0.000000 0.639494 -0.002937
v 0.000000 0.646409 -0.050149
v 0.000000 0.647596 -0.005607
v 0.000000 0.648372 -0.119934
v 0.000000 0.652530 -0.052831
v 0.000000 0.654320 -0.009347
v 0.000000 0.658550 -0.113726
v 0.000000 0.659745 -0.014255
v 0.000000 0.661611 -0.058836
v 0.000000 0.663950 -0.020434
v 0.000000 0.666216 -0.105150
v 0.000000 0.666935 -0.027884
v 0.000000 0.667833 -0.066113
v 0.000000 0.668700 -0.036603
v 0.000000 0.671024 -0.094943
v 0.000000 0.671428 -0.074501
v 0.000000 0.672626 -0.083841
v 0.000000 0.691221 -0.122879
v 0.000000 0.691221 -0.002879
v 0.000000 0.728411 -0.095737
v 0.000000 0.728411 -0.072061
v 0.000000 0.728411 -0.047576
v 0.000000 0.728411 -0.028519
v 0.000000 0.786043 -0.072061
v 0.000000 0.786043 -0.047576
v 0.000000 0.790547 -0.028519
v 0.000000 0.790547 -0.002879
v 0.000000 0.792395 -0.122879
v 0.000000 0.792395 -0.095737
v 0.000000 0.812607 -0.122879
v 0.000000 0.812607 -0.002879
v 0.000000 0.847256 -0.002879
v 0.000000 0.847487 -0.122879
v 0.000000 0.847487 -0.056815
v 0.000000 0.892530 -0.122879
v 0.000000 0.892530 -0.069289
v 0.000000 0.892530 -0.002879
v 0.000000 0.927525 -0.122879
v 0.000000 0.927525 -0.002879
v 0.000000 0.939999 -0.122879
v 0.000000 0.977881 -0.122879
v 0.000000 0.983772 -0.103014
v 0.000000 0.985158 -0.002879
v 0.000000 0.991856 -0.077027
v 0.000000 1.005023 -0.033947
v 0.000000 1.018189 -0.077027
v 0.000000 1.025697 -0.002879
v 0.000000 1.025928 -0.103014
v 0.000000 1.031933 -0.122879
v 0.000000 1.070740 -0.122879
v 0.045000 0.010605 -0.122879
v 0.045000 0.010605 -0.002879
v 0.045000 0.040981 -0.122879
v 0.045000 0.040981 -0.031291
v 0.045000 0.059460 -0.002879
v 0.045000 0.064311 -0.122879
v 0.045000 0.078170 -0.075872
v 0.045000 0.091799 -0.122879
v 0.045000 0.096765 -0.002879
v 0.045000 0.115129 -0.122879
v 0.045000 0.115129 -0.031291
v 0.045000 0.145504 -0.122879
v 0.045000 0.145504 -0.002879
v 0.045000 0.157169 -0.122879
v 0.045000 0.195052 -0.122879
v 0.045000 0.200942 -0.103014
v 0.045000 0.202328 -0.002879
v 0.045000 0.209027 -0.077027
v 0.045000 0.222193 -0.033947
v 0.045000 0.235360 -0.077027
v 0.045000 0.242867 -0.002879
v 0.045000 0.243098 -0.103014
v 0.045000 0.249104 -0.122879
v 0.045000 0.287910 -0.122879
v 0.045000 0.300037 -0.122879
v 0.045000 0.300037 -0.002879
v 0.045000 0.337111 -0.122879
v 0.045000 0.337111 -0.074371
v 0.045000 0.337111 -0.044919
v 0.045000 0.337111 -0.002879
v 0.045000 0.377650 -0.122879
v 0.045000 0.377650 -0.074371
v 0.045000 0.377650 -0.044919
v 0.045000 0.377650 -0.002879
v 0.045000 0.414956 -0.122879
v 0.045000 0.414956 -0.002879
v 0.045000 0.427429 -0.122879
v 0.045000 0.465312 -0.122879
v 0.045000 0.471202 -0.103014
v 0.045000 0.472588 -0.002879
v 0.045000 0.479287 -0.077027
v 0.045000 0.492453 -0.033947
v 0.045000 0.505620 -0.077027
v 0.045000 0.513127 -0.002879
v 0.045000 0.513358 -0.103014
v 0.045000 0.519364 -0.122879
v 0.045000 0.558170 -0.122879
v 0.045000 0.563598 -0.083148
v 0.045000 0.564851 -0.091267
v 0.045000 0.567463 -0.099237
v 0.045000 0.568103 -0.035911
v 0.045000 0.568700 -0.042346
v 0.045000 0.569510 -0.026724
v 0.045000 0.570706 -0.048693
v 0.045000 0.571535 -0.106685
v 0.045000 0.573560 -0.018389
v 0.045000 0.574137 -0.054407
v 0.045000 0.577009 -0.113259
v 0.045000 0.578613 -0.059125
v 0.045000 0.580790 -0.010677
v 0.045000 0.581790 -0.117039
v 0.045000 0.586977 -0.064729
v 0.045000 0.587005 -0.119825
v 0.045000 0.589665 -0.005559
v 0.045000 0.595710 -0.068579
v 0.045000 0.597885 -0.123082
v 0.045000 0.598940 -0.080954
v 0.045000 0.600537 -0.088181
v 0.045000 0.602405 -0.032677
v 0.045000 0.603076 -0.035292
v 0.045000 0.603227 -0.028969
v 0.045000 0.603560 -0.094120
v 0.045000 0.604479 -0.001681
v 0.045000 0.605177 -0.037758
v 0.045000 0.605697 -0.025920
v 0.045000 0.606813 -0.097345
v 0.045000 0.608693 -0.124559
v 0.045000 0.609941 -0.023845
v 0.045000 0.610429 -0.040340
v 0.045000 0.610728 -0.099642
v 0.045000 0.613493 -0.073678
v 0.045000 0.615456 -0.023206
v 0.045000 0.617650 -0.042147
v 0.045000 0.619152 -0.000800
v 0.045000 0.619383 -0.124958
v 0.045000 0.620076 -0.101397
v 0.045000 0.622278 -0.024073
v 0.045000 0.624072 -0.076545
v 0.045000 0.626845 -0.100520
v 0.045000 0.627795 -0.026888
v 0.045000 0.628830 -0.078438
v 0.045000 0.631637 -0.031907
v 0.045000 0.632261 -0.097643
v 0.045000 0.632434 -0.080723
v 0.045000 0.633704 -0.038682
v 0.045000 0.633896 -0.123948
v 0.045000 0.635081 -0.046448
v 0.045000 0.635496 -0.093640
v 0.045000 0.635539 -0.084625
v 0.045000 0.636592 -0.089039
v 0.045000 0.636888 -0.002362
v 0.045000 0.645919 -0.004933
v 0.045000 0.648409 -0.119900
v 0.045000 0.652530 -0.052831
v 0.045000 0.654411 -0.009432
v 0.045000 0.658331 -0.113902
v 0.045000 0.660329 -0.014948
v 0.045000 0.660886 -0.058216
v 0.045000 0.664616 -0.021774
v 0.045000 0.666196 -0.105188
v 0.045000 0.667289 -0.029160
v 0.045000 0.667777 -0.066042
v 0.045000 0.668700 -0.036603
v 0.045000 0.671011 -0.094978
v 0.045000 0.671482 -0.074701
v 0.045000 0.672626 -0.083841
v 0.045000 0.691221 -0.122879
v 0.045000 0.691221 -0.002879
v 0.045000 0.728411 -0.095737
v 0.045000 0.728411 -0.072061
v 0.045000 0.728411 -0.047576
v 0.045000 0.728411 -0.028519
v 0.045000 0.786043 -0.072061
v 0.045000 0.786043 -0.047576
v 0.045000 0.790547 -0.028519
v 0.045000 0.790547 -0.002879
v 0.045000 0.792395 -0.122879
v 0.045000 0.792395 -0.095737
v 0.045000 0.812607 -0.122879
v 0.045000 0.812607 -0.002879
v 0.045000 0.847256 -0.002879
v 0.045000 0.847487 -0.122879
v 0.045000 0.847487 -0.056815
v 0.045000 0.892530 -0.122879
v 0.045000 0.892530 -0.069289
v 0.045000 0.892530 -0.002879
v 0.045000 0.927525 -0.122879
v 0.045000 0.927525 -0.002879
v 0.045000 0.939999 -0.122879
v 0.045000 0.977881 -0.122879
v 0.045000 0.983772 -0.103014
v 0.045000 0.985158 -0.002879
v 0.045000 0.991856 -0.077027
v 0.045000 1.005023 -0.033947
v 0.045000 1.018189 -0.077027
v 0.045000 1.025697 -0.002879
v 0.045000 1.025928 -0.103014
v 0.045000 1.031933 -0.122879
v 0.045000 1.070740 -0.122879
v 0.045373 0.040967 -0.031180
v 0.045373 0.115143 -0.031180
v 0.045744 0.040925 -0.030847
v 0.045744 0.115184 -0.030847
v 0.045975 0.078170 -0.076260
v 0.045975 0.222193 -0.033618
v 0.045975 0.492453 -0.033618
v 0.045975 0.847391 -0.056504
v 0.045975 0.892626 -0.069600
v 0.045975 1.005023 -0.033618
v 0.046110 0.564096 -0.086477
v 0.046110 0.566141 -0.095393
v 0.046109 0.568286 -0.037905
v 0.046110 0.569633 -0.026762
v 0.046109 0.569933 -0.046398
v 0.046110 0.569959 -0.103924
v 0.046110 0.573669 -0.018470
v 0.046109 0.574091 -0.054134
v 0.046110 0.575150 -0.111122
v 0.046109 0.576290 -0.056723
v 0.046110 0.577102 -0.113168
v 0.046110 0.580870 -0.010777
v 0.046110 0.586435 -0.119424
v 0.046110 0.589707 -0.005686
v 0.046109 0.590197 -0.066166
v 0.046110 0.596766 -0.122719
v 0.046109 0.599008 -0.082305
v 0.046109 0.600159 -0.087415
v 0.046109 0.600939 -0.089655
v 0.046110 0.602027 -0.002183
v 0.046110 0.602828 -0.029567
v 0.046109 0.602873 -0.093385
v 0.046109 0.602871 -0.035180
v 0.046110 0.604475 -0.026903
v 0.046109 0.604713 -0.037525
v 0.046109 0.604978 -0.095905
v 0.046110 0.605615 -0.025821
v 0.046110 0.607055 -0.124285
v 0.046109 0.608644 -0.039841
v 0.046110 0.609904 -0.023718
v 0.046109 0.610008 -0.072737
v 0.046109 0.611034 -0.099911
v 0.046110 0.614310 -0.001011
v 0.046109 0.615623 -0.074040
v 0.046109 0.616224 -0.041983
v 0.046109 0.618455 -0.101483
v 0.046109 0.621347 -0.023698
v 0.046110 0.624176 -0.124732
v 0.046110 0.624740 -0.101143
v 0.046109 0.624875 -0.024905
v 0.046109 0.627071 -0.077519
v 0.046109 0.627874 -0.026783
v 0.046109 0.628623 -0.044850
v 0.046110 0.629862 -0.001445
v 0.046109 0.630493 -0.029658
v 0.046110 0.630720 -0.098943
v 0.046110 0.632345 -0.097740
v 0.046109 0.632388 -0.033297
v 0.046109 0.632887 -0.080963
v 0.046110 0.633545 -0.096594
v 0.046109 0.635617 -0.084490
v 0.046110 0.635922 -0.093031
v 0.046110 0.636309 -0.123406
v 0.046110 0.644007 -0.004384
v 0.046109 0.646323 -0.050199
v 0.046110 0.648364 -0.119775
v 0.046110 0.652432 -0.008283
v 0.046109 0.652472 -0.052945
v 0.046110 0.654346 -0.009551
v 0.046110 0.658245 -0.113806
v 0.046110 0.660227 -0.015027
v 0.046109 0.660619 -0.058166
v 0.046110 0.664492 -0.021825
v 0.046110 0.666087 -0.105109
v 0.046110 0.667164 -0.029197
v 0.046109 0.667663 -0.066108
v 0.046110 0.670886 -0.094945
v 0.046109 0.670924 -0.073241
v 0.046109 0.672378 -0.080820
v 0.046472 0.040759 -0.029524
v 0.046472 0.115350 -0.029524
v 0.046905 0.604929 -0.038043
v 0.046913 0.010986 -0.122498
v 0.046913 0.010986 -0.003259
v 0.046913 0.040600 -0.122498
v 0.046913 0.059165 -0.003259
v 0.046913 0.064607 -0.122498
v 0.046913 0.078171 -0.077409
v 0.046913 0.091503 -0.122498
v 0.046913 0.097061 -0.003259
v 0.046913 0.115509 -0.122498
v 0.046913 0.145124 -0.122498
v 0.046913 0.145124 -0.003259
v 0.046913 0.157719 -0.122498
v 0.046913 0.194768 -0.122498
v 0.046913 0.200658 -0.102633
v 0.046913 0.202591 -0.003259
v 0.046913 0.208512 -0.077408
v 0.046913 0.222193 -0.032645
v 0.046913 0.235874 -0.077408
v 0.046913 0.242603 -0.003259
v 0.046913 0.243381 -0.102633
v 0.046913 0.249386 -0.122498
v 0.046913 0.287361 -0.122498
v 0.046913 0.300418 -0.122498
v 0.046913 0.300418 -0.003259
v 0.046913 0.336731 -0.122498
v 0.046913 0.336731 -0.073990
v 0.046913 0.336731 -0.045300
v 0.046913 0.336731 -0.003259
v 0.046913 0.378031 -0.122498
v 0.046913 0.378031 -0.073990
v 0.046913 0.378031 -0.045300
v 0.046913 0.378031 -0.003259
v 0.046913 0.414575 -0.122498
v 0.046913 0.414575 -0.003259
v 0.046913 0.427979 -0.122498
v 0.046913 0.465028 -0.122498
v 0.046913 0.470918 -0.102633
v 0.046913 0.472851 -0.003259
v 0.046913 0.478772 -0.077408
v 0.046913 0.492453 -0.032645
v 0.046913 0.506134 -0.077408
v 0.046913 0.512863 -0.003259
v 0.046913 0.513640 -0.102633
v 0.046913 0.519646 -0.122498
v 0.046913 0.557621 -0.122498
v 0.046913 0.578865 -0.058840
v 0.046913 0.603256 -0.094350
v 0.046913 0.613577 -0.073306
v 0.046913 0.617580 -0.042521
v 0.046913 0.632687 -0.080438
v 0.046913 0.691602 -0.122498
v 0.046913 0.691602 -0.003259
v 0.046913 0.728030 -0.096118
v 0.046913 0.728030 -0.071680
v 0.046913 0.728030 -0.047956
v 0.046913 0.728030 -0.028138
v 0.046913 0.785663 -0.071680
v 0.046913 0.785663 -0.047956
v 0.046913 0.790167 -0.028138
v 0.046913 0.790167 -0.003259
v 0.046913 0.792015 -0.122498
v 0.046913 0.792015 -0.096118
v 0.046913 0.812988 -0.122498
v 0.046913 0.812988 -0.003259
v 0.046913 0.847055 -0.003259
v 0.046913 0.847106 -0.122498
v 0.046913 0.847106 -0.055581
v 0.046913 0.892731 -0.122498
v 0.046913 0.892911 -0.070523
v 0.046913 0.892911 -0.003259
v 0.046913 0.927145 -0.122498
v 0.046913 0.927145 -0.003259
v 0.046913 0.940549 -0.122498
v 0.046913 0.977597 -0.122498
v 0.046913 0.983488 -0.102633
v 0.046913 0.985421 -0.003259
v 0.046913 0.991342 -0.077408
v 0.046913 1.005023 -0.032645
v 0.046913 1.018704 -0.077408
v 0.046913 1.025433 -0.003259
v 0.046913 1.026210 -0.102633
v 0.046913 1.032216 -0.122498
v 0.046913 1.070191 -0.122498
v 0.047143 0.598523 -0.081463
v 0.047118 0.634094 -0.038188
v 0.047241 0.564174 -0.083644
v 0.047265 0.668088 -0.036097
v 0.047500 0.568773 -0.035911
v 0.047500 0.601735 -0.032677
v 0.047500 0.615456 -0.022536
v 0.047500 0.619152 -0.001470
v 0.047500 0.619383 -0.124288
v 0.047500 0.620076 -0.102066
v 0.047500 0.637262 -0.089039
v 0.047500 0.671957 -0.083841
v 0.047813 0.040114 -0.024380
v 0.047813 0.115995 -0.024380
v 0.048523 0.604223 -0.038853
v 0.048536 0.012070 -0.121414
v 0.048536 0.012070 -0.004343
v 0.048536 0.039516 -0.121414
v 0.048536 0.058323 -0.004343
v 0.048536 0.065449 -0.121414
v 0.048536 0.078175 -0.081787
v 0.048536 0.090660 -0.121414
v 0.048536 0.097903 -0.004343
v 0.048536 0.116593 -0.121414
v 0.048536 0.144040 -0.121414
v 0.048536 0.144040 -0.004343
v 0.048536 0.159285 -0.121414
v 0.048536 0.193959 -0.121414
v 0.048536 0.199849 -0.101549
v 0.048536 0.203342 -0.004343
v 0.048536 0.207048 -0.078491
v 0.048536 0.222193 -0.028937
v 0.048536 0.237339 -0.078491
v 0.048536 0.241852 -0.004343
v 0.048536 0.244185 -0.101549
v 0.048536 0.250191 -0.121414
v 0.048536 0.285796 -0.121414
v 0.048536 0.301502 -0.121414
v 0.048536 0.301502 -0.004343
v 0.048536 0.335647 -0.121414
v 0.048536 0.335647 -0.072906
v 0.048536 0.335647 -0.046384
v 0.048536 0.335647 -0.004343
v 0.048536 0.379115 -0.121414
v 0.048536 0.379115 -0.072906
v 0.048536 0.379115 -0.046384
v 0.048536 0.379115 -0.004343
v 0.048536 0.413491 -0.121414
v 0.048536 0.413491 -0.004343
v 0.048536 0.429545 -0.121414
v 0.048536 0.464218 -0.121414
v 0.048536 0.470109 -0.101549
v 0.048536 0.473602 -0.004343
v 0.048536 0.477308 -0.078491
v 0.048536 0.492453 -0.028937
v 0.048536 0.507599 -0.078491
v 0.048536 0.512112 -0.004343
v 0.048536 0.514445 -0.101549
v 0.048536 0.520451 -0.121414
v 0.048536 0.556056 -0.121414
v 0.048536 0.565419 -0.086294
v 0.048536 0.567411 -0.094982
v 0.048536 0.569620 -0.037833
v 0.048536 0.570907 -0.027165
v 0.048536 0.571109 -0.103250
v 0.048536 0.571192 -0.045958
v 0.048536 0.574765 -0.019219
v 0.048536 0.575157 -0.053332
v 0.048536 0.576143 -0.110229
v 0.048536 0.577258 -0.055804
v 0.048536 0.578020 -0.112198
v 0.048536 0.579578 -0.058024
v 0.048536 0.581681 -0.011840
v 0.048536 0.586998 -0.118209
v 0.048536 0.590234 -0.006909
v 0.048536 0.590753 -0.064951
v 0.048536 0.597054 -0.121414
v 0.048536 0.598880 -0.087804
v 0.048536 0.599698 -0.090149
v 0.048536 0.601581 -0.029087
v 0.048536 0.601673 -0.035765
v 0.048536 0.601766 -0.094132
v 0.048536 0.602244 -0.003500
v 0.048536 0.602401 -0.095016
v 0.048536 0.603488 -0.026010
v 0.048536 0.603815 -0.038514
v 0.048536 0.604034 -0.096847
v 0.048536 0.604765 -0.024790
v 0.048536 0.607186 -0.122956
v 0.048536 0.608155 -0.041085
v 0.048536 0.609560 -0.022432
v 0.048536 0.610323 -0.071439
v 0.048536 0.610527 -0.101145
v 0.048536 0.613813 -0.072249
v 0.048536 0.614357 -0.002346
v 0.048536 0.615934 -0.072740
v 0.048536 0.615943 -0.043289
v 0.048536 0.617360 -0.043583
v 0.048536 0.618384 -0.102816
v 0.048536 0.621648 -0.022397
v 0.048536 0.624120 -0.123397
v 0.048536 0.624980 -0.102457
v 0.048536 0.625440 -0.023695
v 0.048536 0.627577 -0.076282
v 0.048536 0.628294 -0.046145
v 0.048536 0.628726 -0.025759
v 0.048536 0.629722 -0.002774
v 0.048536 0.631435 -0.100068
v 0.048536 0.631586 -0.028893
v 0.048536 0.633220 -0.098750
v 0.048536 0.633413 -0.079633
v 0.048536 0.633629 -0.032811
v 0.048536 0.633802 -0.079990
v 0.048536 0.634515 -0.097510
v 0.048536 0.636066 -0.122093
v 0.048536 0.636807 -0.083890
v 0.048536 0.637151 -0.093552
v 0.048536 0.643566 -0.005638
v 0.048536 0.645847 -0.051450
v 0.048536 0.647821 -0.118558
v 0.048536 0.651703 -0.009394
v 0.048536 0.651864 -0.054135
v 0.048536 0.653544 -0.010613
v 0.048536 0.657406 -0.112767
v 0.048536 0.659196 -0.015876
v 0.048536 0.659770 -0.059196
v 0.048536 0.663295 -0.022408
v 0.048536 0.664979 -0.104373
v 0.048536 0.665873 -0.029535
v 0.048536 0.666537 -0.066818
v 0.048536 0.669610 -0.094555
v 0.048536 0.669649 -0.073638
v 0.048536 0.671047 -0.080924
v 0.048536 0.692686 -0.121414
v 0.048536 0.692686 -0.004343
v 0.048536 0.726946 -0.097202
v 0.048536 0.726946 -0.070596
v 0.048536 0.726946 -0.049040
v 0.048536 0.726946 -0.027054
v 0.048536 0.784579 -0.070596
v 0.048536 0.784579 -0.049040
v 0.048536 0.789083 -0.027054
v 0.048536 0.789083 -0.004343
v 0.048536 0.790931 -0.121414
v 0.048536 0.790931 -0.097202
v 0.048536 0.814072 -0.121414
v 0.048536 0.814072 -0.004343
v 0.048536 0.846022 -0.121414
v 0.048536 0.846022 -0.052068
v 0.048536 0.846482 -0.004343
v 0.048536 0.893304 -0.121414
v 0.048536 0.893995 -0.074037
v 0.048536 0.893995 -0.004343
v 0.048536 0.926061 -0.121414
v 0.048536 0.926061 -0.004343
v 0.048536 0.942115 -0.121414
v 0.048536 0.976788 -0.121414
v 0.048536 0.982678 -0.101549
v 0.048536 0.986171 -0.004343
v 0.048536 0.989878 -0.078491
v 0.048536 1.005023 -0.028937
v 0.048536 1.020168 -0.078491
v 0.048536 1.024682 -0.004343
v 0.048536 1.027015 -0.101549
v 0.048536 1.033021 -0.121414
v 0.048536 1.068626 -0.121414
v 0.048715 0.635053 -0.036945
v 0.048738 0.597505 -0.082726
v 0.048830 0.565556 -0.084816
v 0.048848 0.666640 -0.034915
v 0.048905 0.039103 -0.016315
v 0.048905 0.117006 -0.016315
v 0.049228 0.566284 -0.086173
v 0.049228 0.568241 -0.094710
v 0.049228 0.570491 -0.037785
v 0.049229 0.571740 -0.027428
v 0.049228 0.571864 -0.102811
v 0.049228 0.572015 -0.045670
v 0.049229 0.575483 -0.019712
v 0.049228 0.575854 -0.052806
v 0.049228 0.576793 -0.109644
v 0.049228 0.577892 -0.055204
v 0.049228 0.578622 -0.111565
v 0.049229 0.582212 -0.012534
v 0.049228 0.587361 -0.117410
v 0.049229 0.590576 -0.007714
v 0.049228 0.591116 -0.064157
v 0.049228 0.597243 -0.120559
v 0.049228 0.598045 -0.088058
v 0.049228 0.598887 -0.090473
v 0.049228 0.600765 -0.028774
v 0.049228 0.600890 -0.036150
v 0.049228 0.601042 -0.094620
v 0.049229 0.602387 -0.004363
v 0.049228 0.602840 -0.025426
v 0.049228 0.603228 -0.039161
v 0.049228 0.603417 -0.097464
v 0.049228 0.604209 -0.024116
v 0.049228 0.607270 -0.122086
v 0.049228 0.607836 -0.041898
v 0.049228 0.609334 -0.021589
v 0.049228 0.610197 -0.101953
v 0.049228 0.610529 -0.070590
v 0.049229 0.614388 -0.003219
v 0.049228 0.615760 -0.044143
v 0.049228 0.616137 -0.071891
v 0.049228 0.618338 -0.103688
v 0.049228 0.621846 -0.021547
v 0.049228 0.624083 -0.122524
v 0.049228 0.625134 -0.103317
v 0.049228 0.625810 -0.022905
v 0.049228 0.627907 -0.075474
v 0.049228 0.628079 -0.046991
v 0.049228 0.629282 -0.025088
v 0.049228 0.629631 -0.003643
v 0.049228 0.631901 -0.100806
v 0.049228 0.632304 -0.028396
v 0.049228 0.633792 -0.099410
v 0.049228 0.634401 -0.079354
v 0.049228 0.634441 -0.032492
v 0.049228 0.635151 -0.098108
v 0.049228 0.635905 -0.121234
v 0.049228 0.637584 -0.083494
v 0.049228 0.637955 -0.093892
v 0.049228 0.643277 -0.006461
v 0.049228 0.645539 -0.052270
v 0.049228 0.647469 -0.117759
v 0.049228 0.651230 -0.010127
v 0.049228 0.651466 -0.054912
v 0.049228 0.653024 -0.011313
v 0.049228 0.656855 -0.112089
v 0.049228 0.658520 -0.016430
v 0.049228 0.659218 -0.059873
v 0.049228 0.662509 -0.022788
v 0.049228 0.664253 -0.103889
v 0.049228 0.665028 -0.029757
v 0.049228 0.665799 -0.067281
v 0.049228 0.668773 -0.094301
v 0.049228 0.668816 -0.073900
v 0.049228 0.670176 -0.080992
v 0.049330 0.570603 -0.035911
v 0.049330 0.599905 -0.032677
v 0.049330 0.615456 -0.020706
v 0.049330 0.619152 -0.003300
v 0.049330 0.619383 -0.122458
v 0.049330 0.620076 -0.103897
v 0.049330 0.639092 -0.089039
v 0.049330 0.670126 -0.083841
v 0.049619 0.078179 -0.088339
v 0.049619 0.222193 -0.023387
v 0.049619 0.492453 -0.023387
v 0.049619 0.580644 -0.056801
v 0.049619 0.601125 -0.096017
v 0.049609 0.603167 -0.040069
v 0.049619 0.614166 -0.070665
v 0.049619 0.617025 -0.045170
v 0.049619 0.634500 -0.078430
v 0.049619 0.844400 -0.046809
v 0.049619 0.845625 -0.005965
v 0.049619 0.894161 -0.119792
v 0.049619 0.895617 -0.079296
v 0.049619 1.005023 -0.023387
v 0.049651 0.037816 -0.006044
v 0.049651 0.118294 -0.006044
v 0.050000 0.015605 -0.117879
v 0.050000 0.015605 -0.007879
v 0.050000 0.035981 -0.117879
v 0.050000 0.035981 -0.007879
v 0.050000 0.040177 -0.007879
v 0.050000 0.055580 -0.007879
v 0.050000 0.068197 -0.117879
v 0.050000 0.078185 -0.096067
v 0.050000 0.087913 -0.117879
v 0.050000 0.100651 -0.007879
v 0.050000 0.115933 -0.007879
v 0.050000 0.120129 -0.117879
v 0.050000 0.120129 -0.007879
v 0.050000 0.140504 -0.117879
v 0.050000 0.140504 -0.007879
v 0.050000 0.164393 -0.117879
v 0.050000 0.191319 -0.117879
v 0.050000 0.197209 -0.098014
v 0.050000 0.202270 -0.082027
v 0.050000 0.205789 -0.007879
v 0.050000 0.222193 -0.016840
v 0.050000 0.239403 -0.007879
v 0.050000 0.242116 -0.082027
v 0.050000 0.246810 -0.098014
v 0.050000 0.252816 -0.117879
v 0.050000 0.280693 -0.117879
v 0.050000 0.305037 -0.117879
v 0.050000 0.305037 -0.007879
v 0.050000 0.332111 -0.117879
v 0.050000 0.332111 -0.069371
v 0.050000 0.332111 -0.049919
v 0.050000 0.332111 -0.007879
v 0.050000 0.382650 -0.117879
v 0.050000 0.382650 -0.069371
v 0.050000 0.382650 -0.049919
v 0.050000 0.382650 -0.007879
v 0.050000 0.409956 -0.117879
v 0.050000 0.409956 -0.007879
v 0.050000 0.434653 -0.117879
v 0.050000 0.461579 -0.117879
v 0.050000 0.467469 -0.098014
v 0.050000 0.472530 -0.082027
v 0.050000 0.476049 -0.007879
v 0.050000 0.492453 -0.016840
v 0.050000 0.509663 -0.007879
v 0.050000 0.512376 -0.082027
v 0.050000 0.517070 -0.098014
v 0.050000 0.523076 -0.117879
v 0.050000 0.550953 -0.117879
v 0.050000 0.569198 -0.087774
v 0.050000 0.569241 -0.087808
v 0.050000 0.573103 -0.035911
v 0.050000 0.573146 -0.099596
v 0.050000 0.573608 -0.041393
v 0.050000 0.574278 -0.028229
v 0.050000 0.575264 -0.046642
v 0.050000 0.577673 -0.021220
v 0.050000 0.578097 -0.051357
v 0.050000 0.580461 -0.109638
v 0.050000 0.581891 -0.055349
v 0.050000 0.581911 -0.055367
v 0.050000 0.583830 -0.014646
v 0.050000 0.588994 -0.115206
v 0.050000 0.589305 -0.060304
v 0.050000 0.591608 -0.010170
v 0.050000 0.594806 -0.086220
v 0.050000 0.594835 -0.086182
v 0.050000 0.597405 -0.032677
v 0.050000 0.597453 -0.063893
v 0.050000 0.598644 -0.037602
v 0.050000 0.598731 -0.026782
v 0.050000 0.598887 -0.118177
v 0.050000 0.599620 -0.097199
v 0.050000 0.599644 -0.097229
v 0.050000 0.601897 -0.041533
v 0.050000 0.601921 -0.041506
v 0.050000 0.602516 -0.022062
v 0.050000 0.603760 -0.101303
v 0.050000 0.605141 -0.006637
v 0.050000 0.608640 -0.019019
v 0.050000 0.608750 -0.104233
v 0.050000 0.608926 -0.045109
v 0.050000 0.614302 -0.105895
v 0.050000 0.614582 -0.068798
v 0.050000 0.614589 -0.068799
v 0.050000 0.615456 -0.018206
v 0.050000 0.616628 -0.047042
v 0.050000 0.619152 -0.005800
v 0.050000 0.619383 -0.119958
v 0.050000 0.620076 -0.106397
v 0.050000 0.623659 -0.019267
v 0.050000 0.625654 -0.071801
v 0.050000 0.628260 -0.105315
v 0.050000 0.630976 -0.073922
v 0.050000 0.630975 -0.023036
v 0.050000 0.633144 -0.119004
v 0.050000 0.633735 -0.051264
v 0.050000 0.635051 -0.027737
v 0.050000 0.635535 -0.101421
v 0.050000 0.635782 -0.077009
v 0.050000 0.635910 -0.007266
v 0.050000 0.637569 -0.033481
v 0.050000 0.637595 -0.033442
v 0.050000 0.639956 -0.095900
v 0.050000 0.640013 -0.082398
v 0.050000 0.641592 -0.089039
v 0.050000 0.644056 -0.009572
v 0.050000 0.646402 -0.115319
v 0.050000 0.650255 -0.057283
v 0.050000 0.651449 -0.013462
v 0.050000 0.655172 -0.110027
v 0.050000 0.655583 -0.017099
v 0.050000 0.657703 -0.062077
v 0.050000 0.658858 -0.021575
v 0.050000 0.662041 -0.102406
v 0.050000 0.662826 -0.031944
v 0.050000 0.662871 -0.031977
v 0.050000 0.663543 -0.068690
v 0.050000 0.666225 -0.093533
v 0.050000 0.666647 -0.075975
v 0.050000 0.667626 -0.083841
v 0.050000 0.696221 -0.117879
v 0.050000 0.696221 -0.007879
v 0.050000 0.723411 -0.100737
v 0.050000 0.723411 -0.067061
v 0.050000 0.723411 -0.052576
v 0.050000 0.723411 -0.023519
v 0.050000 0.781043 -0.067061
v 0.050000 0.781043 -0.052576
v 0.050000 0.785547 -0.023519
v 0.050000 0.785547 -0.007879
v 0.050000 0.787395 -0.117879
v 0.050000 0.787395 -0.100737
v 0.050000 0.817607 -0.117879
v 0.050000 0.817607 -0.007879
v 0.050000 0.842487 -0.117879
v 0.050000 0.842487 -0.040606
v 0.050000 0.844613 -0.007879
v 0.050000 0.895173 -0.117879
v 0.050000 0.897530 -0.085499
v 0.050000 0.897530 -0.007879
v 0.050000 0.922525 -0.117879
v 0.050000 0.922525 -0.007879
v 0.050000 0.947223 -0.117879
v 0.050000 0.974149 -0.117879
v 0.050000 0.980039 -0.098014
v 0.050000 0.985100 -0.082027
v 0.050000 0.988618 -0.007879
v 0.050000 1.005023 -0.016840
v 0.050000 1.022233 -0.007879
v 0.050000 1.024946 -0.082027
v 0.050000 1.029640 -0.098014
v 0.050000 1.035645 -0.117879
v 0.050000 1.063522 -0.117879
vt -0.034299 -0.009975 0.000000
vt 0.066909 -0.009975 0.000000
vt 0.054774 0.000000 0.000000
vt 0.051054 0.004987 0.000000
vt 0.049748 0.009975 0.000000
vt -0.017138 0.009975 0.000000
vt -0.018444 0.004987 0.000000
vt -0.022164 0.000000 0.000000
vt 0.063632 0.009975 0.000000
vt -0.050788 0.009975 0.000000
vt -0.051586 0.007481 0.000000
vt -0.053951 0.004987 0.000000
vt -0.062959 0.000000 0.000000
vt -0.076440 -0.004987 0.000000
vt -0.092341 -0.009975 0.000000
vt 0.080793 -0.009975 0.000000
vt 0.068658 0.000000 0.000000
vt 0.064938 0.004987 0.000000
vt -0.023340 -0.009975 0.000000
vt 0.149794 -0.009975 0.000000
vt 0.133893 -0.004987 0.000000
vt 0.120412 0.000000 0.000000
vt 0.111404 0.004987 0.000000
vt 0.109039 0.007481 0.000000
vt 0.108241 0.009975 0.000000
vt -0.006178 0.009975 0.000000
vt -0.007485 0.004987 0.000000
vt -0.011205 0.000000 0.000000
vt -0.000000 0.114300 0.000000
vt -0.114419 0.114300 0.000000
vt -0.114419 0.000000 0.000000
vt -0.000000 0.000000 0.000000
vt -0.000000 0.114300 0.000000
vt -0.066886 0.114300 0.000000
vt -0.066886 0.000000 0.000000
vt -0.000000 0.000000 0.000000
vt 0.056260 0.061693 0.000000
vt 0.106718 0.076948 0.000000
vt 0.106718 0.147756 0.000000
vt -0.172682 0.042880 0.000000
vt -0.172682 -0.042500 0.000000
vt 0.106718 -0.147645 0.000000
vt 0.106718 -0.079253 0.000000
vt 0.056260 -0.064292 0.000000
vt 0.015654 0.049771 0.000000
vt 0.015654 -0.051437 0.000000
vt -0.149919 -0.000833 0.000000
vt -0.083852 -0.009975 0.000000
vt -0.031139 -0.009975 0.000000
vt -0.037806 0.000000 0.000000
vt -0.039850 0.004987 0.000000
vt -0.040567 0.009975 0.000000
vt -0.093281 0.009975 0.000000
vt -0.092563 0.004987 0.000000
vt -0.090519 0.000000 0.000000
vt -0.089099 -0.009975 0.000000
vt 0.036886 -0.009975 0.000000
vt 0.030182 0.000000 0.000000
vt 0.028127 0.004987 0.000000
vt 0.027405 0.009975 0.000000
vt -0.079671 0.009975 0.000000
vt -0.080388 0.004987 0.000000
vt -0.082432 0.000000 0.000000
vt 0.005053 -0.009975 0.000000
vt 0.057682 -0.009975 0.000000
vt 0.064386 0.000000 0.000000
vt 0.066441 0.004987 0.000000
vt 0.067163 0.009975 0.000000
vt 0.014534 0.009975 0.000000
vt 0.013812 0.004987 0.000000
vt 0.011757 0.000000 0.000000
vt -0.003744 -0.009975 0.000000
vt 0.064648 -0.009975 0.000000
vt 0.077623 0.000000 0.000000
vt 0.081600 0.004987 0.000000
vt 0.082997 0.009975 0.000000
vt -0.013225 0.009975 0.000000
vt -0.012503 0.004987 0.000000
vt -0.010448 0.000000 0.000000
vt -0.229601 -0.009975 0.000000
vt 0.068929 -0.009975 0.000000
vt 0.075144 0.000000 0.000000
vt 0.077050 0.004987 0.000000
vt 0.077719 0.009975 0.000000
vt -0.247949 0.009975 0.000000
vt -0.246553 0.004987 0.000000
vt -0.242575 0.000000 0.000000
vt 0.025839 0.009975 0.000000
vt -0.077130 0.009975 0.000000
vt -0.076461 0.004987 0.000000
vt -0.074555 0.000000 0.000000
vt -0.068340 -0.009975 0.000000
vt 0.017041 -0.009975 0.000000
vt 0.023262 0.000000 0.000000
vt 0.025169 0.004987 0.000000
vt 0.085084 0.009975 0.000000
vt -0.240481 0.009975 0.000000
vt -0.239811 0.004987 0.000000
vt -0.237904 0.000000 0.000000
vt -0.231683 -0.009975 0.000000
vt 0.066752 -0.009975 0.000000
vt 0.079715 0.000000 0.000000
vt 0.083689 0.004987 0.000000
vt -0.033760 0.009975 0.000000
vt -0.132328 0.009975 0.000000
vt -0.130933 0.004987 0.000000
vt -0.126959 0.000000 0.000000
vt -0.113996 -0.009975 0.000000
vt -0.043188 -0.009975 0.000000
vt -0.036521 0.000000 0.000000
vt -0.034478 0.004987 0.000000
vt 0.102969 0.114300 0.000000
vt 0.000000 0.114300 0.000000
vt 0.000000 0.000000 0.000000
vt 0.102969 0.000000 0.000000
vt 0.325565 0.114300 0.000000
vt 0.000000 0.114300 0.000000
vt 0.000000 0.000000 0.000000
vt 0.325565 0.000000 0.000000
vt 0.098569 0.114300 0.000000
vt 0.000000 0.114300 0.000000
vt 0.000000 0.000000 0.000000
vt 0.098569 0.000000 0.000000
vt 0.052713 0.114300 0.000000
vt 0.000000 0.114300 0.000000
vt 0.000000 0.000000 0.000000
vt 0.052713 0.000000 0.000000
vt -0.000000 0.114300 0.000000
vt -0.114419 0.114300 0.000000
vt -0.114419 0.000000 0.000000
vt -0.000000 0.000000 0.000000
vt 0.052629 0.114300 0.000000
vt 0.000000 0.114300 0.000000
vt 0.000000 0.000000 0.000000
vt 0.052629 0.000000 0.000000
vt 0.096222 0.114300 0.000000
vt 0.000000 0.114300 0.000000
vt 0.000000 0.000000 0.000000
vt 0.096222 0.000000 0.000000
vt 0.325668 0.114300 0.000000
vt 0.000000 0.114300 0.000000
vt 0.000000 0.000000 0.000000
vt 0.325668 0.000000 0.000000
vt 0.107076 0.114300 0.000000
vt 0.000000 0.114300 0.000000
vt 0.000000 0.000000 0.000000
vt 0.107076 0.000000 0.000000
vt -0.002954 -0.034276 0.000000
vt -0.002954 0.032610 0.000000
vt 0.106468 -0.000833 0.000000
vt -0.068960 0.052265 0.000000
vt -0.068960 -0.054811 0.000000
vt -0.119418 -0.069772 0.000000
vt -0.119418 -0.165994 0.000000
vt 0.185382 -0.051291 0.000000
vt 0.185382 0.051678 0.000000
vt -0.119418 0.166088 0.000000
vt -0.119418 0.067520 0.000000
vt -0.114742 -0.009975 0.000000
vt 0.031644 -0.009975 0.000000
vt 0.022664 0.000000 0.000000
vt 0.019911 0.004987 0.000000
vt 0.018944 0.009975 0.000000
vt -0.127442 0.009975 0.000000
vt -0.126475 0.004987 0.000000
vt -0.123722 0.000000 0.000000
vt -0.030597 -0.009975 0.000000
vt 0.054942 -0.009975 0.000000
vt 0.045961 0.000000 0.000000
vt 0.043208 0.004987 0.000000
vt 0.042242 0.009975 0.000000
vt -0.017897 0.009975 0.000000
vt -0.018864 0.004987 0.000000
vt -0.021617 0.000000 0.000000
vt -0.112905 -0.009975 0.000000
vt 0.049616 -0.009975 0.000000
vt 0.058596 0.000000 0.000000
vt 0.061349 0.004987 0.000000
vt 0.062316 0.009975 0.000000
vt -0.100205 0.009975 0.000000
vt -0.101172 0.004987 0.000000
vt -0.103925 0.000000 0.000000
vt 0.020472 -0.009975 0.000000
vt 0.064011 -0.009975 0.000000
vt 0.072991 0.000000 0.000000
vt 0.075744 0.004987 0.000000
vt 0.076711 0.009975 0.000000
vt 0.007772 0.009975 0.000000
vt 0.008739 0.004987 0.000000
vt 0.011492 0.000000 0.000000
vt -0.178107 -0.009975 0.000000
vt 0.053475 -0.009975 0.000000
vt 0.062455 0.000000 0.000000
vt 0.065209 0.004987 0.000000
vt 0.066175 0.009975 0.000000
vt -0.190807 0.009975 0.000000
vt -0.189841 0.004987 0.000000
vt -0.187088 0.000000 0.000000
vt -0.216411 -0.009975 0.000000
vt 0.062989 -0.009975 0.000000
vt 0.071969 0.000000 0.000000
vt 0.074722 0.004987 0.000000
vt 0.075689 0.009975 0.000000
vt -0.229111 0.009975 0.000000
vt -0.228144 0.004987 0.000000
vt -0.225391 0.000000 0.000000
vt -0.179620 -0.009975 0.000000
vt 0.047269 -0.009975 0.000000
vt 0.056249 0.000000 0.000000
vt 0.059002 0.004987 0.000000
vt 0.059969 0.009975 0.000000
vt -0.192320 0.009975 0.000000
vt -0.191353 0.004987 0.000000
vt -0.188600 0.000000 0.000000
vt -0.043126 0.009975 0.000000
vt -0.108252 0.009975 0.000000
vt -0.107285 0.004987 0.000000
vt -0.104532 0.000000 0.000000
vt -0.095552 -0.009975 0.000000
vt -0.055826 -0.009975 0.000000
vt -0.046846 0.000000 0.000000
vt -0.044093 0.004987 0.000000
vt 0.018944 0.009975 0.000000
vt -0.138883 0.009975 0.000000
vt -0.137916 0.004987 0.000000
vt -0.135163 0.000000 0.000000
vt -0.126183 -0.009975 0.000000
vt 0.031644 -0.009975 0.000000
vt 0.022664 0.000000 0.000000
vt 0.019911 0.004987 0.000000
vt -0.018924 0.009975 0.000000
vt -0.067328 0.009975 0.000000
vt -0.068295 0.004987 0.000000
vt -0.071048 0.000000 0.000000
vt -0.080028 -0.009975 0.000000
vt -0.006224 -0.009975 0.000000
vt -0.015204 0.000000 0.000000
vt -0.017957 0.004987 0.000000
vt 0.054249 0.009975 0.000000
vt -0.092138 0.009975 0.000000
vt -0.093104 0.004987 0.000000
vt -0.095857 0.000000 0.000000
vt -0.104838 -0.009975 0.000000
vt 0.041549 -0.009975 0.000000
vt 0.050529 0.000000 0.000000
vt 0.053282 0.004987 0.000000
vt 0.012172 0.009975 0.000000
vt -0.050020 0.009975 0.000000
vt -0.049053 0.004987 0.000000
vt -0.046300 0.000000 0.000000
vt -0.037320 -0.009975 0.000000
vt -0.000528 -0.009975 0.000000
vt 0.008452 0.000000 0.000000
vt 0.011206 0.004987 0.000000
vt 0.065126 0.114300 0.000000
vt 0.000000 0.114300 0.000000
vt 0.000000 0.000000 0.000000
vt 0.065126 0.000000 0.000000
vt 0.157827 0.114300 0.000000
vt 0.000000 0.114300 0.000000
vt 0.000000 0.000000 0.000000
vt 0.157827 0.000000 0.000000
vt 0.048404 0.114300 0.000000
vt 0.000000 0.114300 0.000000
vt 0.000000 0.000000 0.000000
vt 0.048404 0.000000 0.000000
vt 0.146386 0.114300 0.000000
vt 0.000000 0.114300 0.000000
vt 0.000000 0.000000 0.000000
vt 0.146386 0.000000 0.000000
vt 0.062192 0.114300 0.000000
vt 0.000000 0.114300 0.000000
vt 0.000000 0.000000 0.000000
vt 0.062192 0.000000 0.000000
vt 0.146386 0.114300 0.000000
vt 0.000000 0.114300 0.000000
vt 0.000000 0.000000 0.000000
vt 0.146386 0.000000 0.000000
vt 0.011644 -0.050589 0.000000
vt 0.011644 0.095797 0.000000
vt -0.025148 0.095797 0.000000
vt -0.025148 -0.050589 0.000000
vt -0.098952 -0.050589 0.000000
vt -0.098952 0.107238 0.000000
vt -0.138678 0.107238 0.000000
vt -0.138678 -0.119650 0.000000
vt 0.140722 -0.119650 0.000000
vt 0.140722 0.111932 0.000000
vt 0.097183 0.111932 0.000000
vt 0.097183 -0.050589 0.000000
vt 0.060139 0.114300 0.000000
vt 0.000000 0.114300 0.000000
vt 0.000000 0.000000 0.000000
vt 0.060139 0.000000 0.000000
vt 0.162521 0.114300 0.000000
vt 0.000000 0.114300 0.000000
vt 0.000000 0.000000 0.000000
vt 0.162521 0.000000 0.000000
vt 0.068939 0.114300 0.000000
vt 0.000000 0.114300 0.000000
vt 0.000000 0.000000 0.000000
vt 0.068939 0.000000 0.000000
vt 0.256982 0.114300 0.000000
vt 0.000000 0.114300 0.000000
vt 0.000000 0.000000 0.000000
vt 0.256982 0.000000 0.000000
vt 0.304800 0.114300 0.000000
vt 0.000000 0.114300 0.000000
vt 0.000000 0.000000 0.000000
vt 0.304800 0.000000 0.000000
vt 0.252289 0.114300 0.000000
vt 0.000000 0.114300 0.000000
vt 0.000000 0.000000 0.000000
vt 0.252289 0.000000 0.000000
vt 0.151378 -0.132350 0.000000
vt 0.151378 0.119938 0.000000
vt 0.086252 0.119938 0.000000
vt 0.086252 -0.037889 0.000000
vt 0.037848 -0.037889 0.000000
vt 0.037848 0.108497 0.000000
vt -0.024344 0.108497 0.000000
vt -0.024344 -0.037889 0.000000
vt -0.084483 -0.037889 0.000000
vt -0.084483 0.124632 0.000000
vt -0.153422 0.124632 0.000000
vt -0.153422 -0.132350 0.000000
vt -0.215760 -0.009975 0.000000
vt 0.063640 -0.009975 0.000000
vt 0.072620 0.000000 0.000000
vt 0.075373 0.004987 0.000000
vt 0.076340 0.009975 0.000000
vt -0.228460 0.009975 0.000000
vt -0.227493 0.004987 0.000000
vt -0.224740 0.000000 0.000000
vt -0.107691 -0.009975 0.000000
vt -0.038336 -0.009975 0.000000
vt -0.029356 0.000000 0.000000
vt -0.026603 0.004987 0.000000
vt -0.025636 0.009975 0.000000
vt -0.120391 0.009975 0.000000
vt -0.119425 0.004987 0.000000
vt -0.116672 0.000000 0.000000
vt -0.125245 -0.009975 0.000000
vt -0.002035 -0.009975 0.000000
vt -0.011015 0.000000 0.000000
vt -0.013768 0.004987 0.000000
vt -0.014735 0.009975 0.000000
vt -0.137945 0.009975 0.000000
vt -0.136979 0.004987 0.000000
vt -0.134226 0.000000 0.000000
vt -0.089821 -0.009975 0.000000
vt 0.038548 -0.009975 0.000000
vt 0.029568 0.000000 0.000000
vt 0.026815 0.004987 0.000000
vt 0.025848 0.009975 0.000000
vt -0.077121 0.009975 0.000000
vt -0.078088 0.004987 0.000000
vt -0.080841 0.000000 0.000000
vt -0.059571 -0.009975 0.000000
vt 0.063640 -0.009975 0.000000
vt 0.072620 0.000000 0.000000
vt 0.075373 0.004987 0.000000
vt 0.076340 0.009975 0.000000
vt -0.046871 0.009975 0.000000
vt -0.047838 0.004987 0.000000
vt -0.050591 0.000000 0.000000
vt -0.008536 -0.009975 0.000000
vt 0.060232 -0.009975 0.000000
vt 0.069213 0.000000 0.000000
vt 0.071966 0.004987 0.000000
vt 0.072932 0.009975 0.000000
vt -0.021236 0.009975 0.000000
vt -0.020269 0.004987 0.000000
vt -0.017516 0.000000 0.000000
vt -0.216040 -0.009975 0.000000
vt 0.063360 -0.009975 0.000000
vt 0.072340 0.000000 0.000000
vt 0.075093 0.004987 0.000000
vt 0.076060 0.009975 0.000000
vt -0.228740 0.009975 0.000000
vt -0.227773 0.004987 0.000000
vt -0.225020 0.000000 0.000000
vt -0.025848 0.009975 0.000000
vt -0.120016 0.009975 0.000000
vt -0.119050 0.004987 0.000000
vt -0.116297 0.000000 0.000000
vt -0.107316 -0.009975 0.000000
vt -0.038548 -0.009975 0.000000
vt -0.029568 0.000000 0.000000
vt -0.026815 0.004987 0.000000
vt -0.022669 0.009975 0.000000
vt -0.129451 0.009975 0.000000
vt -0.128485 0.004987 0.000000
vt -0.125732 0.000000 0.000000
vt -0.116751 -0.009975 0.000000
vt -0.009969 -0.009975 0.000000
vt -0.018949 0.000000 0.000000
vt -0.021702 0.004987 0.000000
vt 0.025636 0.009975 0.000000
vt -0.077333 0.009975 0.000000
vt -0.078299 0.004987 0.000000
vt -0.081052 0.000000 0.000000
vt -0.090033 -0.009975 0.000000
vt 0.038336 -0.009975 0.000000
vt 0.029356 0.000000 0.000000
vt 0.026603 0.004987 0.000000
vt 0.076060 0.009975 0.000000
vt -0.030723 0.009975 0.000000
vt -0.031689 0.004987 0.000000
vt -0.034442 0.000000 0.000000
vt -0.043423 -0.009975 0.000000
vt 0.063360 -0.009975 0.000000
vt 0.072340 0.000000 0.000000
vt 0.075093 0.004987 0.000000
vt 0.073014 0.009975 0.000000
vt -0.021741 0.009975 0.000000
vt -0.020774 0.004987 0.000000
vt -0.018021 0.000000 0.000000
vt -0.009041 -0.009975 0.000000
vt 0.060314 -0.009975 0.000000
vt 0.069294 0.000000 0.000000
vt 0.072047 0.004987 0.000000
vt 0.094168 0.114300 0.000000
vt 0.000000 0.114300 0.000000
vt 0.000000 0.000000 0.000000
vt 0.094168 0.000000 0.000000
vt 0.106783 0.114300 0.000000
vt 0.000000 0.114300 0.000000
vt 0.000000 0.000000 0.000000
vt 0.106783 0.000000 0.000000
vt 0.102969 0.114300 0.000000
vt 0.000000 0.114300 0.000000
vt 0.000000 0.000000 0.000000
vt 0.102969 0.000000 0.000000
vt 0.106783 0.114300 0.000000
vt 0.000000 0.114300 0.000000
vt 0.000000 0.000000 0.000000
vt 0.106783 0.000000 0.000000
vt 0.094755 0.114300 0.000000
vt 0.000000 0.114300 0.000000
vt 0.000000 0.000000 0.000000
vt 0.094755 0.000000 0.000000
vt 0.304800 0.114300 0.000000
vt 0.000000 0.114300 0.000000
vt 0.000000 0.000000 0.000000
vt 0.304800 0.000000 0.000000
vt 0.139980 0.133328 0.000000
vt -0.139420 0.133328 0.000000
vt -0.139420 0.063973 0.000000
vt -0.032637 0.063973 0.000000
vt -0.032637 -0.064396 0.000000
vt -0.139420 -0.064396 0.000000
vt -0.139420 -0.133164 0.000000
vt 0.139980 -0.133164 0.000000
vt 0.139980 -0.064396 0.000000
vt 0.016769 -0.064396 0.000000
vt 0.016769 0.063973 0.000000
vt 0.139980 0.063973 0.000000
vt 0.094755 0.114300 0.000000
vt 0.000000 0.114300 0.000000
vt 0.000000 0.000000 0.000000
vt 0.094755 0.000000 0.000000
vt 0.123211 0.114300 0.000000
vt 0.000000 0.114300 0.000000
vt 0.000000 0.000000 0.000000
vt 0.123211 0.000000 0.000000
vt 0.102969 0.114300 0.000000
vt 0.000000 0.114300 0.000000
vt 0.000000 0.000000 0.000000
vt 0.102969 0.000000 0.000000
vt 0.123211 0.114300 0.000000
vt 0.000000 0.114300 0.000000
vt 0.000000 0.000000 0.000000
vt 0.123211 0.000000 0.000000
vt 0.094168 0.114300 0.000000
vt 0.000000 0.114300 0.000000
vt 0.000000 0.000000 0.000000
vt 0.094168 0.000000 0.000000
vt 0.304800 0.114300 0.000000
vt 0.000000 0.114300 0.000000
vt 0.000000 0.000000 0.000000
vt 0.304800 0.000000 0.000000
vt 0.152120 -0.145864 0.000000
vt 0.152120 -0.051696 0.000000
vt 0.045337 -0.051696 0.000000
vt 0.045337 0.051273 0.000000
vt 0.152120 0.051273 0.000000
vt 0.152120 0.146028 0.000000
vt -0.152680 0.146028 0.000000
vt -0.152680 0.051273 0.000000
vt -0.029469 0.051273 0.000000
vt -0.029469 -0.051696 0.000000
vt -0.152680 -0.051696 0.000000
vt -0.152680 -0.145864 0.000000
vt 0.049748 0.009975 0.000000
vt -0.017138 0.009975 0.000000
vt -0.018444 0.004987 0.000000
vt -0.022164 0.000000 0.000000
vt -0.034299 -0.009975 0.000000
vt 0.066909 -0.009975 0.000000
vt 0.054774 0.000000 0.000000
vt 0.051054 0.004987 0.000000
vt -0.092341 -0.009975 0.000000
vt 0.080793 -0.009975 0.000000
vt 0.068658 0.000000 0.000000
vt 0.064938 0.004987 0.000000
vt 0.063632 0.009975 0.000000
vt -0.050788 0.009975 0.000000
vt -0.051586 0.007481 0.000000
vt -0.053951 0.004987 0.000000
vt -0.062959 0.000000 0.000000
vt -0.076440 -0.004987 0.000000
vt -0.023340 -0.009975 0.000000
vt 0.149794 -0.009975 0.000000
vt 0.133893 -0.004987 0.000000
vt 0.120412 0.000000 0.000000
vt 0.111404 0.004987 0.000000
vt 0.109039 0.007481 0.000000
vt 0.108241 0.009975 0.000000
vt -0.006178 0.009975 0.000000
vt -0.007485 0.004987 0.000000
vt -0.011205 0.000000 0.000000
vt -0.000000 0.114300 0.000000
vt -0.114419 0.114300 0.000000
vt -0.114419 0.000000 0.000000
vt -0.000000 0.000000 0.000000
vt -0.000000 0.114300 0.000000
vt -0.066886 0.114300 0.000000
vt -0.066886 0.000000 0.000000
vt -0.000000 0.000000 0.000000
vt 0.056260 0.061693 0.000000
vt 0.106718 0.076948 0.000000
vt 0.106718 0.147756 0.000000
vt -0.172682 0.042880 0.000000
vt -0.172682 -0.042500 0.000000
vt 0.106718 -0.147645 0.000000
vt 0.106718 -0.079253 0.000000
vt 0.056260 -0.064292 0.000000
vt 0.015654 0.049771 0.000000
vt 0.015654 -0.051437 0.000000
vt -0.149919 -0.000833 0.000000
vt -0.083852 -0.009975 0.000000
vt -0.031139 -0.009975 0.000000
vt -0.037806 0.000000 0.000000
vt -0.039850 0.004987 0.000000
vt -0.040567 0.009975 0.000000
vt -0.093281 0.009975 0.000000
vt -0.092563 0.004987 0.000000
vt -0.090519 0.000000 0.000000
vt -0.089099 -0.009975 0.000000
vt 0.036886 -0.009975 0.000000
vt 0.030182 0.000000 0.000000
vt 0.028127 0.004987 0.000000
vt 0.027405 0.009975 0.000000
vt -0.079671 0.009975 0.000000
vt -0.080388 0.004987 0.000000
vt -0.082432 0.000000 0.000000
vt 0.005053 -0.009975 0.000000
vt 0.057682 -0.009975 0.000000
vt 0.064386 0.000000 0.000000
vt 0.066441 0.004987 0.000000
vt 0.067163 0.009975 0.000000
vt 0.014534 0.009975 0.000000
vt 0.013812 0.004987 0.000000
vt 0.011757 0.000000 0.000000
vt -0.003744 -0.009975 0.000000
vt 0.064648 -0.009975 0.000000
vt 0.077623 0.000000 0.000000
vt 0.081600 0.004987 0.000000
vt 0.082997 0.009975 0.000000
vt -0.013225 0.009975 0.000000
vt -0.012503 0.004987 0.000000
vt -0.010448 0.000000 0.000000
vt -0.229601 -0.009975 0.000000
vt 0.068929 -0.009975 0.000000
vt 0.075144 0.000000 0.000000
vt 0.077050 0.004987 0.000000
vt 0.077719 0.009975 0.000000
vt -0.247949 0.009975 0.000000
vt -0.246553 0.004987 0.000000
vt -0.242575 0.000000 0.000000
vt 0.025839 0.009975 0.000000
vt -0.077130 0.009975 0.000000
vt -0.076461 0.004987 0.000000
vt -0.074555 0.000000 0.000000
vt -0.068340 -0.009975 0.000000
vt 0.017041 -0.009975 0.000000
vt 0.023262 0.000000 0.000000
vt 0.025169 0.004987 0.000000
vt 0.085084 0.009975 0.000000
vt -0.240481 0.009975 0.000000
vt -0.239811 0.004987 0.000000
vt -0.237904 0.000000 0.000000
vt -0.231683 -0.009975 0.000000
vt 0.066752 -0.009975 0.000000
vt 0.079715 0.000000 0.000000
vt 0.083689 0.004987 0.000000
vt -0.033760 0.009975 0.000000
vt -0.132328 0.009975 0.000000
vt -0.130933 0.004987 0.000000
vt -0.126959 0.000000 0.000000
vt -0.113996 -0.009975 0.000000
vt -0.043188 -0.009975 0.000000
vt -0.036521 0.000000 0.000000
vt -0.034478 0.004987 0.000000
vt 0.102969 0.114300 0.000000
vt 0.000000 0.114300 0.000000
vt 0.000000 0.000000 0.000000
vt 0.102969 0.000000 0.000000
vt 0.325565 0.114300 0.000000
vt 0.000000 0.114300 0.000000
vt 0.000000 0.000000 0.000000
vt 0.325565 0.000000 0.000000
vt 0.098569 0.114300 0.000000
vt 0.000000 0.114300 0.000000
vt 0.000000 0.000000 0.000000
vt 0.098569 0.000000 0.000000
vt 0.052713 0.114300 0.000000
vt 0.000000 0.114300 0.000000
vt 0.000000 0.000000 0.000000
vt 0.052713 0.000000 0.000000
vt -0.000000 0.114300 0.000000
vt -0.114419 0.114300 0.000000
vt -0.114419 0.000000 0.000000
vt -0.000000 0.000000 0.000000
vt 0.052629 0.114300 0.000000
vt 0.000000 0.114300 0.000000
vt 0.000000 0.000000 0.000000
vt 0.052629 0.000000 0.000000
vt 0.096222 0.114300 0.000000
vt 0.000000 0.114300 0.000000
vt 0.000000 0.000000 0.000000
vt 0.096222 0.000000 0.000000
vt 0.325668 0.114300 0.000000
vt 0.000000 0.114300 0.000000
vt 0.000000 0.000000 0.000000
vt 0.325668 0.000000 0.000000
vt 0.107076 0.114300 0.000000
vt 0.000000 0.114300 0.000000
vt 0.000000 0.000000 0.000000
vt 0.107076 0.000000 0.000000
vt -0.002954 -0.034276 0.000000
vt -0.002954 0.032610 0.000000
vt 0.106468 -0.000833 0.000000
vt -0.068960 0.052265 0.000000
vt -0.068960 -0.054811 0.000000
vt -0.119418 -0.069772 0.000000
vt -0.119418 -0.165994 0.000000
vt 0.185382 -0.051291 0.000000
vt 0.185382 0.051678 0.000000
vt -0.119418 0.166088 0.000000
vt -0.119418 0.067520 0.000000
vt 0.068000 0.009975 0.000000
vt -0.172063 0.009975 0.000000
vt -0.172345 0.009026 0.000000
vt -0.173191 0.008077 0.000000
vt -0.176550 0.006180 0.000000
vt -0.189615 0.002386 0.000000
vt -0.210100 -0.001408 0.000000
vt -0.236190 -0.005202 0.000000
vt -0.230193 -0.009975 0.000000
vt 0.058129 -0.009975 0.000000
vt 0.065109 0.000000 0.000000
vt 0.067249 0.004987 0.000000
vt -0.042480 -0.009975 0.000000
vt 0.007599 -0.009975 0.000000
vt 0.014578 0.000000 0.000000
vt 0.016718 0.004987 0.000000
vt 0.017469 0.009975 0.000000
vt -0.052350 0.009975 0.000000
vt -0.051599 0.004987 0.000000
vt -0.049459 0.000000 0.000000
vt -0.178154 -0.009975 0.000000
vt 0.110169 -0.009975 0.000000
vt 0.116166 -0.005202 0.000000
vt 0.090076 -0.001408 0.000000
vt 0.069591 0.002386 0.000000
vt 0.056526 0.006180 0.000000
vt 0.053167 0.008077 0.000000
vt 0.052321 0.009026 0.000000
vt 0.052038 0.009975 0.000000
vt -0.188024 0.009975 0.000000
vt -0.187273 0.004987 0.000000
vt -0.185133 0.000000 0.000000
vt 0.010535 -0.009975 0.000000
vt 0.016532 -0.005202 0.000000
vt 0.021193 -0.009975 0.000000
vt 0.072947 -0.009975 0.000000
vt 0.081927 0.000000 0.000000
vt 0.084680 0.004987 0.000000
vt 0.085647 0.009975 0.000000
vt -0.038151 0.009975 0.000000
vt -0.037400 0.004987 0.000000
vt -0.035260 0.000000 0.000000
vt -0.028281 -0.009975 0.000000
vt 0.240063 0.114300 0.000000
vt 0.000000 0.114300 0.000000
vt 0.000000 0.000000 0.000000
vt 0.240063 0.000000 0.000000
vt 0.069819 0.114300 0.000000
vt 0.000000 0.114300 0.000000
vt 0.000000 0.000000 0.000000
vt 0.069819 0.000000 0.000000
vt 0.136528 -0.106897 0.000000
vt -0.142872 -0.106897 0.000000
vt -0.142872 -0.158650 0.000000
vt 0.136528 -0.158650 0.000000
vt -0.142872 0.106840 0.000000
vt 0.136528 0.106840 0.000000
vt 0.136528 0.158593 0.000000
vt -0.142872 0.158593 0.000000
vt 0.240063 0.114300 0.000000
vt 0.000000 0.114300 0.000000
vt 0.000000 0.000000 0.000000
vt 0.240063 0.000000 0.000000
vt 0.074614 0.009975 0.000000
vt -0.158020 0.009975 0.000000
vt -0.158302 0.009026 0.000000
vt -0.159148 0.008077 0.000000
vt -0.162507 0.006180 0.000000
vt -0.175572 0.002386 0.000000
vt -0.196057 -0.001408 0.000000
vt -0.222147 -0.005202 0.000000
vt -0.217486 -0.009975 0.000000
vt 0.061914 -0.009975 0.000000
vt 0.070894 0.000000 0.000000
vt 0.073647 0.004987 0.000000
vt 0.021222 -0.009975 0.000000
vt 0.072975 -0.009975 0.000000
vt 0.081955 0.000000 0.000000
vt 0.084708 0.004987 0.000000
vt 0.085675 0.009975 0.000000
vt 0.008522 0.009975 0.000000
vt 0.009488 0.004987 0.000000
vt 0.012241 0.000000 0.000000
vt -0.214314 -0.009975 0.000000
vt 0.065086 -0.009975 0.000000
vt 0.074066 0.000000 0.000000
vt 0.076819 0.004987 0.000000
vt 0.077786 0.009975 0.000000
vt -0.227014 0.009975 0.000000
vt -0.226047 0.004987 0.000000
vt -0.223294 0.000000 0.000000
vt -0.078606 -0.005202 0.000000
vt -0.072609 -0.009975 0.000000
vt -0.033485 -0.009975 0.000000
vt -0.026516 0.000000 0.000000
vt -0.024380 0.004987 0.000000
vt -0.023630 0.009975 0.000000
vt -0.147720 0.009975 0.000000
vt -0.146754 0.004987 0.000000
vt -0.144001 0.000000 0.000000
vt -0.135020 -0.009975 0.000000
vt -0.083267 -0.009975 0.000000
vt -0.167060 -0.009975 0.000000
vt 0.064180 -0.009975 0.000000
vt 0.045161 -0.004987 0.000000
vt 0.029038 0.000000 0.000000
vt 0.018264 0.004987 0.000000
vt 0.015436 0.007481 0.000000
vt 0.014481 0.009975 0.000000
vt -0.176916 0.009975 0.000000
vt -0.176165 0.004987 0.000000
vt -0.174029 0.000000 0.000000
vt -0.159782 -0.009975 0.000000
vt 0.071371 -0.009975 0.000000
vt 0.078350 0.000000 0.000000
vt 0.080490 0.004987 0.000000
vt 0.081241 0.009975 0.000000
vt -0.110083 0.009975 0.000000
vt -0.111038 0.007481 0.000000
vt -0.113866 0.004987 0.000000
vt -0.124640 0.000000 0.000000
vt -0.140763 -0.004987 0.000000
vt -0.217486 -0.009975 0.000000
vt 0.061914 -0.009975 0.000000
vt 0.070894 0.000000 0.000000
vt 0.073647 0.004987 0.000000
vt 0.074614 0.009975 0.000000
vt -0.230186 0.009975 0.000000
vt -0.229219 0.004987 0.000000
vt -0.226466 0.000000 0.000000
vt -0.111523 -0.009975 0.000000
vt -0.059770 -0.009975 0.000000
vt -0.050790 0.000000 0.000000
vt -0.048037 0.004987 0.000000
vt -0.047070 0.009975 0.000000
vt -0.124223 0.009975 0.000000
vt -0.123257 0.004987 0.000000
vt -0.120504 0.000000 0.000000
vt -0.178231 -0.009975 0.000000
vt 0.101169 -0.009975 0.000000
vt 0.105830 -0.005202 0.000000
vt 0.079740 -0.001408 0.000000
vt 0.059255 0.002386 0.000000
vt 0.046190 0.006180 0.000000
vt 0.042831 0.008077 0.000000
vt 0.041985 0.009026 0.000000
vt 0.041703 0.009975 0.000000
vt -0.190931 0.009975 0.000000
vt -0.189964 0.004987 0.000000
vt -0.187211 0.000000 0.000000
vt 0.232634 0.114300 0.000000
vt 0.000000 0.114300 0.000000
vt 0.000000 0.000000 0.000000
vt 0.232634 0.000000 0.000000
vt 0.077153 0.114300 0.000000
vt 0.000000 0.114300 0.000000
vt 0.000000 0.000000 0.000000
vt 0.077153 0.000000 0.000000
vt 0.304800 0.114300 0.000000
vt 0.000000 0.114300 0.000000
vt 0.000000 0.000000 0.000000
vt 0.304800 0.000000 0.000000
vt 0.124091 0.114300 0.000000
vt 0.000000 0.114300 0.000000
vt 0.000000 0.000000 0.000000
vt 0.124091 0.000000 0.000000
vt 0.191397 0.114300 0.000000
vt 0.000000 0.114300 0.000000
vt 0.000000 0.000000 0.000000
vt 0.191397 0.000000 0.000000
vt 0.191324 0.114300 0.000000
vt 0.000000 0.114300 0.000000
vt 0.000000 0.000000 0.000000
vt 0.191324 0.000000 0.000000
vt 0.123797 0.114300 0.000000
vt 0.000000 0.114300 0.000000
vt 0.000000 0.000000 0.000000
vt 0.123797 0.000000 0.000000
vt 0.304800 0.114300 0.000000
vt 0.000000 0.114300 0.000000
vt 0.000000 0.000000 0.000000
vt 0.304800 0.000000 0.000000
vt 0.077153 0.114300 0.000000
vt 0.000000 0.114300 0.000000
vt 0.000000 0.000000 0.000000
vt 0.077153 0.000000 0.000000
vt 0.232634 0.114300 0.000000
vt 0.000000 0.114300 0.000000
vt 0.000000 0.000000 0.000000
vt 0.232634 0.000000 0.000000
vt 0.155572 -0.171350 0.000000
vt 0.155572 -0.047259 0.000000
vt -0.029831 0.000265 0.000000
vt 0.155572 0.047496 0.000000
vt 0.155572 0.171293 0.000000
vt -0.149228 0.171293 0.000000
vt -0.149228 0.094140 0.000000
vt 0.083406 0.094140 0.000000
vt -0.149228 0.034881 0.000000
vt -0.149228 -0.034938 0.000000
vt 0.083406 -0.094197 0.000000
vt -0.149228 -0.094197 0.000000
vt -0.149228 -0.171350 0.000000
vt 0.136528 0.025011 0.000000
vt -0.142872 0.096182 0.000000
vt -0.142872 0.057366 0.000000
vt 0.081127 0.000303 0.000000
vt -0.142872 -0.057114 0.000000
vt -0.142872 -0.096239 0.000000
vt 0.136528 -0.025068 0.000000
vt -0.034299 -0.009975 0.000000
vt 0.066909 -0.009975 0.000000
vt 0.054774 0.000000 0.000000
vt 0.051054 0.004987 0.000000
vt 0.049748 0.009975 0.000000
vt -0.017138 0.009975 0.000000
vt -0.018444 0.004987 0.000000
vt -0.022164 0.000000 0.000000
vt 0.108241 0.009975 0.000000
vt -0.006178 0.009975 0.000000
vt -0.007485 0.004987 0.000000
vt -0.011205 0.000000 0.000000
vt -0.023340 -0.009975 0.000000
vt 0.149794 -0.009975 0.000000
vt 0.133893 -0.004987 0.000000
vt 0.120412 0.000000 0.000000
vt 0.111404 0.004987 0.000000
vt 0.109039 0.007481 0.000000
vt -0.092341 -0.009975 0.000000
vt 0.080793 -0.009975 0.000000
vt 0.068658 0.000000 0.000000
vt 0.064938 0.004987 0.000000
vt 0.063632 0.009975 0.000000
vt -0.050788 0.009975 0.000000
vt -0.051586 0.007481 0.000000
vt -0.053951 0.004987 0.000000
vt -0.062959 0.000000 0.000000
vt -0.076440 -0.004987 0.000000
vt -0.000000 0.114300 0.000000
vt -0.114419 0.114300 0.000000
vt -0.114419 0.000000 0.000000
vt -0.000000 0.000000 0.000000
vt -0.000000 0.114300 0.000000
vt -0.066886 0.114300 0.000000
vt -0.066886 0.000000 0.000000
vt -0.000000 0.000000 0.000000
vt 0.056260 0.061693 0.000000
vt 0.106718 0.076948 0.000000
vt 0.106718 0.147756 0.000000
vt -0.172682 0.042880 0.000000
vt -0.172682 -0.042500 0.000000
vt 0.106718 -0.147645 0.000000
vt 0.106718 -0.079253 0.000000
vt 0.056260 -0.064292 0.000000
vt 0.015654 0.049771 0.000000
vt 0.015654 -0.051437 0.000000
vt -0.149919 -0.000833 0.000000
vt -0.083852 -0.009975 0.000000
vt -0.031139 -0.009975 0.000000
vt -0.037806 0.000000 0.000000
vt -0.039850 0.004987 0.000000
vt -0.040567 0.009975 0.000000
vt -0.093281 0.009975 0.000000
vt -0.092563 0.004987 0.000000
vt -0.090519 0.000000 0.000000
vt -0.089099 -0.009975 0.000000
vt 0.036886 -0.009975 0.000000
vt 0.030182 0.000000 0.000000
vt 0.028127 0.004987 0.000000
vt 0.027405 0.009975 0.000000
vt -0.079671 0.009975 0.000000
vt -0.080388 0.004987 0.000000
vt -0.082432 0.000000 0.000000
vt 0.005053 -0.009975 0.000000
vt 0.057682 -0.009975 0.000000
vt 0.064386 0.000000 0.000000
vt 0.066441 0.004987 0.000000
vt 0.067163 0.009975 0.000000
vt 0.014534 0.009975 0.000000
vt 0.013812 0.004987 0.000000
vt 0.011757 0.000000 0.000000
vt -0.003744 -0.009975 0.000000
vt 0.064648 -0.009975 0.000000
vt 0.077623 0.000000 0.000000
vt 0.081600 0.004987 0.000000
vt 0.082997 0.009975 0.000000
vt -0.013225 0.009975 0.000000
vt -0.012503 0.004987 0.000000
vt -0.010448 0.000000 0.000000
vt -0.229601 -0.009975 0.000000
vt 0.068929 -0.009975 0.000000
vt 0.075144 0.000000 0.000000
vt 0.077050 0.004987 0.000000
vt 0.077719 0.009975 0.000000
vt -0.247949 0.009975 0.000000
vt -0.246553 0.004987 0.000000
vt -0.242575 0.000000 0.000000
vt 0.025839 0.009975 0.000000
vt -0.077130 0.009975 0.000000
vt -0.076461 0.004987 0.000000
vt -0.074555 0.000000 0.000000
vt -0.068340 -0.009975 0.000000
vt 0.017041 -0.009975 0.000000
vt 0.023262 0.000000 0.000000
vt 0.025169 0.004987 0.000000
vt 0.085084 0.009975 0.000000
vt -0.240481 0.009975 0.000000
vt -0.239811 0.004987 0.000000
vt -0.237904 0.000000 0.000000
vt -0.231683 -0.009975 0.000000
vt 0.066752 -0.009975 0.000000
vt 0.079715 0.000000 0.000000
vt 0.083689 0.004987 0.000000
vt -0.033760 0.009975 0.000000
vt -0.132328 0.009975 0.000000
vt -0.130933 0.004987 0.000000
vt -0.126959 0.000000 0.000000
vt -0.113996 -0.009975 0.000000
vt -0.043188 -0.009975 0.000000
vt -0.036521 0.000000 0.000000
vt -0.034478 0.004987 0.000000
vt 0.102969 0.114300 0.000000
vt 0.000000 0.114300 0.000000
vt 0.000000 0.000000 0.000000
vt 0.102969 0.000000 0.000000
vt 0.325565 0.114300 0.000000
vt 0.000000 0.114300 0.000000
vt 0.000000 0.000000 0.000000
vt 0.325565 0.000000 0.000000
vt 0.098569 0.114300 0.000000
vt 0.000000 0.114300 0.000000
vt 0.000000 0.000000 0.000000
vt 0.098569 0.000000 0.000000
vt 0.052713 0.114300 0.000000
vt 0.000000 0.114300 0.000000
vt 0.000000 0.000000 0.000000
vt 0.052713 0.000000 0.000000
vt -0.000000 0.114300 0.000000
vt -0.114419 0.114300 0.000000
vt -0.114419 0.000000 0.000000
vt -0.000000 0.000000 0.000000
vt 0.052629 0.114300 0.000000
vt 0.000000 0.114300 0.000000
vt 0.000000 0.000000 0.000000
vt 0.052629 0.000000 0.000000
vt 0.096222 0.114300 0.000000
vt 0.000000 0.114300 0.000000
vt 0.000000 0.000000 0.000000
vt 0.096222 0.000000 0.000000
vt 0.325668 0.114300 0.000000
vt 0.000000 0.114300 0.000000
vt 0.000000 0.000000 0.000000
vt 0.325668 0.000000 0.000000
vt 0.107076 0.114300 0.000000
vt 0.000000 0.114300 0.000000
vt 0.000000 0.000000 0.000000
vt 0.107076 0.000000 0.000000
vt -0.002954 -0.034276 0.000000
vt -0.002954 0.032610 0.000000
vt 0.106468 -0.000833 0.000000
vt -0.068960 0.052265 0.000000
vt -0.068960 -0.054811 0.000000
vt -0.119418 -0.069772 0.000000
vt -0.119418 -0.165994 0.000000
vt 0.185382 -0.051291 0.000000
vt 0.185382 0.051678 0.000000
vt -0.119418 0.166088 0.000000
vt -0.119418 0.067520 0.000000
vt -0.000000 -0.173726 0.000000
vt -0.000000 -0.154151 0.000000
vt -0.000000 -0.134575 0.000000
vt -0.000000 -0.115000 0.000000
vt -0.000000 -0.095425 0.000000
vt -0.000000 -0.071569 0.000000
vt -0.000000 -0.047713 0.000000
vt -0.000000 0.000000 0.000000
vt -0.006644 0.000000 0.000000
vt -0.013305 0.000000 0.000000
vt -0.019949 0.000000 0.000000
vt -0.019949 -0.047713 0.000000
vt -0.019949 -0.071569 0.000000
vt -0.019949 -0.095425 0.000000
vt -0.019949 -0.111200 0.000000
vt -0.019948 -0.126976 0.000000
vt -0.019948 -0.158526 0.000000
vt -0.019856 -0.158647 0.000000
vt -0.011157 -0.168524 0.000000
vt -0.005964 -0.172192 0.000000
vt -0.012819 -0.134575 0.000000
vt -0.002845 -0.154151 0.000000
vt -0.009975 -0.154151 0.000000
vt -0.012819 -0.154151 0.000000
vt -0.002845 -0.134575 0.000000
vt -0.009975 -0.134575 0.000000
vt -0.002845 -0.115000 0.000000
vt -0.009975 -0.115000 0.000000
vt -0.012819 -0.115000 0.000000
vt -0.002845 -0.095425 0.000000
vt -0.009975 -0.095425 0.000000
vt -0.012819 -0.095425 0.000000
vt -0.002845 -0.089758 0.000000
vt -0.009975 -0.089758 0.000000
vt -0.012819 -0.089758 0.000000
vt -0.002845 -0.066595 0.000000
vt -0.009975 -0.066595 0.000000
vt -0.012819 -0.066595 0.000000
vt -0.002845 -0.028954 0.000000
vt -0.009975 -0.028954 0.000000
vt -0.012819 -0.028954 0.000000
vt -0.095917 -0.009975 0.000000
vt -0.031719 -0.009975 0.000000
vt -0.031646 -0.009882 0.000000
vt -0.024746 -0.000664 0.000000
vt -0.022128 0.004420 0.000000
vt -0.021065 0.009975 0.000000
vt -0.110109 0.009975 0.000000
vt -0.108635 0.004005 0.000000
vt -0.105140 -0.001179 0.000000
vt -0.096026 -0.009882 0.000000
vt -0.019949 -0.000036 0.000000
vt -0.014965 -0.000018 0.000000
vt -0.009975 -0.000003 0.000000
vt -0.004984 0.000003 0.000000
vt -0.000000 0.000000 0.000000
vt -0.000000 0.023533 0.000000
vt -0.000000 0.047066 0.000000
vt -0.000000 0.094131 0.000000
vt -0.004984 0.094136 0.000000
vt -0.009975 0.094141 0.000000
vt -0.014965 0.094146 0.000000
vt -0.019949 0.094151 0.000000
vt -0.019949 0.094131 0.000000
vt -0.019949 0.047066 0.000000
vt -0.019949 0.023533 0.000000
vt -0.019949 0.000000 0.000000
vt -0.002843 0.032130 0.000000
vt -0.009975 0.032130 0.000000
vt -0.012818 0.032130 0.000000
vt -0.002843 0.084869 0.000000
vt -0.009975 0.084869 0.000000
vt -0.012818 0.084869 0.000000
vt -0.000000 0.000000 0.000000
vt -0.000000 0.009034 0.000000
vt -0.000000 0.018069 0.000000
vt -0.006644 0.018069 0.000000
vt -0.013305 0.018069 0.000000
vt -0.019949 0.018069 0.000000
vt -0.019949 0.009124 0.000000
vt -0.019949 0.000180 0.000000
vt -0.019857 0.000179 0.000000
vt -0.014897 0.000128 0.000000
vt -0.009929 0.000070 0.000000
vt -0.004961 0.000020 0.000000
vt -0.009975 0.001245 0.000000
vt -0.009975 0.009657 0.000000
vt -0.012818 0.001245 0.000000
vt -0.002843 0.001245 0.000000
vt -0.002843 0.009657 0.000000
vt -0.012818 0.009657 0.000000
vt -0.019949 -0.000018 0.000000
vt -0.014965 -0.000009 0.000000
vt -0.009975 -0.000002 0.000000
vt -0.004984 0.000002 0.000000
vt -0.000000 0.000000 0.000000
vt -0.000000 0.027669 0.000000
vt -0.000000 0.041504 0.000000
vt -0.000000 0.055339 0.000000
vt -0.004984 0.055318 0.000000
vt -0.009975 0.055297 0.000000
vt -0.014965 0.055275 0.000000
vt -0.019949 0.055254 0.000000
vt -0.019949 0.041441 0.000000
vt -0.019949 0.027627 0.000000
vt -0.019949 0.000000 0.000000
vt -0.002843 0.005357 0.000000
vt -0.009975 0.005357 0.000000
vt -0.012817 0.005357 0.000000
vt -0.002843 0.036007 0.000000
vt -0.009975 0.036007 0.000000
vt -0.012817 0.036007 0.000000
vt -0.019949 0.000069 0.000000
vt -0.014965 0.000045 0.000000
vt -0.009975 0.000018 0.000000
vt -0.004984 0.000000 0.000000
vt -0.000000 0.000000 0.000000
vt -0.000000 0.013541 0.000000
vt -0.000000 0.027082 0.000000
vt -0.006644 0.027082 0.000000
vt -0.013305 0.027082 0.000000
vt -0.019949 0.027082 0.000000
vt -0.019949 0.013576 0.000000
vt -0.012818 0.013317 0.000000
vt -0.002843 0.001247 0.000000
vt -0.009975 0.001247 0.000000
vt -0.009975 0.013317 0.000000
vt -0.012818 0.001247 0.000000
vt -0.002843 0.013317 0.000000
vt -0.000000 0.000000 0.000000
vt -0.006644 0.000000 0.000000
vt -0.013305 0.000000 0.000000
vt -0.019949 0.000000 0.000000
vt -0.019949 -0.017045 0.000000
vt -0.019949 -0.034090 0.000000
vt -0.019949 -0.048680 0.000000
vt -0.019949 -0.063271 0.000000
vt -0.013305 -0.063271 0.000000
vt -0.006644 -0.063271 0.000000
vt -0.000000 -0.063271 0.000000
vt -0.000000 -0.048680 0.000000
vt -0.000000 -0.034090 0.000000
vt -0.000000 -0.017045 0.000000
vt -0.012818 -0.011422 0.000000
vt -0.009975 -0.011422 0.000000
vt -0.002844 -0.011422 0.000000
vt -0.012818 -0.028438 0.000000
vt -0.009975 -0.028438 0.000000
vt -0.002844 -0.028438 0.000000
vt -0.012818 -0.038494 0.000000
vt -0.009975 -0.038494 0.000000
vt -0.002844 -0.038494 0.000000
vt -0.002844 -0.034090 0.000000
vt -0.009975 -0.034090 0.000000
vt -0.012818 -0.034090 0.000000
vt -0.012818 -0.050882 0.000000
vt -0.009975 -0.050882 0.000000
vt -0.002844 -0.050882 0.000000
vt -0.000000 0.050247 0.000000
vt -0.004984 0.050267 0.000000
vt -0.009975 0.050288 0.000000
vt -0.014965 0.050308 0.000000
vt -0.019949 0.050329 0.000000
vt -0.019949 0.050247 0.000000
vt -0.019949 0.037685 0.000000
vt -0.019949 0.025123 0.000000
vt -0.019949 0.012562 0.000000
vt -0.019949 0.000000 0.000000
vt -0.013305 0.000000 0.000000
vt -0.006644 0.000000 0.000000
vt -0.000000 0.000000 0.000000
vt -0.000000 0.025123 0.000000
vt -0.000000 0.037685 0.000000
vt -0.002843 0.004074 0.000000
vt -0.012818 0.044091 0.000000
vt -0.009975 0.044091 0.000000
vt -0.002843 0.044091 0.000000
vt -0.012818 0.024082 0.000000
vt -0.009975 0.024082 0.000000
vt -0.002843 0.024082 0.000000
vt -0.012818 0.004074 0.000000
vt -0.009975 0.004074 0.000000
vt -0.000000 -0.203430 0.000000
vt -0.000000 -0.181982 0.000000
vt -0.000000 -0.160534 0.000000
vt -0.000000 -0.139086 0.000000
vt -0.000000 -0.117638 0.000000
vt -0.000000 -0.102933 0.000000
vt -0.000000 -0.088229 0.000000
vt -0.000000 -0.058819 0.000000
vt -0.000000 -0.029410 0.000000
vt -0.000000 0.000000 0.000000
vt -0.006644 0.000000 0.000000
vt -0.013305 0.000000 0.000000
vt -0.019949 0.000000 0.000000
vt -0.019949 -0.058819 0.000000
vt -0.019949 -0.088229 0.000000
vt -0.019949 -0.117638 0.000000
vt -0.019949 -0.153213 0.000000
vt -0.019949 -0.188780 0.000000
vt -0.019856 -0.188897 0.000000
vt -0.011086 -0.198493 0.000000
vt -0.005897 -0.201991 0.000000
vt -0.012820 -0.124635 0.000000
vt -0.002845 -0.194591 0.000000
vt -0.009975 -0.194591 0.000000
vt -0.012820 -0.194591 0.000000
vt -0.002845 -0.170857 0.000000
vt -0.009975 -0.170857 0.000000
vt -0.012820 -0.170857 0.000000
vt -0.002845 -0.147123 0.000000
vt -0.009975 -0.147123 0.000000
vt -0.012820 -0.147123 0.000000
vt -0.002845 -0.124635 0.000000
vt -0.009975 -0.124635 0.000000
vt -0.002845 -0.089916 0.000000
vt -0.009975 -0.089916 0.000000
vt -0.012820 -0.089916 0.000000
vt -0.012820 -0.117638 0.000000
vt -0.009975 -0.117638 0.000000
vt -0.002845 -0.117638 0.000000
vt -0.002845 -0.061911 0.000000
vt -0.009975 -0.061911 0.000000
vt -0.012820 -0.061911 0.000000
vt -0.002845 -0.033905 0.000000
vt -0.009975 -0.033905 0.000000
vt -0.012820 -0.033905 0.000000
vt -0.102619 -0.009975 0.000000
vt -0.037559 -0.009975 0.000000
vt -0.037480 -0.009882 0.000000
vt -0.030167 -0.000751 0.000000
vt -0.027387 0.004350 0.000000
vt -0.026250 0.009975 0.000000
vt -0.116191 0.009975 0.000000
vt -0.114810 0.004073 0.000000
vt -0.111490 -0.001108 0.000000
vt -0.102723 -0.009882 0.000000
vt -0.019949 -0.000086 0.000000
vt -0.014966 -0.000042 0.000000
vt -0.009975 -0.000007 0.000000
vt -0.004984 0.000011 0.000000
vt -0.000000 0.000000 0.000000
vt -0.000000 0.018995 0.000000
vt -0.000000 0.037991 0.000000
vt -0.005620 0.036885 0.000000
vt -0.010728 0.034206 0.000000
vt -0.019857 0.027429 0.000000
vt -0.019949 0.027359 0.000000
vt -0.002843 0.014895 0.000000
vt -0.002843 0.034638 0.000000
vt -0.002843 0.002979 0.000000
vt -0.009975 0.002979 0.000000
vt -0.012817 0.021227 0.000000
vt -0.012817 0.002979 0.000000
vt -0.002843 0.021227 0.000000
vt -0.009975 0.021227 0.000000
vt -0.012817 0.014895 0.000000
vt -0.009975 0.014895 0.000000
vt -0.000000 0.000000 0.000000
vt -0.006644 0.000000 0.000000
vt -0.013305 0.000000 0.000000
vt -0.019949 0.000000 0.000000
vt -0.019949 -0.027550 0.000000
vt -0.019949 -0.055100 0.000000
vt -0.019949 -0.083870 0.000000
vt -0.019949 -0.112641 0.000000
vt -0.019949 -0.151153 0.000000
vt -0.019949 -0.189666 0.000000
vt -0.013305 -0.189666 0.000000
vt -0.006644 -0.189666 0.000000
vt -0.000000 -0.189666 0.000000
vt -0.000000 -0.151153 0.000000
vt -0.000000 -0.112641 0.000000
vt -0.000000 -0.083870 0.000000
vt -0.000000 -0.055100 0.000000
vt -0.000000 -0.027550 0.000000
vt -0.012820 -0.176828 0.000000
vt -0.012820 -0.027550 0.000000
vt -0.009975 -0.027550 0.000000
vt -0.002845 -0.027550 0.000000
vt -0.012820 -0.055100 0.000000
vt -0.009975 -0.055100 0.000000
vt -0.002845 -0.055100 0.000000
vt -0.012820 -0.083870 0.000000
vt -0.009975 -0.083870 0.000000
vt -0.002845 -0.083870 0.000000
vt -0.012820 -0.112641 0.000000
vt -0.009975 -0.112641 0.000000
vt -0.002845 -0.112641 0.000000
vt -0.012820 -0.144734 0.000000
vt -0.009975 -0.144734 0.000000
vt -0.002845 -0.144734 0.000000
vt -0.009975 -0.176828 0.000000
vt -0.002845 -0.176828 0.000000
vt -0.000000 0.000000 0.000000
vt -0.004984 -0.000030 0.000000
vt -0.009975 -0.000059 0.000000
vt -0.014965 -0.000089 0.000000
vt -0.019949 -0.000118 0.000000
vt -0.019949 -0.048342 0.000000
vt -0.019949 -0.096565 0.000000
vt -0.019949 -0.120768 0.000000
vt -0.019949 -0.144971 0.000000
vt -0.019949 -0.166592 0.000000
vt -0.019949 -0.188212 0.000000
vt -0.013305 -0.188212 0.000000
vt -0.006644 -0.188212 0.000000
vt -0.000000 -0.188212 0.000000
vt -0.000000 -0.166592 0.000000
vt -0.000000 -0.144971 0.000000
vt -0.000000 -0.120768 0.000000
vt -0.000000 -0.096565 0.000000
vt -0.000000 -0.048283 0.000000
vt -0.012818 -0.181004 0.000000
vt -0.012818 -0.030491 0.000000
vt -0.009975 -0.030491 0.000000
vt -0.002843 -0.030491 0.000000
vt -0.012818 -0.079622 0.000000
vt -0.009975 -0.079622 0.000000
vt -0.002843 -0.079622 0.000000
vt -0.012818 -0.120183 0.000000
vt -0.009975 -0.120183 0.000000
vt -0.002843 -0.120183 0.000000
vt -0.002843 -0.096565 0.000000
vt -0.009975 -0.096565 0.000000
vt -0.012818 -0.096565 0.000000
vt -0.012818 -0.144971 0.000000
vt -0.009975 -0.144971 0.000000
vt -0.002843 -0.144971 0.000000
vt -0.012818 -0.162988 0.000000
vt -0.009975 -0.162988 0.000000
vt -0.002843 -0.162988 0.000000
vt -0.009975 -0.181004 0.000000
vt -0.002843 -0.181004 0.000000
vt -0.019949 0.037098 0.000000
vt -0.019949 0.018599 0.000000
vt -0.019949 0.000100 0.000000
vt -0.014966 0.000049 0.000000
vt -0.009975 0.000008 0.000000
vt -0.004984 -0.000010 0.000000
vt -0.000000 0.000000 0.000000
vt -0.000000 0.018692 0.000000
vt -0.000000 0.037384 0.000000
vt -0.004961 0.037348 0.000000
vt -0.009929 0.037262 0.000000
vt -0.014897 0.037171 0.000000
vt -0.019857 0.037099 0.000000
vt -0.012817 0.023700 0.000000
vt -0.009975 0.023700 0.000000
vt -0.002843 0.023700 0.000000
vt -0.012817 0.003494 0.000000
vt -0.009975 0.003494 0.000000
vt -0.002843 0.003494 0.000000
vt -0.000000 0.000000 0.000000
vt -0.006644 0.000000 0.000000
vt -0.013305 0.000000 0.000000
vt -0.019949 0.000000 0.000000
vt -0.019949 -0.013219 0.000000
vt -0.019949 -0.026437 0.000000
vt -0.019949 -0.038106 0.000000
vt -0.019949 -0.049776 0.000000
vt -0.013305 -0.049776 0.000000
vt -0.006644 -0.049776 0.000000
vt -0.000000 -0.049776 0.000000
vt -0.000000 -0.038106 0.000000
vt -0.000000 -0.026437 0.000000
vt -0.000000 -0.013219 0.000000
vt -0.012819 -0.013219 0.000000
vt -0.009975 -0.013219 0.000000
vt -0.002845 -0.013219 0.000000
vt -0.012819 -0.026437 0.000000
vt -0.009975 -0.026437 0.000000
vt -0.002845 -0.026437 0.000000
vt -0.012819 -0.030813 0.000000
vt -0.009975 -0.030813 0.000000
vt -0.002845 -0.030813 0.000000
vt -0.012819 -0.040294 0.000000
vt -0.009975 -0.040294 0.000000
vt -0.002845 -0.040294 0.000000
vt -0.019949 -0.009175 0.000000
vt -0.019949 -0.021883 0.000000
vt -0.019949 -0.034590 0.000000
vt -0.019949 -0.051412 0.000000
vt -0.019949 -0.068234 0.000000
vt -0.013305 -0.068234 0.000000
vt -0.006644 -0.068234 0.000000
vt -0.000000 -0.068234 0.000000
vt -0.000000 -0.051412 0.000000
vt -0.000000 -0.034590 0.000000
vt -0.000000 -0.017295 0.000000
vt -0.000000 0.000000 0.000000
vt -0.005550 -0.000968 0.000000
vt -0.010640 -0.003312 0.000000
vt -0.019859 -0.009117 0.000000
vt -0.012818 -0.013305 0.000000
vt -0.009975 -0.013305 0.000000
vt -0.002843 -0.013305 0.000000
vt -0.012818 -0.023947 0.000000
vt -0.009975 -0.023947 0.000000
vt -0.002843 -0.023947 0.000000
vt -0.012818 -0.044269 0.000000
vt -0.009975 -0.044269 0.000000
vt -0.002843 -0.044269 0.000000
vt -0.002843 -0.034590 0.000000
vt -0.009975 -0.034590 0.000000
vt -0.012818 -0.034590 0.000000
vt -0.012818 -0.053948 0.000000
vt -0.009975 -0.053948 0.000000
vt -0.002843 -0.053948 0.000000
vt -0.000000 0.000000 0.000000
vt -0.006644 0.000000 0.000000
vt -0.013305 0.000000 0.000000
vt -0.019949 0.000000 0.000000
vt -0.019949 -0.021656 0.000000
vt -0.019949 -0.043312 0.000000
vt -0.019949 -0.068345 0.000000
vt -0.019949 -0.093379 0.000000
vt -0.019949 -0.132180 0.000000
vt -0.019949 -0.170981 0.000000
vt -0.013305 -0.170981 0.000000
vt -0.006644 -0.170981 0.000000
vt -0.000000 -0.170981 0.000000
vt -0.000000 -0.132180 0.000000
vt -0.000000 -0.093379 0.000000
vt -0.000000 -0.068345 0.000000
vt -0.000000 -0.043312 0.000000
vt -0.000000 -0.021656 0.000000
vt -0.012820 -0.158047 0.000000
vt -0.012820 -0.021656 0.000000
vt -0.009975 -0.021656 0.000000
vt -0.002846 -0.021656 0.000000
vt -0.012820 -0.043312 0.000000
vt -0.009975 -0.043312 0.000000
vt -0.002846 -0.043312 0.000000
vt -0.012820 -0.068345 0.000000
vt -0.009975 -0.068345 0.000000
vt -0.002846 -0.068345 0.000000
vt -0.012820 -0.093379 0.000000
vt -0.009975 -0.093379 0.000000
vt -0.002846 -0.093379 0.000000
vt -0.012820 -0.125713 0.000000
vt -0.009975 -0.125713 0.000000
vt -0.002846 -0.125713 0.000000
vt -0.009975 -0.158047 0.000000
vt -0.002846 -0.158047 0.000000
vt -0.000000 0.064669 0.000000
vt -0.004984 0.064679 0.000000
vt -0.009975 0.064689 0.000000
vt -0.014965 0.064699 0.000000
vt -0.019949 0.064709 0.000000
vt -0.019949 0.064669 0.000000
vt -0.019949 0.048501 0.000000
vt -0.019949 0.032334 0.000000
vt -0.019949 0.016167 0.000000
vt -0.019949 0.000000 0.000000
vt -0.013305 0.000000 0.000000
vt -0.006644 0.000000 0.000000
vt -0.000000 0.000000 0.000000
vt -0.000000 0.016167 0.000000
vt -0.000000 0.032334 0.000000
vt -0.000000 0.048501 0.000000
vt -0.012818 0.005069 0.000000
vt -0.012818 0.056291 0.000000
vt -0.009975 0.056291 0.000000
vt -0.002843 0.056291 0.000000
vt -0.012818 0.047913 0.000000
vt -0.009975 0.047913 0.000000
vt -0.002843 0.047913 0.000000
vt -0.012818 0.026491 0.000000
vt -0.009975 0.026491 0.000000
vt -0.002843 0.026491 0.000000
vt -0.009975 0.005069 0.000000
vt -0.002843 0.005069 0.000000
vt 0.000000 0.114300 0.000000
vt -0.032122 0.114300 0.000000
vt -0.052191 0.114300 0.000000
vt -0.075442 0.114300 0.000000
vt -0.096225 0.114300 0.000000
vt -0.116313 0.114300 0.000000
vt -0.134402 0.114300 0.000000
vt -0.150256 0.114300 0.000000
vt -0.150256 0.000000 0.000000
vt -0.131474 0.000000 0.000000
vt -0.112692 0.000000 0.000000
vt -0.093910 0.000000 0.000000
vt -0.075128 0.000000 0.000000
vt -0.056346 0.000000 0.000000
vt -0.037564 0.000000 0.000000
vt -0.018782 0.000000 0.000000
vt 0.000000 0.000000 0.000000
vt 0.089044 0.114300 0.000000
vt 0.000000 0.114300 0.000000
vt 0.000000 0.000000 0.000000
vt 0.089044 0.000000 0.000000
vt 0.000000 0.114300 0.000000
vt -0.014276 0.114300 0.000000
vt -0.029660 0.114300 0.000000
vt -0.044863 0.114300 0.000000
vt -0.059197 0.114300 0.000000
vt -0.059197 0.000000 0.000000
vt -0.044398 0.000000 0.000000
vt -0.029599 0.000000 0.000000
vt -0.014799 0.000000 0.000000
vt 0.000000 0.000000 0.000000
vt 0.000000 0.114300 0.000000
vt -0.010488 0.114300 0.000000
vt -0.021673 0.114300 0.000000
vt -0.032518 0.114300 0.000000
vt -0.043346 0.114300 0.000000
vt -0.043346 0.000000 0.000000
vt -0.032509 0.000000 0.000000
vt -0.021673 0.000000 0.000000
vt -0.010836 0.000000 0.000000
vt 0.000000 0.000000 0.000000
vt 0.000000 0.114300 0.000000
vt -0.007232 0.114300 0.000000
vt -0.014703 0.114300 0.000000
vt -0.014703 0.000000 0.000000
vt -0.007352 0.000000 0.000000
vt 0.000000 0.000000 0.000000
vt 0.000000 0.114300 0.000000
vt -0.018887 0.114300 0.000000
vt -0.033587 0.114300 0.000000
vt -0.033587 0.000000 0.000000
vt -0.016793 0.000000 0.000000
vt 0.000000 0.000000 0.000000
vt 0.000000 0.114300 0.000000
vt -0.020795 0.114300 0.000000
vt -0.051469 0.114300 0.000000
vt -0.074794 0.114300 0.000000
vt -0.102689 0.114300 0.000000
vt -0.129253 0.114300 0.000000
vt -0.154406 0.114300 0.000000
vt -0.154406 0.000000 0.000000
vt -0.128672 0.000000 0.000000
vt -0.102937 0.000000 0.000000
vt -0.077203 0.000000 0.000000
vt -0.051469 0.000000 0.000000
vt -0.038601 0.000000 0.000000
vt -0.025734 0.000000 0.000000
vt -0.012867 0.000000 0.000000
vt 0.000000 0.000000 0.000000
vt 0.000000 0.114300 0.000000
vt -0.029527 0.114300 0.000000
vt -0.058966 0.114300 0.000000
vt -0.089001 0.114300 0.000000
vt -0.117605 0.114300 0.000000
vt -0.150182 0.114300 0.000000
vt -0.176574 0.114300 0.000000
vt -0.176574 0.000000 0.000000
vt -0.147145 0.000000 0.000000
vt -0.117716 0.000000 0.000000
vt -0.088287 0.000000 0.000000
vt -0.058858 0.000000 0.000000
vt -0.029429 0.000000 0.000000
vt 0.000000 0.000000 0.000000
vt 0.000000 0.114300 0.000000
vt -0.015707 0.114300 0.000000
vt -0.033960 0.114300 0.000000
vt -0.056297 0.114300 0.000000
vt -0.069603 0.114300 0.000000
vt -0.084568 0.114300 0.000000
vt -0.106670 0.114300 0.000000
vt -0.128773 0.114300 0.000000
vt -0.150002 0.114300 0.000000
vt -0.169683 0.114300 0.000000
vt -0.169683 0.000000 0.000000
vt -0.148473 0.000000 0.000000
vt -0.127262 0.000000 0.000000
vt -0.106052 0.000000 0.000000
vt -0.084842 0.000000 0.000000
vt -0.063631 0.000000 0.000000
vt -0.042421 0.000000 0.000000
vt -0.021210 0.000000 0.000000
vt 0.000000 0.000000 0.000000
vt 0.063925 -0.125148 0.000000
vt 0.093868 -0.115230 0.000000
vt 0.119376 -0.096650 0.000000
vt 0.133517 -0.074975 0.000000
vt 0.141064 -0.049848 0.000000
vt 0.145587 0.002212 0.000000
vt 0.143165 0.037165 0.000000
vt 0.133805 0.070841 0.000000
vt 0.120362 0.093117 0.000000
vt 0.101004 0.110564 0.000000
vt 0.078468 0.121192 0.000000
vt 0.053851 0.124751 0.000000
vt 0.033872 0.122262 0.000000
vt 0.015368 0.114378 0.000000
vt -0.001431 0.099545 0.000000
vt -0.013607 0.080627 0.000000
vt -0.028894 0.038667 0.000000
vt -0.039620 -0.004786 0.000000
vt -0.044528 -0.024349 0.000000
vt -0.053612 -0.042203 0.000000
vt -0.063596 -0.050465 0.000000
vt -0.076107 -0.053612 0.000000
vt -0.091079 -0.050243 0.000000
vt -0.103067 -0.040630 0.000000
vt -0.110799 -0.025074 0.000000
vt -0.112863 -0.007762 0.000000
vt -0.110166 0.013073 0.000000
vt -0.100595 0.031655 0.000000
vt -0.088654 0.042009 0.000000
vt -0.074162 0.048471 0.000000
vt -0.077969 0.112557 0.000000
vt -0.104305 0.102480 0.000000
vt -0.115675 0.094160 0.000000
vt -0.124913 0.083660 0.000000
vt -0.134792 0.064881 0.000000
vt -0.140650 0.044192 0.000000
vt -0.144374 0.001625 0.000000
vt -0.142247 -0.033962 0.000000
vt -0.133273 -0.068337 0.000000
vt -0.121904 -0.088091 0.000000
vt -0.105206 -0.103732 0.000000
vt -0.087404 -0.112354 0.000000
vt -0.067893 -0.115339 0.000000
vt -0.053968 -0.114055 0.000000
vt -0.040634 -0.109851 0.000000
vt -0.028659 -0.102653 0.000000
vt -0.018518 -0.093018 0.000000
vt -0.018495 -0.092992 0.000000
vt -0.018472 -0.092966 0.000000
vt -0.005934 -0.074187 0.000000
vt 0.003181 -0.053489 0.000000
vt 0.015636 -0.010000 0.000000
vt 0.015640 -0.009982 0.000000
vt 0.015645 -0.009964 0.000000
vt 0.023270 0.018141 0.000000
vt 0.028656 0.031658 0.000000
vt 0.036497 0.043866 0.000000
vt 0.050186 0.054613 0.000000
vt 0.067052 0.058623 0.000000
vt 0.084480 0.054469 0.000000
vt 0.098505 0.043239 0.000000
vt 0.108395 0.024759 0.000000
vt 0.111142 0.003972 0.000000
vt 0.109868 -0.010692 0.000000
vt 0.105646 -0.024794 0.000000
vt 0.098203 -0.037471 0.000000
vt 0.087855 -0.047926 0.000000
vt 0.087780 -0.047986 0.000000
vt 0.059893 -0.060213 0.000000
vt 0.000000 0.114300 0.000000
vt -0.016665 0.114300 0.000000
vt -0.035442 0.114300 0.000000
vt -0.035442 0.000000 0.000000
vt -0.017721 0.000000 0.000000
vt 0.000000 0.000000 0.000000
vt 0.000000 0.114300 0.000000
vt -0.011637 0.114300 0.000000
vt -0.023338 0.114300 0.000000
vt -0.045841 0.114300 0.000000
vt -0.045841 0.000000 0.000000
vt -0.034381 0.000000 0.000000
vt -0.022921 0.000000 0.000000
vt -0.011460 0.000000 0.000000
vt 0.000000 0.000000 0.000000
vt 0.000000 0.114300 0.000000
vt -0.014073 0.114300 0.000000
vt -0.029115 0.114300 0.000000
vt -0.043587 0.114300 0.000000
vt -0.058230 0.114300 0.000000
vt -0.058230 0.000000 0.000000
vt -0.043673 0.000000 0.000000
vt -0.029115 0.000000 0.000000
vt -0.014558 0.000000 0.000000
vt 0.000000 0.000000 0.000000
vt 0.000000 0.114300 0.000000
vt -0.011878 0.114300 0.000000
vt -0.023615 0.114300 0.000000
vt -0.023615 0.000000 0.000000
vt -0.011807 0.000000 0.000000
vt 0.000000 0.000000 0.000000
vt 0.000000 0.114300 0.000000
vt -0.016100 0.114300 0.000000
vt -0.029823 0.114300 0.000000
vt -0.051331 0.114300 0.000000
vt -0.051331 0.000000 0.000000
vt -0.038498 0.000000 0.000000
vt -0.025666 0.000000 0.000000
vt -0.012833 0.000000 0.000000
vt 0.000000 0.000000 0.000000
vt 0.000000 0.114300 0.000000
vt -0.039546 0.114300 0.000000
vt -0.064416 0.114300 0.000000
vt -0.095996 0.114300 0.000000
vt -0.095996 0.000000 0.000000
vt -0.071997 0.000000 0.000000
vt -0.047998 0.000000 0.000000
vt -0.023999 0.000000 0.000000
vt 0.000000 0.000000 0.000000
vt 0.000000 0.114300 0.000000
vt -0.015692 0.114300 0.000000
vt -0.032542 0.114300 0.000000
vt -0.049299 0.114300 0.000000
vt -0.064727 0.114300 0.000000
vt -0.064727 0.000000 0.000000
vt -0.048545 0.000000 0.000000
vt -0.032363 0.000000 0.000000
vt -0.016182 0.000000 0.000000
vt 0.000000 0.000000 0.000000
vt 0.000000 0.114300 0.000000
vt -0.026923 0.114300 0.000000
vt -0.052906 0.114300 0.000000
vt -0.080785 0.114300 0.000000
vt -0.105216 0.114300 0.000000
vt -0.135094 0.114300 0.000000
vt -0.157787 0.114300 0.000000
vt -0.157787 0.000000 0.000000
vt -0.144638 0.000000 0.000000
vt -0.131489 0.000000 0.000000
vt -0.118340 0.000000 0.000000
vt -0.105191 0.000000 0.000000
vt -0.078893 0.000000 0.000000
vt -0.052596 0.000000 0.000000
vt -0.026298 0.000000 0.000000
vt 0.000000 0.000000 0.000000
vt 0.089941 0.114300 0.000000
vt 0.000000 0.114300 0.000000
vt 0.000000 0.000000 0.000000
vt 0.089941 0.000000 0.000000
vt -0.052091 -0.139480 0.000000
vt -0.046517 -0.049712 0.000000
vt -0.065879 -0.045312 0.000000
vt -0.079960 -0.037978 0.000000
vt -0.088046 -0.029856 0.000000
vt -0.093821 -0.020157 0.000000
vt -0.097286 -0.008881 0.000000
vt -0.098442 0.003972 0.000000
vt -0.096058 0.021684 0.000000
vt -0.088907 0.034922 0.000000
vt -0.078676 0.043172 0.000000
vt -0.067052 0.045923 0.000000
vt -0.055904 0.043282 0.000000
vt -0.045930 0.035362 0.000000
vt -0.041292 0.028504 0.000000
vt -0.036763 0.018200 0.000000
vt -0.032344 0.004449 0.000000
vt -0.028035 -0.012749 0.000000
vt -0.020555 -0.041608 0.000000
vt -0.011901 -0.065994 0.000000
vt -0.002073 -0.085906 0.000000
vt 0.008928 -0.101344 0.000000
vt 0.021304 -0.113023 0.000000
vt 0.035257 -0.121365 0.000000
vt 0.050787 -0.126371 0.000000
vt 0.067893 -0.128039 0.000000
vt 0.090702 -0.124629 0.000000
vt 0.112190 -0.114398 0.000000
vt 0.130819 -0.097310 0.000000
vt 0.145046 -0.073328 0.000000
vt 0.150309 -0.058357 0.000000
vt 0.154067 -0.040875 0.000000
vt 0.156322 -0.020881 0.000000
vt 0.157074 0.001625 0.000000
vt 0.155717 0.029210 0.000000
vt 0.151647 0.053293 0.000000
vt 0.144863 0.073874 0.000000
vt 0.135366 0.090953 0.000000
vt 0.122898 0.104732 0.000000
vt 0.107203 0.115412 0.000000
vt 0.088281 0.122993 0.000000
vt 0.066133 0.127476 0.000000
vt 0.060852 0.038589 0.000000
vt 0.078601 0.033088 0.000000
vt 0.090775 0.023627 0.000000
vt 0.097816 0.010059 0.000000
vt 0.100163 -0.007762 0.000000
vt 0.098439 -0.022173 0.000000
vt 0.093269 -0.032551 0.000000
vt 0.085531 -0.038821 0.000000
vt 0.076107 -0.040912 0.000000
vt 0.069360 -0.039152 0.000000
vt 0.063199 -0.033871 0.000000
vt 0.057332 -0.022577 0.000000
vt 0.052052 -0.002188 0.000000
vt 0.045295 0.026561 0.000000
vt 0.038520 0.050910 0.000000
vt 0.031727 0.070858 0.000000
vt 0.024916 0.086406 0.000000
vt 0.009661 0.109471 0.000000
vt -0.008820 0.125276 0.000000
vt -0.030126 0.134407 0.000000
vt -0.053851 0.137451 0.000000
vt -0.082050 0.133380 0.000000
vt -0.107976 0.121169 0.000000
vt -0.129758 0.101697 0.000000
vt -0.145526 0.075845 0.000000
vt -0.155096 0.042916 0.000000
vt -0.158287 0.002212 0.000000
vt -0.156417 -0.033679 0.000000
vt -0.150806 -0.063610 0.000000
vt -0.141455 -0.087583 0.000000
vt -0.128364 -0.105597 0.000000
vt -0.112376 -0.118991 0.000000
vt -0.094335 -0.129103 0.000000
vt -0.074239 -0.135932 0.000000
vt -0.215935 -0.009975 0.000000
vt 0.063465 -0.009975 0.000000
vt 0.072445 0.000000 0.000000
vt 0.075198 0.004987 0.000000
vt 0.076165 0.009975 0.000000
vt -0.228635 0.009975 0.000000
vt -0.227669 0.004987 0.000000
vt -0.224916 0.000000 0.000000
vt -0.104732 -0.009975 0.000000
vt -0.035256 -0.009975 0.000000
vt -0.032688 -0.004987 0.000000
vt -0.030510 0.000000 0.000000
vt -0.029055 0.004987 0.000000
vt -0.028544 0.009975 0.000000
vt -0.117432 0.009975 0.000000
vt -0.116465 0.004987 0.000000
vt -0.113712 0.000000 0.000000
vt -0.173844 -0.009975 0.000000
vt 0.063708 -0.009975 0.000000
vt 0.047953 -0.004987 0.000000
vt 0.034596 0.000000 0.000000
vt 0.025671 0.004987 0.000000
vt 0.023329 0.007481 0.000000
vt 0.022537 0.009975 0.000000
vt -0.180556 0.009975 0.000000
vt -0.180045 0.004987 0.000000
vt -0.178590 0.000000 0.000000
vt -0.176413 -0.004987 0.000000
vt -0.132808 -0.009975 0.000000
vt 0.063465 -0.009975 0.000000
vt 0.072445 0.000000 0.000000
vt 0.075198 0.004987 0.000000
vt 0.076165 0.009975 0.000000
vt -0.091637 0.009975 0.000000
vt -0.092428 0.007481 0.000000
vt -0.094771 0.004987 0.000000
vt -0.103695 0.000000 0.000000
vt -0.117052 -0.004987 0.000000
vt -0.002936 -0.009975 0.000000
vt 0.060258 -0.009975 0.000000
vt 0.069238 0.000000 0.000000
vt 0.071991 0.004987 0.000000
vt 0.072958 0.009975 0.000000
vt -0.015636 0.009975 0.000000
vt -0.014670 0.004987 0.000000
vt -0.011917 0.000000 0.000000
vt -0.215865 -0.009975 0.000000
vt 0.063535 -0.009975 0.000000
vt 0.072516 0.000000 0.000000
vt 0.075269 0.004987 0.000000
vt 0.076235 0.009975 0.000000
vt -0.228565 0.009975 0.000000
vt -0.227598 0.004987 0.000000
vt -0.224845 0.000000 0.000000
vt -0.028954 0.009975 0.000000
vt -0.116962 0.009975 0.000000
vt -0.115995 0.004987 0.000000
vt -0.113242 0.000000 0.000000
vt -0.104262 -0.009975 0.000000
vt -0.035667 -0.009975 0.000000
vt -0.033098 -0.004987 0.000000
vt -0.030920 0.000000 0.000000
vt -0.029465 0.004987 0.000000
vt 0.022776 0.009975 0.000000
vt -0.181375 0.009975 0.000000
vt -0.180864 0.004987 0.000000
vt -0.179409 0.000000 0.000000
vt -0.177232 -0.004987 0.000000
vt -0.174663 -0.009975 0.000000
vt 0.063951 -0.009975 0.000000
vt 0.048194 -0.004987 0.000000
vt 0.034836 0.000000 0.000000
vt 0.025910 0.004987 0.000000
vt 0.023567 0.007481 0.000000
vt 0.076235 0.009975 0.000000
vt -0.092446 0.009975 0.000000
vt -0.093237 0.007481 0.000000
vt -0.095580 0.004987 0.000000
vt -0.104506 0.000000 0.000000
vt -0.117864 -0.004987 0.000000
vt -0.133621 -0.009975 0.000000
vt 0.063535 -0.009975 0.000000
vt 0.072516 0.000000 0.000000
vt 0.075269 0.004987 0.000000
vt 0.072988 0.009975 0.000000
vt -0.015900 0.009975 0.000000
vt -0.014933 0.004987 0.000000
vt -0.012180 0.000000 0.000000
vt -0.003200 -0.009975 0.000000
vt 0.060288 -0.009975 0.000000
vt 0.069268 0.000000 0.000000
vt 0.072021 0.004987 0.000000
vt 0.088008 0.114300 0.000000
vt 0.000000 0.114300 0.000000
vt 0.000000 0.000000 0.000000
vt 0.088008 0.000000 0.000000
vt 0.204151 0.114300 0.000000
vt 0.000000 0.114300 0.000000
vt 0.000000 0.000000 0.000000
vt 0.204151 0.000000 0.000000
vt 0.168681 0.114300 0.000000
vt 0.000000 0.114300 0.000000
vt 0.000000 0.000000 0.000000
vt 0.168681 0.000000 0.000000
vt 0.088888 0.114300 0.000000
vt 0.000000 0.114300 0.000000
vt 0.000000 0.000000 0.000000
vt 0.088888 0.000000 0.000000
vt 0.304800 0.114300 0.000000
vt 0.000000 0.114300 0.000000
vt 0.000000 0.000000 0.000000
vt 0.304800 0.000000 0.000000
vt 0.139629 0.133276 0.000000
vt -0.139771 0.133276 0.000000
vt -0.139771 0.069788 0.000000
vt 0.057386 0.069788 0.000000
vt -0.139771 -0.064621 0.000000
vt -0.139771 -0.133216 0.000000
vt 0.139629 -0.133216 0.000000
vt 0.139629 -0.070022 0.000000
vt -0.056643 -0.070022 0.000000
vt 0.139629 0.063800 0.000000
vt 0.088888 0.114300 0.000000
vt 0.000000 0.114300 0.000000
vt 0.000000 0.000000 0.000000
vt 0.088888 0.000000 0.000000
vt 0.203093 0.114300 0.000000
vt 0.000000 0.114300 0.000000
vt 0.000000 0.000000 0.000000
vt 0.203093 0.000000 0.000000
vt 0.167801 0.114300 0.000000
vt 0.000000 0.114300 0.000000
vt 0.000000 0.000000 0.000000
vt 0.167801 0.000000 0.000000
vt 0.088594 0.114300 0.000000
vt 0.000000 0.114300 0.000000
vt 0.000000 0.000000 0.000000
vt 0.088594 0.000000 0.000000
vt 0.304800 0.114300 0.000000
vt 0.000000 0.114300 0.000000
vt 0.000000 0.000000 0.000000
vt 0.304800 0.000000 0.000000
vt 0.152471 -0.145916 0.000000
vt 0.152471 -0.057908 0.000000
vt -0.016211 0.057088 0.000000
vt 0.152471 0.057088 0.000000
vt 0.152471 0.145976 0.000000
vt -0.152329 0.145976 0.000000
vt -0.152329 0.057088 0.000000
vt 0.015472 -0.057322 0.000000
vt -0.152329 -0.057322 0.000000
vt -0.152329 -0.145916 0.000000
vn 2.540000 0.000000 0.000000
vn 2.540000 0.000000 0.000000
vn 1.796051 0.000000 1.796051
vn 0.972016 0.000000 2.346654
vn 0.000000 0.000000 2.540000
vn 0.000000 0.000000 2.540000
vn 0.972016 0.000000 2.346654
vn 1.796051 0.000000 1.796051
vn 0.000000 2.429082 -0.742401
vn 0.000000 2.429082 -0.742401
vn 0.495529 2.382408 -0.728136
vn 0.972016 2.244180 -0.685889
vn 1.796051 1.717621 -0.524956
vn 2.346654 0.929570 -0.284104
vn 2.540000 0.000000 0.000000
vn 2.540000 0.000000 0.000000
vn 1.796051 1.717621 -0.524956
vn 0.972016 2.244180 -0.685889
vn 2.540000 0.000000 0.000000
vn 2.540000 0.000000 0.000000
vn 2.346654 -0.929570 -0.284104
vn 1.796051 -1.717621 -0.524956
vn 0.972016 -2.244180 -0.685889
vn 0.495529 -2.382408 -0.728136
vn 0.000000 -2.429082 -0.742401
vn 0.000000 -2.429082 -0.742401
vn 0.972016 -2.244180 -0.685889
vn 1.796051 -1.717621 -0.524956
vn 0.000000 2.429082 -0.742401
vn 0.000000 2.429082 -0.742401
vn 0.000000 2.429082 -0.742401
vn 0.000000 2.429082 -0.742401
vn 0.000000 0.000000 2.540000
vn 0.000000 0.000000 2.540000
vn 0.000000 0.000000 2.540000
vn 0.000000 0.000000 2.540000
vn 2.540000 0.000000 0.000000
vn 2.540000 0.000000 0.000000
vn 2.540000 0.000000 0.000000
vn 2.540000 0.000000 0.000000
vn 2.540000 0.000000 0.000000
vn 2.540000 0.000000 0.000000
vn 2.540000 0.000000 0.000000
vn 2.540000 0.000000 0.000000
vn 2.540000 0.000000 0.000000
vn 2.540000 0.000000 0.000000
vn 2.540000 0.000000 0.000000
vn 2.540000 0.000000 0.000000
vn 2.540000 0.000000 0.000000
vn 1.796051 -1.719201 -0.519758
vn 0.972016 -2.246244 -0.679097
vn 0.000000 -2.431317 -0.735049
vn 0.000000 -2.431317 -0.735049
vn 0.972016 -2.246244 -0.679097
vn 1.796051 -1.719201 -0.519758
vn 2.540000 0.000000 0.000000
vn 2.540000 0.000000 0.000000
vn 1.796051 0.000000 -1.796051
vn 0.972016 0.000000 -2.346654
vn 0.000000 0.000000 -2.540000
vn 0.000000 0.000000 -2.540000
vn 0.972016 0.000000 -2.346654
vn 1.796051 0.000000 -1.796051
vn 2.540000 0.000000 0.000000
vn 2.540000 0.000000 0.000000
vn 1.796051 1.721949 -0.510578
vn 0.972016 2.249835 -0.667102
vn 0.000000 2.435204 -0.722066
vn 0.000000 2.435204 -0.722066
vn 0.972016 2.249835 -0.667102
vn 1.796051 1.721949 -0.510578
vn 2.540000 0.000000 0.000000
vn 2.540000 0.000000 0.000000
vn 1.796051 0.000000 -1.796051
vn 0.972016 0.000000 -2.346654
vn 0.000000 0.000000 -2.540000
vn 0.000000 0.000000 -2.540000
vn 0.972016 0.000000 -2.346654
vn 1.796051 0.000000 -1.796051
vn 2.540000 0.000000 0.000000
vn 2.540000 0.000000 0.000000
vn 1.796051 -1.680963 0.632586
vn 0.972016 -2.196284 0.826513
vn 0.000000 -2.377240 0.894611
vn 0.000000 -2.377240 0.894611
vn 0.972016 -2.196284 0.826513
vn 1.796051 -1.680963 0.632586
vn 0.000000 0.000000 2.540000
vn 0.000000 0.000000 2.540000
vn 0.972016 0.000000 2.346654
vn 1.796051 0.000000 1.796051
vn 2.540000 0.000000 0.000000
vn 2.540000 0.000000 0.000000
vn 1.796051 0.000000 1.796051
vn 0.972016 0.000000 2.346654
vn 0.000000 2.377994 0.892606
vn 0.000000 2.377994 0.892606
vn 0.972016 2.196980 0.824660
vn 1.796051 1.681496 0.631168
vn 2.540000 0.000000 0.000000
vn 2.540000 0.000000 0.000000
vn 1.796051 1.681496 0.631168
vn 0.972016 2.196980 0.824660
vn 0.000000 0.000000 -2.540000
vn 0.000000 0.000000 -2.540000
vn 0.972016 0.000000 -2.346654
vn 1.796051 0.000000 -1.796051
vn 2.540000 0.000000 0.000000
vn 2.540000 0.000000 0.000000
vn 1.796051 0.000000 -1.796051
vn 0.972016 0.000000 -2.346654
vn 0.000000 0.000000 2.540000
vn 0.000000 0.000000 2.540000
vn 0.000000 0.000000 2.540000
vn 0.000000 0.000000 2.540000
vn 0.000000 2.377994 0.892606
vn 0.000000 2.377994 0.892606
vn 0.000000 2.377994 0.892606
vn 0.000000 2.377994 0.892606
vn 0.000000 0.000000 -2.540000
vn 0.000000 0.000000 -2.540000
vn 0.000000 0.000000 -2.540000
vn 0.000000 0.000000 -2.540000
vn 0.000000 -2.431317 -0.735049
vn 0.000000 -2.431317 -0.735049
vn 0.000000 -2.431317 -0.735049
vn 0.000000 -2.431317 -0.735049
vn 0.000000 -2.429082 -0.742401
vn 0.000000 -2.429082 -0.742401
vn 0.000000 -2.429082 -0.742401
vn 0.000000 -2.429082 -0.742401
vn 0.000000 2.435204 -0.722066
vn 0.000000 2.435204 -0.722066
vn 0.000000 2.435204 -0.722066
vn 0.000000 2.435204 -0.722066
vn 0.000000 0.000000 -2.540000
vn 0.000000 0.000000 -2.540000
vn 0.000000 0.000000 -2.540000
vn 0.000000 0.000000 -2.540000
vn 0.000000 -2.377240 0.894611
vn 0.000000 -2.377240 0.894611
vn 0.000000 -2.377240 0.894611
vn 0.000000 -2.377240 0.894611
vn 0.000000 0.000000 -2.540000
vn 0.000000 0.000000 -2.540000
vn 0.000000 0.000000 -2.540000
vn 0.000000 0.000000 -2.540000
vn -2.540000 0.000000 0.000000
vn -2.540000 0.000000 0.000000
vn -2.540000 0.000000 0.000000
vn -2.540000 0.000000 0.000000
vn -2.540000 0.000000 0.000000
vn -2.540000 0.000000 0.000000
vn -2.540000 0.000000 0.000000
vn -2.540000 0.000000 0.000000
vn -2.540000 0.000000 0.000000
vn -2.540000 0.000000 0.000000
vn -2.540000 0.000000 0.000000
vn 2.540000 0.000000 0.000000
vn 2.540000 0.000000 0.000000
vn 1.796051 0.000000 -1.796051
vn 0.972016 0.000000 -2.346654
vn 0.000000 0.000000 -2.540000
vn 0.000000 0.000000 -2.540000
vn 0.972016 0.000000 -2.346654
vn 1.796051 0.000000 -1.796051
vn 2.540000 0.000000 0.000000
vn 2.540000 0.000000 0.000000
vn 1.796051 1.796051 0.000000
vn 0.972016 2.346654 0.000000
vn 0.000000 2.540000 0.000000
vn 0.000000 2.540000 0.000000
vn 0.972016 2.346654 0.000000
vn 1.796051 1.796051 0.000000
vn 2.540000 0.000000 0.000000
vn 2.540000 0.000000 0.000000
vn 1.796051 0.000000 1.796051
vn 0.972016 0.000000 2.346654
vn 0.000000 0.000000 2.540000
vn 0.000000 0.000000 2.540000
vn 0.972016 0.000000 2.346654
vn 1.796051 0.000000 1.796051
vn 2.540000 0.000000 0.000000
vn 2.540000 0.000000 0.000000
vn 1.796051 1.796051 0.000000
vn 0.972016 2.346654 0.000000
vn 0.000000 2.540000 0.000000
vn 0.000000 2.540000 0.000000
vn 0.972016 2.346654 0.000000
vn 1.796051 1.796051 0.000000
vn 2.540000 0.000000 0.000000
vn 2.540000 0.000000 0.000000
vn 1.796051 0.000000 -1.796051
vn 0.972016 0.000000 -2.346654
vn 0.000000 0.000000 -2.540000
vn 0.000000 0.000000 -2.540000
vn 0.972016 0.000000 -2.346654
vn 1.796051 0.000000 -1.796051
vn 2.540000 0.000000 0.000000
vn 2.540000 0.000000 0.000000
vn 1.796051 -1.796051 0.000000
vn 0.972016 -2.346654 0.000000
vn 0.000000 -2.540000 0.000000
vn 0.000000 -2.540000 0.000000
vn 0.972016 -2.346654 0.000000
vn 1.796051 -1.796051 0.000000
vn 2.540000 0.000000 0.000000
vn 2.540000 0.000000 0.000000
vn 1.796051 0.000000 1.796051
vn 0.972016 0.000000 2.346654
vn 0.000000 0.000000 2.540000
vn 0.000000 0.000000 2.540000
vn 0.972016 0.000000 2.346654
vn 1.796051 0.000000 1.796051
vn 0.000000 2.540000 0.000000
vn 0.000000 2.540000 0.000000
vn 0.972016 2.346654 0.000000
vn 1.796051 1.796051 0.000000
vn 2.540000 0.000000 0.000000
vn 2.540000 0.000000 0.000000
vn 1.796051 1.796051 0.000000
vn 0.972016 2.346654 0.000000
vn 0.000000 0.000000 -2.540000
vn 0.000000 0.000000 -2.540000
vn 0.972016 0.000000 -2.346654
vn 1.796051 0.000000 -1.796051
vn 2.540000 0.000000 0.000000
vn 2.540000 0.000000 0.000000
vn 1.796051 0.000000 -1.796051
vn 0.972016 0.000000 -2.346654
vn 0.000000 2.540000 0.000000
vn 0.000000 2.540000 0.000000
vn 0.972016 2.346654 0.000000
vn 1.796051 1.796051 0.000000
vn 2.540000 0.000000 0.000000
vn 2.540000 0.000000 0.000000
vn 1.796051 1.796051 0.000000
vn 0.972016 2.346654 0.000000
vn 0.000000 0.000000 2.540000
vn 0.000000 0.000000 2.540000
vn 0.972016 0.000000 2.346654
vn 1.796051 0.000000 1.796051
vn 2.540000 0.000000 0.000000
vn 2.540000 0.000000 0.000000
vn 1.796051 0.000000 1.796051
vn 0.972016 0.000000 2.346654
vn 0.000000 2.540000 0.000000
vn 0.000000 2.540000 0.000000
vn 0.972016 2.346654 0.000000
vn 1.796051 1.796051 0.000000
vn 2.540000 0.000000 0.000000
vn 2.540000 0.000000 0.000000
vn 1.796051 1.796051 0.000000
vn 0.972016 2.346654 0.000000
vn 0.000000 2.540000 0.000000
vn 0.000000 2.540000 0.000000
vn 0.000000 2.540000 0.000000
vn 0.000000 2.540000 0.000000
vn 0.000000 0.000000 -2.540000
vn 0.000000 0.000000 -2.540000
vn 0.000000 0.000000 -2.540000
vn 0.000000 0.000000 -2.540000
vn 0.000000 2.540000 0.000000
vn 0.000000 2.540000 0.000000
vn 0.000000 2.540000 0.000000
vn 0.000000 2.540000 0.000000
vn 0.000000 0.000000 2.540000
vn 0.000000 0.000000 2.540000
vn 0.000000 0.000000 2.540000
vn 0.000000 0.000000 2.540000
vn 0.000000 2.540000 0.000000
vn 0.000000 2.540000 0.000000
vn 0.000000 2.540000 0.000000
vn 0.000000 2.540000 0.000000
vn 0.000000 0.000000 -2.540000
vn 0.000000 0.000000 -2.540000
vn 0.000000 0.000000 -2.540000
vn 0.000000 0.000000 -2.540000
vn 2.540000 0.000000 0.000000
vn 2.540000 0.000000 0.000000
vn 2.540000 0.000000 0.000000
vn 2.540000 0.000000 0.000000
vn 2.540000 0.000000 0.000000
vn 2.540000 0.000000 0.000000
vn 2.540000 0.000000 0.000000
vn 2.540000 0.000000 0.000000
vn 2.540000 0.000000 0.000000
vn 2.540000 0.000000 0.000000
vn 2.540000 0.000000 0.000000
vn 2.540000 0.000000 0.000000
vn 0.000000 2.540000 0.000000
vn 0.000000 2.540000 0.000000
vn 0.000000 2.540000 0.000000
vn 0.000000 2.540000 0.000000
vn 0.000000 0.000000 2.540000
vn 0.000000 0.000000 2.540000
vn 0.000000 0.000000 2.540000
vn 0.000000 0.000000 2.540000
vn 0.000000 2.540000 0.000000
vn 0.000000 2.540000 0.000000
vn 0.000000 2.540000 0.000000
vn 0.000000 2.540000 0.000000
vn 0.000000 0.000000 -2.540000
vn 0.000000 0.000000 -2.540000
vn 0.000000 0.000000 -2.540000
vn 0.000000 0.000000 -2.540000
vn 0.000000 -2.540000 0.000000
vn 0.000000 -2.540000 0.000000
vn 0.000000 -2.540000 0.000000
vn 0.000000 -2.540000 0.000000
vn 0.000000 0.000000 2.540000
vn 0.000000 0.000000 2.540000
vn 0.000000 0.000000 2.540000
vn 0.000000 0.000000 2.540000
vn -2.540000 0.000000 0.000000
vn -2.540000 0.000000 0.000000
vn -2.540000 0.000000 0.000000
vn -2.540000 0.000000 0.000000
vn -2.540000 0.000000 0.000000
vn -2.540000 0.000000 0.000000
vn -2.540000 0.000000 0.000000
vn -2.540000 0.000000 0.000000
vn -2.540000 0.000000 0.000000
vn -2.540000 0.000000 0.000000
vn -2.540000 0.000000 0.000000
vn -2.540000 0.000000 0.000000
vn 2.540000 0.000000 0.000000
vn 2.540000 0.000000 0.000000
vn 1.796051 1.796051 0.000000
vn 0.972016 2.346654 0.000000
vn 0.000000 2.540000 0.000000
vn 0.000000 2.540000 0.000000
vn 0.972016 2.346654 0.000000
vn 1.796051 1.796051 0.000000
vn 2.540000 0.000000 0.000000
vn 2.540000 0.000000 0.000000
vn 1.796051 0.000000 -1.796051
vn 0.972016 0.000000 -2.346654
vn 0.000000 0.000000 -2.540000
vn 0.000000 0.000000 -2.540000
vn 0.972016 0.000000 -2.346654
vn 1.796051 0.000000 -1.796051
vn 2.540000 0.000000 0.000000
vn 2.540000 0.000000 0.000000
vn 1.796051 -1.796051 0.000000
vn 0.972016 -2.346654 0.000000
vn 0.000000 -2.540000 0.000000
vn 0.000000 -2.540000 0.000000
vn 0.972016 -2.346654 0.000000
vn 1.796051 -1.796051 0.000000
vn 2.540000 0.000000 0.000000
vn 2.540000 0.000000 0.000000
vn 1.796051 0.000000 -1.796051
vn 0.972016 0.000000 -2.346654
vn 0.000000 0.000000 -2.540000
vn 0.000000 0.000000 -2.540000
vn 0.972016 0.000000 -2.346654
vn 1.796051 0.000000 -1.796051
vn 2.540000 0.000000 0.000000
vn 2.540000 0.000000 0.000000
vn 1.796051 1.796051 0.000000
vn 0.972016 2.346654 0.000000
vn 0.000000 2.540000 0.000000
vn 0.000000 2.540000 0.000000
vn 0.972016 2.346654 0.000000
vn 1.796051 1.796051 0.000000
vn 2.540000 0.000000 0.000000
vn 2.540000 0.000000 0.000000
vn 1.796051 0.000000 -1.796051
vn 0.972016 0.000000 -2.346654
vn 0.000000 0.000000 -2.540000
vn 0.000000 0.000000 -2.540000
vn 0.972016 0.000000 -2.346654
vn 1.796051 0.000000 -1.796051
vn 2.540000 0.000000 0.000000
vn 2.540000 0.000000 0.000000
vn 1.796051 -1.796051 0.000000
vn 0.972016 -2.346654 0.000000
vn 0.000000 -2.540000 0.000000
vn 0.000000 -2.540000 0.000000
vn 0.972016 -2.346654 0.000000
vn 1.796051 -1.796051 0.000000
vn 0.000000 0.000000 2.540000
vn 0.000000 0.000000 2.540000
vn 0.972016 0.000000 2.346654
vn 1.796051 0.000000 1.796051
vn 2.540000 0.000000 0.000000
vn 2.540000 0.000000 0.000000
vn 1.796051 0.000000 1.796051
vn 0.972016 0.000000 2.346654
vn 0.000000 2.540000 0.000000
vn 0.000000 2.540000 0.000000
vn 0.972016 2.346654 0.000000
vn 1.796051 1.796051 0.000000
vn 2.540000 0.000000 0.000000
vn 2.540000 0.000000 0.000000
vn 1.796051 1.796051 0.000000
vn 0.972016 2.346654 0.000000
vn 0.000000 0.000000 2.540000
vn 0.000000 0.000000 2.540000
vn 0.972016 0.000000 2.346654
vn 1.796051 0.000000 1.796051
vn 2.540000 0.000000 0.000000
vn 2.540000 0.000000 0.000000
vn 1.796051 0.000000 1.796051
vn 0.972016 0.000000 2.346654
vn 0.000000 -2.540000 0.000000
vn 0.000000 -2.540000 0.000000
vn 0.972016 -2.346654 0.000000
vn 1.796051 -1.796051 0.000000
vn 2.540000 0.000000 0.000000
vn 2.540000 0.000000 0.000000
vn 1.796051 -1.796051 0.000000
vn 0.972016 -2.346654 0.000000
vn 0.000000 0.000000 2.540000
vn 0.000000 0.000000 2.540000
vn 0.972016 0.000000 2.346654
vn 1.796051 0.000000 1.796051
vn 2.540000 0.000000 0.000000
vn 2.540000 0.000000 0.000000
vn 1.796051 0.000000 1.796051
vn 0.972016 0.000000 2.346654
vn 0.000000 0.000000 2.540000
vn 0.000000 0.000000 2.540000
vn 0.000000 0.000000 2.540000
vn 0.000000 0.000000 2.540000
vn 0.000000 2.540000 0.000000
vn 0.000000 2.540000 0.000000
vn 0.000000 2.540000 0.000000
vn 0.000000 2.540000 0.000000
vn 0.000000 0.000000 2.540000
vn 0.000000 0.000000 2.540000
vn 0.000000 0.000000 2.540000
vn 0.000000 0.000000 2.540000
vn 0.000000 -2.540000 0.000000
vn 0.000000 -2.540000 0.000000
vn 0.000000 -2.540000 0.000000
vn 0.000000 -2.540000 0.000000
vn 0.000000 0.000000 2.540000
vn 0.000000 0.000000 2.540000
vn 0.000000 0.000000 2.540000
vn 0.000000 0.000000 2.540000
vn 0.000000 2.540000 0.000000
vn 0.000000 2.540000 0.000000
vn 0.000000 2.540000 0.000000
vn 0.000000 2.540000 0.000000
vn 2.540000 0.000000 0.000000
vn 2.540000 0.000000 0.000000
vn 2.540000 0.000000 0.000000
vn 2.540000 0.000000 0.000000
vn 2.540000 0.000000 0.000000
vn 2.540000 0.000000 0.000000
vn 2.540000 0.000000 0.000000
vn 2.540000 0.000000 0.000000
vn 2.540000 0.000000 0.000000
vn 2.540000 0.000000 0.000000
vn 2.540000 0.000000 0.000000
vn 2.540000 0.000000 0.000000
vn 0.000000 0.000000 -2.540000
vn 0.000000 0.000000 -2.540000
vn 0.000000 0.000000 -2.540000
vn 0.000000 0.000000 -2.540000
vn 0.000000 -2.540000 0.000000
vn 0.000000 -2.540000 0.000000
vn 0.000000 -2.540000 0.000000
vn 0.000000 -2.540000 0.000000
vn 0.000000 0.000000 -2.540000
vn 0.000000 0.000000 -2.540000
vn 0.000000 0.000000 -2.540000
vn 0.000000 0.000000 -2.540000
vn 0.000000 2.540000 0.000000
vn 0.000000 2.540000 0.000000
vn 0.000000 2.540000 0.000000
vn 0.000000 2.540000 0.000000
vn 0.000000 0.000000 -2.540000
vn 0.000000 0.000000 -2.540000
vn 0.000000 0.000000 -2.540000
vn 0.000000 0.000000 -2.540000
vn 0.000000 -2.540000 0.000000
vn 0.000000 -2.540000 0.000000
vn 0.000000 -2.540000 0.000000
vn 0.000000 -2.540000 0.000000
vn -2.540000 0.000000 0.000000
vn -2.540000 0.000000 0.000000
vn -2.540000 0.000000 0.000000
vn -2.540000 0.000000 0.000000
vn -2.540000 0.000000 0.000000
vn -2.540000 0.000000 0.000000
vn -2.540000 0.000000 0.000000
vn -2.540000 0.000000 0.000000
vn -2.540000 0.000000 0.000000
vn -2.540000 0.000000 0.000000
vn -2.540000 0.000000 0.000000
vn -2.540000 0.000000 0.000000
vn 0.000000 0.000000 2.540000
vn 0.000000 0.000000 2.540000
vn 0.972016 0.000000 2.346654
vn 1.796051 0.000000 1.796051
vn 2.540000 0.000000 0.000000
vn 2.540000 0.000000 0.000000
vn 1.796051 0.000000 1.796051
vn 0.972016 0.000000 2.346654
vn 2.540000 0.000000 0.000000
vn 2.540000 0.000000 0.000000
vn 1.796051 1.717621 -0.524956
vn 0.972016 2.244180 -0.685889
vn 0.000000 2.429082 -0.742401
vn 0.000000 2.429082 -0.742401
vn 0.495529 2.382408 -0.728136
vn 0.972016 2.244180 -0.685889
vn 1.796051 1.717621 -0.524956
vn 2.346654 0.929570 -0.284104
vn 2.540000 0.000000 0.000000
vn 2.540000 0.000000 0.000000
vn 2.346654 -0.929570 -0.284104
vn 1.796051 -1.717621 -0.524956
vn 0.972016 -2.244180 -0.685889
vn 0.495529 -2.382408 -0.728136
vn 0.000000 -2.429082 -0.742401
vn 0.000000 -2.429082 -0.742401
vn 0.972016 -2.244180 -0.685889
vn 1.796051 -1.717621 -0.524956
vn 0.000000 2.429082 -0.742401
vn 0.000000 2.429082 -0.742401
vn 0.000000 2.429082 -0.742401
vn 0.000000 2.429082 -0.742401
vn 0.000000 0.000000 2.540000
vn 0.000000 0.000000 2.540000
vn 0.000000 0.000000 2.540000
vn 0.000000 0.000000 2.540000
vn 2.540000 0.000000 0.000000
vn 2.540000 0.000000 0.000000
vn 2.540000 0.000000 0.000000
vn 2.540000 0.000000 0.000000
vn 2.540000 0.000000 0.000000
vn 2.540000 0.000000 0.000000
vn 2.540000 0.000000 0.000000
vn 2.540000 0.000000 0.000000
vn 2.540000 0.000000 0.000000
vn 2.540000 0.000000 0.000000
vn 2.540000 0.000000 0.000000
vn 2.540000 0.000000 0.000000
vn 2.540000 0.000000 0.000000
vn 1.796051 -1.719201 -0.519758
vn 0.972016 -2.246244 -0.679097
vn 0.000000 -2.431317 -0.735049
vn 0.000000 -2.431317 -0.735049
vn 0.972016 -2.246244 -0.679097
vn 1.796051 -1.719201 -0.519758
vn 2.540000 0.000000 0.000000
vn 2.540000 0.000000 0.000000
vn 1.796051 0.000000 -1.796051
vn 0.972016 0.000000 -2.346654
vn 0.000000 0.000000 -2.540000
vn 0.000000 0.000000 -2.540000
vn 0.972016 0.000000 -2.346654
vn 1.796051 0.000000 -1.796051
vn 2.540000 0.000000 0.000000
vn 2.540000 0.000000 0.000000
vn 1.796051 1.721949 -0.510578
vn 0.972016 2.249835 -0.667102
vn 0.000000 2.435204 -0.722066
vn 0.000000 2.435204 -0.722066
vn 0.972016 2.249835 -0.667102
vn 1.796051 1.721949 -0.510578
vn 2.540000 0.000000 0.000000
vn 2.540000 0.000000 0.000000
vn 1.796051 0.000000 -1.796051
vn 0.972016 0.000000 -2.346654
vn 0.000000 0.000000 -2.540000
vn 0.000000 0.000000 -2.540000
vn 0.972016 0.000000 -2.346654
vn 1.796051 0.000000 -1.796051
vn 2.540000 0.000000 0.000000
vn 2.540000 0.000000 0.000000
vn 1.796051 -1.680963 0.632586
vn 0.972016 -2.196284 0.826513
vn 0.000000 -2.377240 0.894611
vn 0.000000 -2.377240 0.894611
vn 0.972016 -2.196284 0.826513
vn 1.796051 -1.680963 0.632586
vn 0.000000 0.000000 2.540000
vn 0.000000 0.000000 2.540000
vn 0.972016 0.000000 2.346654
vn 1.796051 0.000000 1.796051
vn 2.540000 0.000000 0.000000
vn 2.540000 0.000000 0.000000
vn 1.796051 0.000000 1.796051
vn 0.972016 0.000000 2.346654
vn 0.000000 2.377994 0.892606
vn 0.000000 2.377994 0.892606
vn 0.972016 2.196980 0.824660
vn 1.796051 1.681496 0.631168
vn 2.540000 0.000000 0.000000
vn 2.540000 0.000000 0.000000
vn 1.796051 1.681496 0.631168
vn 0.972016 2.196980 0.824660
vn 0.000000 0.000000 -2.540000
vn 0.000000 0.000000 -2.540000
vn 0.972016 0.000000 -2.346654
vn 1.796051 0.000000 -1.796051
vn 2.540000 0.000000 0.000000
vn 2.540000 0.000000 0.000000
vn 1.796051 0.000000 -1.796051
vn 0.972016 0.000000 -2.346654
vn 0.000000 0.000000 2.540000
vn 0.000000 0.000000 2.540000
vn 0.000000 0.000000 2.540000
vn 0.000000 0.000000 2.540000
vn 0.000000 2.377994 0.892606
vn 0.000000 2.377994 0.892606
vn 0.000000 2.377994 0.892606
vn 0.000000 2.377994 0.892606
vn 0.000000 0.000000 -2.540000
vn 0.000000 0.000000 -2.540000
vn 0.000000 0.000000 -2.540000
vn 0.000000 0.000000 -2.540000
vn 0.000000 -2.431317 -0.735049
vn 0.000000 -2.431317 -0.735049
vn 0.000000 -2.431317 -0.735049
vn 0.000000 -2.431317 -0.735049
vn 0.000000 -2.429082 -0.742401
vn 0.000000 -2.429082 -0.742401
vn 0.000000 -2.429082 -0.742401
vn 0.000000 -2.429082 -0.742401
vn 0.000000 2.435204 -0.722066
vn 0.000000 2.435204 -0.722066
vn 0.000000 2.435204 -0.722066
vn 0.000000 2.435204 -0.722066
vn 0.000000 0.000000 -2.540000
vn 0.000000 0.000000 -2.540000
vn 0.000000 0.000000 -2.540000
vn 0.000000 0.000000 -2.540000
vn 0.000000 -2.377240 0.894611
vn 0.000000 -2.377240 0.894611
vn 0.000000 -2.377240 0.894611
vn 0.000000 -2.377240 0.894611
vn 0.000000 0.000000 -2.540000
vn 0.000000 0.000000 -2.540000
vn 0.000000 0.000000 -2.540000
vn 0.000000 0.000000 -2.540000
vn -2.540000 0.000000 0.000000
vn -2.540000 0.000000 0.000000
vn -2.540000 0.000000 0.000000
vn -2.540000 0.000000 0.000000
vn -2.540000 0.000000 0.000000
vn -2.540000 0.000000 0.000000
vn -2.540000 0.000000 0.000000
vn -2.540000 0.000000 0.000000
vn -2.540000 0.000000 0.000000
vn -2.540000 0.000000 0.000000
vn -2.540000 0.000000 0.000000
vn 0.000000 2.461399 -0.626989
vn 0.000000 2.461399 -0.626989
vn 0.189533 2.454537 -0.625241
vn 0.378009 2.433989 -0.620007
vn 0.747599 2.352368 -0.599216
vn 1.428967 2.034935 -0.518357
vn 1.983739 1.537221 -0.391575
vn 2.362766 0.903322 -0.230102
vn 2.540000 0.000000 0.000000
vn 2.540000 0.000000 0.000000
vn 1.796051 1.740472 -0.443348
vn 0.972016 2.274036 -0.579263
vn 2.540000 0.000000 0.000000
vn 2.540000 0.000000 0.000000
vn 1.796051 0.000000 -1.796051
vn 0.972016 0.000000 -2.346654
vn 0.000000 0.000000 -2.540000
vn 0.000000 0.000000 -2.540000
vn 0.972016 0.000000 -2.346654
vn 1.796051 0.000000 -1.796051
vn 2.540000 0.000000 0.000000
vn 2.540000 0.000000 0.000000
vn 2.362766 -0.903322 -0.230102
vn 1.983739 -1.537221 -0.391575
vn 1.428967 -2.034935 -0.518357
vn 0.747599 -2.352368 -0.599216
vn 0.378009 -2.433989 -0.620007
vn 0.189533 -2.454537 -0.625241
vn 0.000000 -2.461399 -0.626989
vn 0.000000 -2.461399 -0.626989
vn 0.972016 -2.274036 -0.579263
vn 1.796051 -1.740472 -0.443348
vn 2.540000 0.000000 0.000000
vn 2.362766 0.000000 0.932168
vn 2.540000 0.000000 0.000000
vn 2.540000 0.000000 0.000000
vn 1.796051 0.000000 1.796051
vn 0.972016 0.000000 2.346654
vn 0.000000 0.000000 2.540000
vn 0.000000 0.000000 2.540000
vn 0.972016 0.000000 2.346654
vn 1.796051 0.000000 1.796051
vn 2.540000 0.000000 0.000000
vn 0.000000 2.461399 -0.626989
vn 0.000000 2.461399 -0.626989
vn 0.000000 2.461399 -0.626989
vn 0.000000 2.461399 -0.626989
vn 0.000000 0.000000 -2.540000
vn 0.000000 0.000000 -2.540000
vn 0.000000 0.000000 -2.540000
vn 0.000000 0.000000 -2.540000
vn 2.540000 0.000000 0.000000
vn 2.540000 0.000000 0.000000
vn 2.540000 0.000000 0.000000
vn 2.540000 0.000000 0.000000
vn 2.540000 0.000000 0.000000
vn 2.540000 0.000000 0.000000
vn 2.540000 0.000000 0.000000
vn 2.540000 0.000000 0.000000
vn 0.000000 -2.461399 -0.626989
vn 0.000000 -2.461399 -0.626989
vn 0.000000 -2.461399 -0.626989
vn 0.000000 -2.461399 -0.626989
vn 0.000000 2.540000 0.000000
vn 0.000000 2.540000 0.000000
vn 0.189533 2.532919 0.000000
vn 0.378009 2.511714 0.000000
vn 0.747599 2.427487 0.000000
vn 1.428967 2.099918 0.000000
vn 1.983739 1.586310 0.000000
vn 2.362766 0.932168 0.000000
vn 2.540000 0.000000 0.000000
vn 2.540000 0.000000 0.000000
vn 1.796051 1.796051 0.000000
vn 0.972016 2.346654 0.000000
vn 2.540000 0.000000 0.000000
vn 2.540000 0.000000 0.000000
vn 1.796051 0.000000 -1.796051
vn 0.972016 0.000000 -2.346654
vn 0.000000 0.000000 -2.540000
vn 0.000000 0.000000 -2.540000
vn 0.972016 0.000000 -2.346654
vn 1.796051 0.000000 -1.796051
vn 2.540000 0.000000 0.000000
vn 2.540000 0.000000 0.000000
vn 1.796051 -1.796051 0.000000
vn 0.972016 -2.346654 0.000000
vn 0.000000 -2.540000 0.000000
vn 0.000000 -2.540000 0.000000
vn 0.972016 -2.346654 0.000000
vn 1.796051 -1.796051 0.000000
vn 2.362766 0.000000 0.932168
vn 2.540000 0.000000 0.000000
vn 2.540000 0.000000 0.000000
vn 1.796051 0.000000 1.796051
vn 0.972016 0.000000 2.346654
vn 0.000000 0.000000 2.540000
vn 0.000000 0.000000 2.540000
vn 0.972016 0.000000 2.346654
vn 1.796051 0.000000 1.796051
vn 2.540000 0.000000 0.000000
vn 2.540000 0.000000 0.000000
vn 2.540000 0.000000 0.000000
vn 2.540000 0.000000 0.000000
vn 2.346654 0.941575 0.241353
vn 1.796051 1.739804 0.445962
vn 0.972016 2.273163 0.582678
vn 0.495529 2.413177 0.618568
vn 0.000000 2.460454 0.630686
vn 0.000000 2.460454 0.630686
vn 0.972016 2.273163 0.582678
vn 1.796051 1.739804 0.445962
vn 2.540000 0.000000 0.000000
vn 2.540000 0.000000 0.000000
vn 1.796051 -1.740464 0.443378
vn 0.972016 -2.274026 0.579301
vn 0.000000 -2.461388 0.627031
vn 0.000000 -2.461388 0.627031
vn 0.495529 -2.414093 0.614983
vn 0.972016 -2.274026 0.579301
vn 1.796051 -1.740464 0.443378
vn 2.346654 -0.941932 0.239954
vn 2.540000 0.000000 0.000000
vn 2.540000 0.000000 0.000000
vn 1.796051 1.796051 0.000000
vn 0.972016 2.346654 0.000000
vn 0.000000 2.540000 0.000000
vn 0.000000 2.540000 0.000000
vn 0.972016 2.346654 0.000000
vn 1.796051 1.796051 0.000000
vn 2.540000 0.000000 0.000000
vn 2.540000 0.000000 0.000000
vn 1.796051 0.000000 -1.796051
vn 0.972016 0.000000 -2.346654
vn 0.000000 0.000000 -2.540000
vn 0.000000 0.000000 -2.540000
vn 0.972016 0.000000 -2.346654
vn 1.796051 0.000000 -1.796051
vn 2.540000 0.000000 0.000000
vn 2.540000 0.000000 0.000000
vn 2.362766 -0.932168 0.000000
vn 1.983739 -1.586310 0.000000
vn 1.428967 -2.099918 0.000000
vn 0.747599 -2.427487 0.000000
vn 0.378009 -2.511714 0.000000
vn 0.189533 -2.532919 0.000000
vn 0.000000 -2.540000 0.000000
vn 0.000000 -2.540000 0.000000
vn 0.972016 -2.346654 0.000000
vn 1.796051 -1.796051 0.000000
vn 0.000000 2.540000 0.000000
vn 0.000000 2.540000 0.000000
vn 0.000000 2.540000 0.000000
vn 0.000000 2.540000 0.000000
vn 0.000000 0.000000 -2.540000
vn 0.000000 0.000000 -2.540000
vn 0.000000 0.000000 -2.540000
vn 0.000000 0.000000 -2.540000
vn 0.000000 -2.540000 0.000000
vn 0.000000 -2.540000 0.000000
vn 0.000000 -2.540000 0.000000
vn 0.000000 -2.540000 0.000000
vn 0.000000 0.000000 2.540000
vn 0.000000 0.000000 2.540000
vn 0.000000 0.000000 2.540000
vn 0.000000 0.000000 2.540000
vn 0.000000 2.460454 0.630686
vn 0.000000 2.460454 0.630686
vn 0.000000 2.460454 0.630686
vn 0.000000 2.460454 0.630686
vn 0.000000 -2.461388 0.627031
vn 0.000000 -2.461388 0.627031
vn 0.000000 -2.461388 0.627031
vn 0.000000 -2.461388 0.627031
vn 0.000000 0.000000 2.540000
vn 0.000000 0.000000 2.540000
vn 0.000000 0.000000 2.540000
vn 0.000000 0.000000 2.540000
vn 0.000000 2.540000 0.000000
vn 0.000000 2.540000 0.000000
vn 0.000000 2.540000 0.000000
vn 0.000000 2.540000 0.000000
vn 0.000000 0.000000 -2.540000
vn 0.000000 0.000000 -2.540000
vn 0.000000 0.000000 -2.540000
vn 0.000000 0.000000 -2.540000
vn 0.000000 -2.540000 0.000000
vn 0.000000 -2.540000 0.000000
vn 0.000000 -2.540000 0.000000
vn 0.000000 -2.540000 0.000000
vn -2.540000 0.000000 0.000000
vn -2.540000 0.000000 0.000000
vn -2.540000 0.000000 0.000000
vn -2.540000 0.000000 0.000000
vn -2.540000 0.000000 0.000000
vn -2.540000 0.000000 0.000000
vn -2.540000 0.000000 0.000000
vn -2.540000 0.000000 0.000000
vn -2.540000 0.000000 0.000000
vn -2.540000 0.000000 0.000000
vn -2.540000 0.000000 0.000000
vn -2.540000 0.000000 0.000000
vn -2.540000 0.000000 0.000000
vn 2.540000 0.000000 0.000000
vn 2.540000 0.000000 0.000000
vn 2.540000 0.000000 0.000000
vn 2.540000 0.000000 0.000000
vn 2.540000 0.000000 0.000000
vn 2.540000 0.000000 0.000000
vn 2.540000 0.000000 0.000000
vn 2.540000 0.000000 0.000000
vn 2.540000 0.000000 0.000000
vn 1.796051 0.000000 1.796051
vn 0.972016 0.000000 2.346654
vn 0.000000 0.000000 2.540000
vn 0.000000 0.000000 2.540000
vn 0.972016 0.000000 2.346654
vn 1.796051 0.000000 1.796051
vn 0.000000 -2.429082 -0.742401
vn 0.000000 -2.429082 -0.742401
vn 0.972016 -2.244180 -0.685889
vn 1.796051 -1.717621 -0.524956
vn 2.540000 0.000000 0.000000
vn 2.540000 0.000000 0.000000
vn 2.346654 -0.929570 -0.284104
vn 1.796051 -1.717621 -0.524956
vn 0.972016 -2.244180 -0.685889
vn 0.495529 -2.382408 -0.728136
vn 2.540000 0.000000 0.000000
vn 2.540000 0.000000 0.000000
vn 1.796051 1.717621 -0.524956
vn 0.972016 2.244180 -0.685889
vn 0.000000 2.429082 -0.742401
vn 0.000000 2.429082 -0.742401
vn 0.495529 2.382408 -0.728136
vn 0.972016 2.244180 -0.685889
vn 1.796051 1.717621 -0.524956
vn 2.346654 0.929570 -0.284104
vn 0.000000 2.429082 -0.742401
vn 0.000000 2.429082 -0.742401
vn 0.000000 2.429082 -0.742401
vn 0.000000 2.429082 -0.742401
vn 0.000000 0.000000 2.540000
vn 0.000000 0.000000 2.540000
vn 0.000000 0.000000 2.540000
vn 0.000000 0.000000 2.540000
vn 2.540000 0.000000 0.000000
vn 2.540000 0.000000 0.000000
vn 2.540000 0.000000 0.000000
vn 2.540000 0.000000 0.000000
vn 2.540000 0.000000 0.000000
vn 2.540000 0.000000 0.000000
vn 2.540000 0.000000 0.000000
vn 2.540000 0.000000 0.000000
vn 2.540000 0.000000 0.000000
vn 2.540000 0.000000 0.000000
vn 2.540000 0.000000 0.000000
vn 2.540000 0.000000 0.000000
vn 2.540000 0.000000 0.000000
vn 1.796051 -1.719201 -0.519758
vn 0.972016 -2.246244 -0.679097
vn 0.000000 -2.431317 -0.735049
vn 0.000000 -2.431317 -0.735049
vn 0.972016 -2.246244 -0.679097
vn 1.796051 -1.719201 -0.519758
vn 2.540000 0.000000 0.000000
vn 2.540000 0.000000 0.000000
vn 1.796051 0.000000 -1.796051
vn 0.972016 0.000000 -2.346654
vn 0.000000 0.000000 -2.540000
vn 0.000000 0.000000 -2.540000
vn 0.972016 0.000000 -2.346654
vn 1.796051 0.000000 -1.796051
vn 2.540000 0.000000 0.000000
vn 2.540000 0.000000 0.000000
vn 1.796051 1.721949 -0.510578
vn 0.972016 2.249835 -0.667102
vn 0.000000 2.435204 -0.722066
vn 0.000000 2.435204 -0.722066
vn 0.972016 2.249835 -0.667102
vn 1.796051 1.721949 -0.510578
vn 2.540000 0.000000 0.000000
vn 2.540000 0.000000 0.000000
vn 1.796051 0.000000 -1.796051
vn 0.972016 0.000000 -2.346654
vn 0.000000 0.000000 -2.540000
vn 0.000000 0.000000 -2.540000
vn 0.972016 0.000000 -2.346654
vn 1.796051 0.000000 -1.796051
vn 2.540000 0.000000 0.000000
vn 2.540000 0.000000 0.000000
vn 1.796051 -1.680963 0.632586
vn 0.972016 -2.196284 0.826513
vn 0.000000 -2.377240 0.894611
vn 0.000000 -2.377240 0.894611
vn 0.972016 -2.196284 0.826513
vn 1.796051 -1.680963 0.632586
vn 0.000000 0.000000 2.540000
vn 0.000000 0.000000 2.540000
vn 0.972016 0.000000 2.346654
vn 1.796051 0.000000 1.796051
vn 2.540000 0.000000 0.000000
vn 2.540000 0.000000 0.000000
vn 1.796051 0.000000 1.796051
vn 0.972016 0.000000 2.346654
vn 0.000000 2.377994 0.892606
vn 0.000000 2.377994 0.892606
vn 0.972016 2.196980 0.824660
vn 1.796051 1.681496 0.631168
vn 2.540000 0.000000 0.000000
vn 2.540000 0.000000 0.000000
vn 1.796051 1.681496 0.631168
vn 0.972016 2.196980 0.824660
vn 0.000000 0.000000 -2.540000
vn 0.000000 0.000000 -2.540000
vn 0.972016 0.000000 -2.346654
vn 1.796051 0.000000 -1.796051
vn 2.540000 0.000000 0.000000
vn 2.540000 0.000000 0.000000
vn 1.796051 0.000000 -1.796051
vn 0.972016 0.000000 -2.346654
vn 0.000000 0.000000 2.540000
vn 0.000000 0.000000 2.540000
vn 0.000000 0.000000 2.540000
vn 0.000000 0.000000 2.540000
vn 0.000000 2.377994 0.892606
vn 0.000000 2.377994 0.892606
vn 0.000000 2.377994 0.892606
vn 0.000000 2.377994 0.892606
vn 0.000000 0.000000 -2.540000
vn 0.000000 0.000000 -2.540000
vn 0.000000 0.000000 -2.540000
vn 0.000000 0.000000 -2.540000
vn 0.000000 -2.431317 -0.735049
vn 0.000000 -2.431317 -0.735049
vn 0.000000 -2.431317 -0.735049
vn 0.000000 -2.431317 -0.735049
vn 0.000000 -2.429082 -0.742401
vn 0.000000 -2.429082 -0.742401
vn 0.000000 -2.429082 -0.742401
vn 0.000000 -2.429082 -0.742401
vn 0.000000 2.435204 -0.722066
vn 0.000000 2.435204 -0.722066
vn 0.000000 2.435204 -0.722066
vn 0.000000 2.435204 -0.722066
vn 0.000000 0.000000 -2.540000
vn 0.000000 0.000000 -2.540000
vn 0.000000 0.000000 -2.540000
vn 0.000000 0.000000 -2.540000
vn 0.000000 -2.377240 0.894611
vn 0.000000 -2.377240 0.894611
vn 0.000000 -2.377240 0.894611
vn 0.000000 -2.377240 0.894611
vn 0.000000 0.000000 -2.540000
vn 0.000000 0.000000 -2.540000
vn 0.000000 0.000000 -2.540000
vn 0.000000 0.000000 -2.540000
vn -2.540000 0.000000 0.000000
vn -2.540000 0.000000 0.000000
vn -2.540000 0.000000 0.000000
vn -2.540000 0.000000 0.000000
vn -2.540000 0.000000 0.000000
vn -2.540000 0.000000 0.000000
vn -2.540000 0.000000 0.000000
vn -2.540000 0.000000 0.000000
vn -2.540000 0.000000 0.000000
vn -2.540000 0.000000 0.000000
vn -2.540000 0.000000 0.000000
vn 0.000000 2.520862 0.311217
vn 0.005412 2.455546 0.649511
vn 0.020494 2.293576 1.091187
vn 0.000620 1.966363 1.607798
vn 0.023548 1.475102 2.067636
vn 0.032463 0.915018 2.369238
vn 0.001543 0.495901 2.491120
vn 0.000000 0.000000 2.540000
vn 1.262630 0.000000 2.203943
vn 2.203943 0.000000 1.262630
vn 2.540000 0.000000 0.000000
vn 2.540000 0.000000 0.000000
vn 2.540000 0.000000 0.000000
vn 2.540000 0.000000 0.000000
vn 2.540000 0.000000 0.000000
vn 2.540000 0.000287 0.000168
vn 2.540000 0.000198 0.000045
vn 2.539924 0.019150 0.004349
vn 1.960476 1.595730 0.248554
vn 1.145538 2.247320 0.298154
vn 2.154928 1.214314 0.577345
vn 0.575056 2.391390 0.634164
vn 1.795428 1.736919 0.459510
vn 2.154887 1.299963 0.343741
vn 0.577833 2.233469 1.062697
vn 1.793756 1.624039 0.772359
vn 0.574188 1.915802 1.565762
vn 1.795986 1.390557 1.136832
vn 2.154893 1.041011 0.851078
vn 0.578264 1.435350 2.014195
vn 1.793183 1.043836 1.465095
vn 2.154780 0.780024 1.095484
vn 0.579636 1.296429 2.105919
vn 1.792109 0.943063 1.533159
vn 2.154681 0.704252 1.145852
vn 0.578640 0.795846 2.341667
vn 1.792566 0.577068 1.704494
vn 2.154595 0.430814 1.274252
vn 0.574527 0.255504 2.460942
vn 1.795971 0.185494 1.786528
vn 2.154989 0.138831 1.337291
vn 2.540000 0.000000 0.000000
vn 2.540000 0.000000 0.000000
vn 2.539933 0.001097 -0.018461
vn 1.887447 0.100797 -1.696757
vn 1.075769 0.136449 -2.296890
vn 0.000000 0.150626 -2.535530
vn 0.000000 0.150626 -2.535530
vn 1.150396 0.134291 -2.260565
vn 1.954783 0.096178 -1.619004
vn 2.539933 0.001096 -0.018446
vn 2.540000 0.000000 0.000000
vn 2.346634 -0.641258 -0.730547
vn 1.796055 -1.184827 -1.349803
vn 0.972072 -1.547967 -1.763653
vn 0.000000 -1.675603 -1.908915
vn 0.000579 -1.183705 -2.247319
vn 0.000702 -0.886590 -2.380243
vn 0.000000 -0.549765 -2.479790
vn 0.972070 -0.507912 -2.291006
vn 1.796051 -0.388742 -1.753476
vn 2.346632 -0.210398 -0.949027
vn 2.540000 0.000000 0.000000
vn 2.540000 0.000000 0.000000
vn 2.540000 0.000000 0.000000
vn 2.540000 0.000000 0.000000
vn 2.540000 0.000000 0.000000
vn 0.573910 -1.030162 -2.249665
vn 1.795991 -0.747704 -1.633081
vn 2.154728 -0.559865 -1.222824
vn 0.573783 -0.584079 -2.404418
vn 1.796027 -0.423946 -1.745324
vn 2.154707 -0.317456 -1.306928
vn 0.000000 1.626068 1.951282
vn 0.012849 2.238770 1.199726
vn 0.000000 2.540000 0.000000
vn 1.262630 2.203943 0.000000
vn 2.203943 1.262630 0.000000
vn 2.540000 0.000000 0.000000
vn 2.540000 0.000000 0.000000
vn 2.540000 0.000000 0.000000
vn 2.539925 0.012568 0.014898
vn 2.341489 0.633448 0.753506
vn 1.789232 1.157380 1.382288
vn 0.967992 1.504508 1.803066
vn 1.795914 1.208305 1.329019
vn 1.794330 1.610667 0.798582
vn 2.154727 0.904802 0.995031
vn 0.573983 1.663606 1.831545
vn 0.575493 2.218755 1.094319
vn 2.154421 1.205101 0.598165
vn 2.540000 0.000000 0.000000
vn 2.346632 -0.213206 -0.948399
vn 1.796052 -0.393932 -1.752317
vn 0.972070 -0.514701 -2.289489
vn 0.000000 -0.557104 -2.478152
vn 0.000438 -0.813206 -2.406303
vn 0.000547 -1.102563 -2.288221
vn 0.000000 -1.713914 -1.874593
vn 0.972070 -1.582253 -1.732962
vn 1.796051 -1.210076 -1.327221
vn 2.346632 -0.654460 -0.718750
vn 2.540000 0.000000 0.000000
vn 2.540000 0.000000 0.000000
vn 2.540000 0.000000 0.000000
vn 2.540000 0.000000 0.000000
vn 0.573738 -0.575152 -2.406579
vn 1.796043 -0.417503 -1.746860
vn 2.154696 -0.312639 -1.308105
vn 0.573939 -0.936871 -2.290080
vn 1.796038 -0.680171 -1.662293
vn 2.154755 -0.509256 -1.244704
vn 2.540000 -0.000007 -0.000008
vn 2.346631 -0.646535 -0.725888
vn 1.796059 -1.193767 -1.341900
vn 0.972077 -1.559015 -1.753892
vn 0.000000 -1.687484 -1.898420
vn 0.011189 -2.268042 -1.143443
vn 0.000000 -2.540000 0.000000
vn 1.262630 -2.203943 0.000000
vn 2.203943 -1.262630 0.000000
vn 2.540000 0.000000 0.000000
vn 2.540000 0.000000 0.000000
vn 2.154367 -1.196686 -0.615016
vn 0.573865 -1.695389 -1.802203
vn 1.795994 -1.230930 -1.307982
vn 1.794163 -1.599336 -0.821404
vn 2.154729 -0.921736 -0.979361
vn 0.575587 -2.201955 -1.127694
vn 0.000000 0.000000 2.540000
vn 1.262630 0.000000 2.203943
vn 2.203943 0.000000 1.262630
vn 2.540000 0.000000 0.000000
vn 2.540000 0.000000 0.000000
vn 2.540000 0.000000 0.000000
vn 2.540000 0.000000 0.000000
vn 2.540000 0.000000 0.000000
vn 2.203943 -1.262630 0.000000
vn 1.262630 -2.203943 0.000000
vn 0.000000 -2.540000 0.000000
vn 0.001670 -2.265464 1.148596
vn 0.000000 -1.663524 1.919450
vn 0.000003 -0.718551 2.436244
vn 2.154898 -0.235086 1.323915
vn 1.795581 -0.314037 1.768861
vn 0.574973 -0.432791 2.435918
vn 2.154440 -0.714563 1.139906
vn 1.794290 -0.955254 1.523027
vn 0.575524 -1.316519 2.094552
vn 2.154728 -0.979479 0.921611
vn 1.795157 -1.308439 1.231665
vn 0.575093 -1.799716 1.697613
vn 0.573908 -1.620504 1.869812
vn 1.796051 -1.176289 1.357256
vn 2.154800 -0.880739 1.016237
vn 2.154657 -1.239227 0.522849
vn 1.795120 -1.655471 0.698971
vn 0.574916 -2.278221 0.964771
vn 0.000000 1.989554 1.579011
vn 0.972070 1.838091 1.458802
vn 1.796051 1.406827 1.116529
vn 2.346632 0.761411 0.604295
vn 2.540000 0.000000 0.000000
vn 2.540000 0.000000 0.000000
vn 2.540000 0.000000 0.000000
vn 2.540000 0.000000 0.000000
vn 2.540000 0.000000 0.000000
vn 2.540000 0.000000 0.000000
vn 2.203943 0.000000 1.262630
vn 1.262630 0.000000 2.203943
vn 0.000000 0.000000 2.540000
vn 0.007930 1.002582 2.333745
vn 0.007296 1.552708 2.010135
vn 0.574132 0.132121 2.470732
vn 2.154485 0.949322 0.953195
vn 1.794807 1.268588 1.273166
vn 0.574933 1.747743 1.751127
vn 2.154494 0.506155 1.246420
vn 1.794654 0.676432 1.665310
vn 0.575204 0.931844 2.291813
vn 2.154741 0.072191 1.342937
vn 1.795837 0.096340 1.793680
vn 0.000000 -2.531446 -0.208284
vn 0.001037 -2.473844 -0.575931
vn 0.009457 -2.332557 -1.005329
vn 0.003072 -2.101712 -1.426323
vn 0.004766 -1.765541 -1.826046
vn 0.004311 -1.379008 -2.133054
vn 0.021404 -1.015527 -2.328056
vn 0.004133 -0.491065 -2.492075
vn 0.002171 -0.204249 -2.531774
vn 0.000000 0.000000 -2.540000
vn 1.262630 0.000000 -2.203943
vn 2.203943 0.000000 -1.262630
vn 2.540000 0.000000 0.000000
vn 2.540000 0.000000 0.000000
vn 2.540000 0.000000 0.000000
vn 2.540000 0.000000 0.000000
vn 2.540000 0.000000 0.000000
vn 2.540000 -0.000062 -0.000011
vn 2.539925 -0.019211 -0.003458
vn 1.951248 -1.615709 -0.183615
vn 1.133768 -2.263505 -0.206672
vn 2.155089 -1.007520 -0.889998
vn 0.574477 -2.450324 -0.342764
vn 1.795807 -1.779006 -0.248624
vn 2.154905 -1.331676 -0.186069
vn 0.574432 -2.348854 -0.777504
vn 1.795582 -1.705759 -0.563799
vn 2.154782 -1.276936 -0.421841
vn 0.575292 -2.143090 -1.236044
vn 1.794319 -1.557029 -0.898711
vn 2.154432 -1.165126 -0.672684
vn 0.574999 -1.853150 -1.639150
vn 1.795860 -1.346012 -1.189429
vn 0.580610 -1.026650 -2.249551
vn 1.798437 -0.743936 -1.632110
vn 2.158055 -0.555113 -1.219119
vn 2.155128 -0.935099 -0.965719
vn 1.795824 -1.249189 -1.290791
vn 0.575180 -1.719967 -1.778336
vn 0.576507 -0.517590 -2.418954
vn 1.796974 -0.376029 -1.755302
vn 2.156096 -0.281873 -1.312783
vn 0.574575 -0.237366 -2.462747
vn 1.796037 -0.172300 -1.787782
vn 2.155047 -0.128946 -1.338188
vn 2.540000 0.000000 0.000000
vn 2.540000 0.000000 0.000000
vn 2.539933 -0.001147 0.018470
vn 1.899088 -0.104530 1.683490
vn 1.088537 -0.142222 2.290515
vn 0.000000 -0.157409 2.535118
vn 0.000000 -0.157409 2.535118
vn 1.138335 -0.140716 2.266273
vn 1.945773 -0.101179 1.629518
vn 2.539933 -0.001146 0.018451
vn 2.540000 0.000000 0.000000
vn 2.346645 0.770460 0.592662
vn 1.796083 1.423568 1.095052
vn 0.972087 1.860331 1.430320
vn 0.000000 2.013265 1.548665
vn 0.000177 2.409080 0.804944
vn 0.000000 2.517719 0.335696
vn 1.085276 2.273719 0.322454
vn 1.903405 1.659722 0.271976
vn 2.539925 0.018989 0.004342
vn 2.540000 0.000003 0.000000
vn 0.573923 2.298110 0.917007
vn 0.573799 2.443219 0.391199
vn 0.574058 2.053471 1.380330
vn 1.795813 1.491072 1.001680
vn 2.154701 1.287176 0.389928
vn 2.154684 1.116474 0.749949
vn 0.573876 2.367987 0.717567
vn 1.795961 1.718993 0.520756
vn 2.154696 1.249048 0.498764
vn 1.795922 1.668130 0.666040
vn 0.000000 2.540000 0.000000
vn 1.262630 2.203943 0.000000
vn 2.203943 1.262630 0.000000
vn 2.540000 0.000000 0.000000
vn 2.540000 0.000000 0.000000
vn 2.540000 0.000000 0.000000
vn 2.540000 0.000000 0.000000
vn 2.540000 0.000000 0.000000
vn 2.540000 0.000000 0.000000
vn 2.540000 0.000000 0.000000
vn 2.203943 0.000000 -1.262630
vn 1.262630 0.000000 -2.203943
vn 0.000000 0.000000 -2.540000
vn 0.000000 0.381961 -2.511116
vn 0.015949 1.014987 -2.328336
vn 0.003383 1.610251 -1.964352
vn 0.024679 2.116942 -1.403405
vn 0.002193 2.432847 -0.729966
vn 2.155004 0.056283 -1.343276
vn 2.154865 1.287863 -0.386736
vn 1.795665 1.720608 -0.516429
vn 0.574513 2.370030 -0.710276
vn 2.154837 1.121073 -0.742613
vn 1.793038 1.499660 -0.993797
vn 0.578573 2.060997 -1.367166
vn 2.154934 0.852466 -1.039789
vn 1.795630 1.139043 -1.389207
vn 0.574792 1.569433 -1.912615
vn 2.154898 0.537236 -1.232637
vn 1.794132 0.718389 -1.648213
vn 0.577041 0.988239 -2.267599
vn 2.154944 0.249149 -1.321264
vn 1.795793 0.332967 -1.765180
vn 0.574568 0.459360 -2.431144
vn 1.795964 0.075191 -1.794563
vn 0.574488 0.103691 -2.472006
vn 0.000000 0.541036 2.481709
vn 0.972070 0.499903 2.292766
vn 1.796051 0.382655 1.754815
vn 2.346632 0.207126 0.949747
vn 2.540000 0.000000 0.000000
vn 2.540000 0.000000 0.000000
vn 2.540000 0.000000 0.000000
vn 2.540000 0.000000 0.000000
vn 2.540000 0.000000 0.000000
vn 2.540000 0.000000 0.000000
vn 2.540000 0.000000 0.000000
vn 2.203943 1.262630 0.000000
vn 1.262630 2.203943 0.000000
vn 0.000000 2.540000 0.000000
vn 0.000000 2.456095 0.647453
vn 0.014886 2.163181 1.331175
vn 0.008206 1.617148 1.958664
vn 0.000000 1.155763 2.261816
vn 0.000139 0.686777 2.445391
vn 2.154673 1.340748 0.106669
vn 2.154769 0.330899 1.303486
vn 1.796053 0.441927 1.740831
vn 0.573875 0.608823 2.398250
vn 2.156397 0.485971 1.251152
vn 1.797961 0.649851 1.672313
vn 0.576162 0.896514 2.305624
vn 2.155142 0.848690 1.042443
vn 1.795648 1.134305 1.393054
vn 0.575738 1.562033 1.918379
vn 0.573815 1.125884 2.203343
vn 1.796051 0.817248 1.599345
vn 2.154749 0.611946 1.197571
vn 2.153969 1.146510 0.705359
vn 1.793180 1.532183 0.942615
vn 0.575824 2.107371 1.295768
vn 2.154630 1.282556 0.405238
vn 1.795613 1.712864 0.541732
vn 0.574125 2.358548 0.747818
vn 1.795499 1.790933 0.142628
vn 0.574443 2.466323 0.197140
vn 2.540000 0.000000 0.000000
vn 2.540000 0.000000 0.000000
vn 2.540000 0.000000 0.000000
vn 2.346650 0.190803 0.953115
vn 1.796094 0.352281 1.761121
vn 0.972093 0.460210 2.301052
vn 0.000000 0.498135 2.490675
vn 0.000340 0.783438 2.416159
vn 0.000000 1.712644 1.875753
vn 0.967992 1.580635 1.736717
vn 1.789232 1.208332 1.337976
vn 2.341492 0.656987 0.733064
vn 2.539925 0.012970 0.014553
vn 2.154759 0.491754 1.251715
vn 1.796019 0.656827 1.671674
vn 0.573979 0.904545 2.303030
vn 2.154698 0.282489 1.314943
vn 1.796042 0.377241 1.755996
vn 0.573744 0.519667 2.419166
vn 0.000000 0.000000 -2.540000
vn 1.262630 0.000000 -2.203943
vn 2.203943 0.000000 -1.262630
vn 2.540000 0.000000 0.000000
vn 2.540000 0.000000 0.000000
vn 2.540000 0.000000 0.000000
vn 2.540000 0.000000 0.000000
vn 2.540000 0.000000 0.000000
vn 2.203943 1.262630 0.000000
vn 1.262630 2.203943 0.000000
vn 0.000000 2.540000 0.000000
vn 0.002772 2.283306 -1.112702
vn 0.000000 1.615901 -1.959710
vn 0.014896 0.659678 -2.452795
vn 2.154673 0.350155 -1.298605
vn 1.794009 0.467278 -1.736313
vn 0.576586 0.637638 -2.390097
vn 2.154896 0.855428 -1.037433
vn 1.796051 1.142615 -1.385724
vn 0.574085 1.574087 -1.908999
vn 2.154291 1.001108 -0.899119
vn 1.793632 1.337158 -1.202702
vn 0.575936 1.834939 -1.659186
vn 2.154864 1.256710 -0.478374
vn 1.795910 1.678462 -0.639587
vn 0.574202 2.310836 -0.884267
vn 2.540000 0.000000 0.000000
vn 2.540000 0.000000 0.000000
vn 2.540000 0.000000 0.000000
vn 2.540000 0.000000 0.000000
vn 2.540000 0.000000 0.000000
vn 2.203943 0.000000 -1.262630
vn 1.262630 0.000000 -2.203943
vn 0.000000 0.000000 -2.540000
vn 0.004172 -0.701181 -2.441296
vn 0.012197 -1.610378 -1.964213
vn 0.017333 -2.285882 -1.107268
vn 0.000000 -2.503480 -0.429168
vn 1.072844 -2.264411 -0.415993
vn 1.891405 -1.657247 -0.357379
vn 2.539929 -0.018086 -0.005600
vn 2.154742 -1.251974 -0.491171
vn 1.794556 -1.673507 -0.656159
vn 0.576166 -2.304047 -0.900556
vn 2.154765 -1.109727 -0.759667
vn 1.795175 -1.482795 -1.015020
vn 0.575258 -2.040661 -1.398707
vn 2.154620 -0.573808 -1.216534
vn 1.795613 -0.765540 -1.625214
vn 0.574089 -1.050855 -2.240028
vn 0.575411 -1.570183 -1.911813
vn 1.793627 -1.139908 -1.391083
vn 2.154059 -0.852790 -1.041337
vn 2.154731 -0.305281 -1.309786
vn 1.795653 -0.407620 -1.749593
vn 0.574390 -0.560280 -2.409930
vn 0.000000 -2.540000 0.000000
vn 1.262630 -2.203943 0.000000
vn 2.203943 -1.262630 0.000000
vn 2.540000 0.000000 0.000000
vn 2.540000 0.000000 0.000000
vn 2.540000 0.000000 0.000000
vn 2.540000 0.000000 0.000000
vn 2.540000 0.000000 0.000000
vn 2.540000 0.000000 0.000000
vn 2.540000 0.000000 0.000000
vn 2.203943 0.000000 1.262630
vn 1.262630 0.000000 2.203943
vn 0.000000 0.000000 2.540000
vn 0.000000 -0.336265 2.517643
vn 0.018324 -0.991888 2.338252
vn 0.000546 -1.550529 2.011830
vn 0.028167 -2.104050 1.422597
vn 0.000000 -2.422153 0.764706
vn 2.155066 -0.047480 1.343517
vn 2.155004 -1.282077 0.404767
vn 1.796051 -1.712721 0.540728
vn 0.574283 -2.359430 0.744908
vn 2.153851 -1.115957 0.753105
vn 1.791094 -1.492491 1.007994
vn 0.578363 -2.048786 1.385487
vn 2.154978 -0.820670 1.064974
vn 1.795951 -1.096452 1.422658
vn 0.574360 -1.510908 1.959303
vn 2.155349 -0.524861 1.237170
vn 1.794463 -0.702027 1.654890
vn 0.577922 -0.965732 2.277052
vn 2.155046 -0.224750 1.325467
vn 1.795845 -0.300278 1.770982
vn 0.574750 -0.414171 2.439206
vn 1.796019 -0.063422 1.794963
vn 0.574537 -0.087436 2.472623
vn 0.000000 -1.665128 -1.918059
vn 0.972070 -1.538363 -1.772038
vn 1.796051 -1.177423 -1.356272
vn 2.346632 -0.637252 -0.734050
vn 2.540000 0.000000 0.000000
vn 2.540000 0.000000 0.000000
vn 2.540000 0.000000 0.000000
vn 2.540000 0.000000 0.000000
vn 2.540000 0.000000 0.000000
vn 2.540000 0.000000 0.000000
vn 2.203943 -1.262630 0.000000
vn 1.262630 -2.203943 0.000000
vn 0.000000 -2.540000 0.000000
vn 0.000200 -2.493105 -0.485828
vn 0.006240 -2.318455 -1.037463
vn 0.006825 -2.010658 -1.552033
vn 2.154722 -1.342872 -0.073940
vn 2.154598 -0.977022 -0.924520
vn 1.795152 -1.305385 -1.234909
vn 0.574773 -1.798082 -1.699452
vn 2.154595 -1.071379 -0.813306
vn 1.795111 -1.431224 -1.086635
vn 0.574831 -1.970093 -1.496631
vn 2.154338 -1.269973 -0.444518
vn 1.794460 -1.696672 -0.593985
vn 0.575022 -2.334956 -0.817882
vn 1.795822 -1.793559 -0.098840
vn 0.574116 -2.470490 -0.136639
vn 0.000000 0.000000 2.540000
vn 0.000000 0.495221 2.491256
vn 0.000000 0.911823 2.370692
vn 0.000000 1.476055 2.067090
vn 0.000000 1.965781 1.608510
vn 0.000000 2.293512 1.091514
vn 0.000000 2.456003 0.647805
vn 0.000000 2.520862 0.311217
vn 0.000000 2.520862 0.311217
vn 0.000000 2.437031 0.715878
vn 0.000000 2.246556 1.185153
vn 0.000000 1.917719 1.665519
vn 0.000000 1.467889 2.072897
vn 0.000000 1.007948 2.331446
vn 0.000000 0.599816 2.468161
vn 0.000000 0.265339 2.526103
vn 0.000000 0.000000 2.540000
vn 0.000000 0.150626 -2.535530
vn 0.000000 0.150626 -2.535530
vn 0.000000 0.150626 -2.535530
vn 0.000000 0.150626 -2.535530
vn 0.000000 -2.503480 -0.429168
vn 0.000000 -2.286058 -1.107041
vn 0.000000 -1.607712 -1.966434
vn 0.000000 -0.701228 -2.441286
vn 0.000000 0.000000 -2.540000
vn 0.000000 0.000000 -2.540000
vn 0.000000 -0.727777 -2.433504
vn 0.000000 -1.611164 -1.963606
vn 0.000000 -2.271845 -1.135923
vn 0.000000 -2.503480 -0.429168
vn 0.000000 0.000000 -2.540000
vn 0.000000 0.653769 -2.454422
vn 0.000000 1.615901 -1.959710
vn 0.000000 2.283855 -1.111579
vn 0.000000 2.540000 0.000000
vn 0.000000 2.540000 0.000000
vn 0.000000 2.283434 -1.112442
vn 0.000000 1.615901 -1.959710
vn 0.000000 0.680562 -2.447128
vn 0.000000 0.000000 -2.540000
vn 0.000000 2.540000 0.000000
vn 0.000000 2.238877 1.199596
vn 0.000000 1.626068 1.951282
vn 0.000000 1.626068 1.951282
vn 0.000000 2.229855 1.216284
vn 0.000000 2.540000 0.000000
vn 0.000000 1.712644 1.875753
vn 0.000000 0.782978 2.416308
vn 0.000000 0.498135 2.490675
vn 0.000000 0.498135 2.490675
vn 0.000000 0.843042 2.396014
vn 0.000000 1.712644 1.875753
vn 0.000000 0.541036 2.481709
vn 0.000000 0.694578 2.443187
vn 0.000000 1.155763 2.261816
vn 0.000000 1.614755 1.960655
vn 0.000000 2.168151 1.323148
vn 0.000000 2.456095 0.647456
vn 0.000000 2.540000 0.000000
vn 0.000000 2.540000 0.000000
vn 0.000000 2.451969 0.662910
vn 0.000000 2.172415 1.316135
vn 0.000000 1.664901 1.918256
vn 0.000000 1.155763 2.261816
vn 0.000000 0.909015 2.371770
vn 0.000000 0.743869 2.428633
vn 0.000000 0.627233 2.461337
vn 0.000000 0.541036 2.481709
vn 0.000000 2.540000 0.000000
vn 0.000000 2.431604 -0.734098
vn 0.000000 2.121525 -1.396687
vn 0.000000 1.606402 -1.967505
vn 0.000000 1.024010 -2.324436
vn 0.000000 0.381961 -2.511117
vn 0.000000 0.000000 -2.540000
vn 0.000000 0.000000 -2.540000
vn 0.000000 0.433734 -2.502694
vn 0.000000 1.021775 -2.325419
vn 0.000000 1.620458 -1.955944
vn 0.000000 2.123021 -1.394410
vn 0.000000 2.432334 -0.731678
vn 0.000000 2.540000 0.000000
vn 0.000000 0.000000 -2.540000
vn 0.000000 -0.203520 -2.531833
vn 0.000000 -0.508156 -2.488650
vn 0.000000 -1.004597 -2.332892
vn 0.000000 -1.362250 -2.143799
vn 0.000000 -1.784138 -1.807886
vn 0.000000 -2.097740 -1.432162
vn 0.000000 -2.334531 -1.000782
vn 0.000000 -2.473835 -0.575971
vn 0.000000 -2.531446 -0.208284
vn 0.000000 -2.531446 -0.208284
vn 0.000000 -2.466660 -0.605959
vn 0.000000 -2.321265 -1.031178
vn 0.000000 -2.089907 -1.443568
vn 0.000000 -1.791655 -1.800437
vn 0.000000 -1.197324 -2.240092
vn 0.000000 -0.679300 -2.447479
vn 0.000000 -0.286822 -2.523754
vn 0.000000 0.000000 -2.540000
vn 2.540000 0.000000 0.000000
vn 2.540000 0.000000 0.000000
vn 2.540000 0.000000 0.000000
vn 2.540000 0.000000 0.000000
vn 2.540000 0.000000 0.000000
vn 2.540000 0.000000 0.000000
vn 2.540000 0.000000 0.000000
vn 2.540000 0.000000 0.000000
vn 2.540000 0.000000 0.000000
vn 2.540000 0.000000 0.000000
vn 2.540000 0.000000 0.000000
vn 2.540000 0.000000 0.000000
vn 2.540000 0.000000 0.000000
vn 2.540000 0.000000 0.000000
vn 2.540000 0.000000 0.000000
vn 2.540000 0.000000 0.000000
vn 2.540000 0.000000 0.000000
vn 2.540000 0.000000 0.000000
vn 2.540000 0.000000 0.000000
vn 2.540000 0.000000 0.000000
vn 2.540000 0.000000 0.000000
vn 2.540000 0.000000 0.000000
vn 2.540000 0.000000 0.000000
vn 2.540000 0.000000 0.000000
vn 2.540000 0.000000 0.000000
vn 2.540000 0.000000 0.000000
vn 2.540000 0.000000 0.000000
vn 2.540000 0.000000 0.000000
vn 2.540000 0.000000 0.000000
vn 2.540000 0.000000 0.000000
vn 2.540000 0.000000 0.000000
vn 2.540000 0.000000 0.000000
vn 2.540000 0.000000 0.000000
vn 2.540000 0.000000 0.000000
vn 2.540000 0.000000 0.000000
vn 2.540000 0.000000 0.000000
vn 2.540000 0.000000 0.000000
vn 2.540000 0.000000 0.000000
vn 2.540000 0.000000 0.000000
vn 2.540000 0.000000 0.000000
vn 2.540000 0.000000 0.000000
vn 2.540000 0.000000 0.000000
vn 2.540000 0.000000 0.000000
vn 2.540000 0.000000 0.000000
vn 2.540000 0.000000 0.000000
vn 2.540000 0.000000 0.000000
vn 2.540000 0.000000 0.000000
vn 2.540000 0.000000 0.000000
vn 2.540000 0.000000 0.000000
vn 2.540000 0.000000 0.000000
vn 2.540000 0.000000 0.000000
vn 2.540000 0.000000 0.000000
vn 2.540000 0.000000 0.000000
vn 2.540000 0.000000 0.000000
vn 2.540000 0.000000 0.000000
vn 2.540000 0.000000 0.000000
vn 2.540000 0.000000 0.000000
vn 2.540000 0.000000 0.000000
vn 2.540000 0.000000 0.000000
vn 2.540000 0.000000 0.000000
vn 2.540000 0.000000 0.000000
vn 2.540000 0.000000 0.000000
vn 2.540000 0.000000 0.000000
vn 2.540000 0.000000 0.000000
vn 2.540000 0.000000 0.000000
vn 2.540000 0.000000 0.000000
vn 2.540000 0.000000 0.000000
vn 2.540000 0.000000 0.000000
vn 2.540000 0.000000 0.000000
vn 0.000000 2.517719 0.335696
vn 0.000000 2.409077 0.804951
vn 0.000000 2.013265 1.548665
vn 0.000000 2.013265 1.548665
vn 0.000000 2.396744 0.840963
vn 0.000000 2.517719 0.335696
vn 0.000000 1.989554 1.579011
vn 0.000000 1.551757 2.010883
vn 0.000000 1.003733 2.333264
vn 0.000000 0.000000 2.540000
vn 0.000000 0.000000 2.540000
vn 0.000000 0.477704 2.494674
vn 0.000000 1.024045 2.324421
vn 0.000000 1.559409 2.004955
vn 0.000000 1.989554 1.579011
vn 0.000000 0.000000 2.540000
vn 0.000000 -0.718612 2.436226
vn 0.000000 -1.663524 1.919450
vn 0.000000 -2.265760 1.148011
vn 0.000000 -2.540000 0.000000
vn 0.000000 -2.540000 0.000000
vn 0.000000 -2.268792 1.142009
vn 0.000000 -1.663524 1.919450
vn 0.000000 -0.747786 2.427430
vn 0.000000 0.000000 2.540000
vn 0.000000 -2.540000 0.000000
vn 0.000000 -2.268822 -1.141950
vn 0.000000 -1.687484 -1.898420
vn 0.000000 -1.687484 -1.898420
vn 0.000000 -2.271845 -1.135923
vn 0.000000 -2.540000 0.000000
vn 0.000000 -1.713914 -1.874593
vn 0.000000 -1.102216 -2.288388
vn 0.000000 -0.812533 -2.406531
vn 0.000000 -0.557104 -2.478152
vn 0.000000 -0.557104 -2.478152
vn 0.000000 -0.689371 -2.444661
vn 0.000000 -0.885487 -2.380654
vn 0.000000 -1.196785 -2.240381
vn 0.000000 -1.713914 -1.874593
vn 0.000000 -0.549765 -2.479790
vn 0.000000 -0.885777 -2.380546
vn 0.000000 -1.182743 -2.247826
vn 0.000000 -1.675603 -1.908915
vn 0.000000 -1.675603 -1.908915
vn 0.000000 -1.289418 -2.188379
vn 0.000000 -0.978025 -2.344156
vn 0.000000 -0.736619 -2.430842
vn 0.000000 -0.549765 -2.479790
vn 0.000000 -1.665128 -1.918059
vn 0.000000 -2.011640 -1.550775
vn 0.000000 -2.316542 -1.041745
vn 0.000000 -2.493464 -0.483979
vn 0.000000 -2.540000 0.000000
vn 0.000000 -2.540000 0.000000
vn 0.000000 -2.488501 -0.508884
vn 0.000000 -2.313905 -1.047589
vn 0.000000 -2.021818 -1.537483
vn 0.000000 -1.665128 -1.918059
vn 0.000000 -2.540000 0.000000
vn 0.000000 -2.422153 0.764705
vn 0.000000 -2.119437 1.399852
vn 0.000000 -1.544689 2.016317
vn 0.000000 -1.019324 2.326495
vn 0.000000 -0.336263 2.517643
vn 0.000000 0.000000 2.540000
vn 0.000000 0.000000 2.540000
vn 0.000000 -0.179259 2.533667
vn 0.000000 -0.402444 2.507915
vn 0.000000 -0.680243 2.447217
vn 0.000000 -1.020037 2.326182
vn 0.000000 -1.586725 1.983407
vn 0.000000 -2.124848 1.391626
vn 0.000000 -2.427505 0.747543
vn 0.000000 -2.540000 0.000000
vn 0.000000 -0.157409 2.535118
vn 0.000000 -0.157409 2.535118
vn 0.000000 -0.157409 2.535118
vn 0.000000 -0.157409 2.535118
vn -2.540000 0.000000 0.000000
vn -2.540000 0.000000 0.000000
vn -2.540000 0.000000 0.000000
vn -2.540000 0.000000 0.000000
vn -2.540000 0.000000 0.000000
vn -2.540000 0.000000 0.000000
vn -2.540000 0.000000 0.000000
vn -2.540000 0.000000 0.000000
vn -2.540000 0.000000 0.000000
vn -2.540000 0.000000 0.000000
vn -2.540000 0.000000 0.000000
vn -2.540000 0.000000 0.000000
vn -2.540000 0.000000 0.000000
vn -2.540000 0.000000 0.000000
vn -2.540000 0.000000 0.000000
vn -2.540000 0.000000 0.000000
vn -2.540000 0.000000 0.000000
vn -2.540000 0.000000 0.000000
vn -2.540000 0.000000 0.000000
vn -2.540000 0.000000 0.000000
vn -2.540000 0.000000 0.000000
vn -2.540000 0.000000 0.000000
vn -2.540000 0.000000 0.000000
vn -2.540000 0.000000 0.000000
vn -2.540000 0.000000 0.000000
vn -2.540000 0.000000 0.000000
vn -2.540000 0.000000 0.000000
vn -2.540000 0.000000 0.000000
vn -2.540000 0.000000 0.000000
vn -2.540000 0.000000 0.000000
vn -2.540000 0.000000 0.000000
vn -2.540000 0.000000 0.000000
vn -2.540000 0.000000 0.000000
vn -2.540000 0.000000 0.000000
vn -2.540000 0.000000 0.000000
vn -2.540000 0.000000 0.000000
vn -2.540000 0.000000 0.000000
vn -2.540000 0.000000 0.000000
vn -2.540000 0.000000 0.000000
vn -2.540000 0.000000 0.000000
vn -2.540000 0.000000 0.000000
vn -2.540000 0.000000 0.000000
vn -2.540000 0.000000 0.000000
vn -2.540000 0.000000 0.000000
vn -2.540000 0.000000 0.000000
vn -2.540000 0.000000 0.000000
vn -2.540000 0.000000 0.000000
vn -2.540000 0.000000 0.000000
vn -2.540000 0.000000 0.000000
vn -2.540000 0.000000 0.000000
vn -2.540000 0.000000 0.000000
vn -2.540000 0.000000 0.000000
vn -2.540000 0.000000 0.000000
vn -2.540000 0.000000 0.000000
vn -2.540000 0.000000 0.000000
vn -2.540000 0.000000 0.000000
vn -2.540000 0.000000 0.000000
vn -2.540000 0.000000 0.000000
vn -2.540000 0.000000 0.000000
vn -2.540000 0.000000 0.000000
vn -2.540000 0.000000 0.000000
vn -2.540000 0.000000 0.000000
vn -2.540000 0.000000 0.000000
vn -2.540000 0.000000 0.000000
vn -2.540000 0.000000 0.000000
vn -2.540000 0.000000 0.000000
vn -2.540000 0.000000 0.000000
vn -2.540000 0.000000 0.000000
vn -2.540000 0.000000 0.000000
vn -2.540000 0.000000 0.000000
vn -2.540000 0.000000 0.000000
vn -2.540000 0.000000 0.000000
vn -2.540000 0.000000 0.000000
vn -2.540000 0.000000 0.000000
vn -2.540000 0.000000 0.000000
vn -2.540000 0.000000 0.000000
vn 2.540000 0.000000 0.000000
vn 2.540000 0.000000 0.000000
vn 1.796051 1.796051 0.000000
vn 0.972016 2.346654 0.000000
vn 0.000000 2.540000 0.000000
vn 0.000000 2.540000 0.000000
vn 0.972016 2.346654 0.000000
vn 1.796051 1.796051 0.000000
vn 2.540000 0.000000 0.000000
vn 2.540000 0.000000 0.000000
vn 2.346654 0.000000 -0.972016
vn 1.796051 0.000000 -1.796051
vn 0.972016 0.000000 -2.346654
vn 0.000000 0.000000 -2.540000
vn 0.000000 0.000000 -2.540000
vn 0.972016 0.000000 -2.346654
vn 1.796051 0.000000 -1.796051
vn 2.540000 0.000000 0.000000
vn 2.540000 0.000000 0.000000
vn 2.346654 -0.803106 -0.547572
vn 1.796051 -1.483947 -1.011782
vn 0.972016 -1.938870 -1.321957
vn 0.495529 -2.058293 -1.403382
vn 0.000000 -2.098618 -1.430876
vn 0.000000 -2.098618 -1.430876
vn 0.972016 -1.938870 -1.321957
vn 1.796051 -1.483947 -1.011782
vn 2.346654 -0.803106 -0.547572
vn 2.540000 0.000000 0.000000
vn 2.540000 0.000000 0.000000
vn 1.796051 1.796051 0.000000
vn 0.972016 2.346654 0.000000
vn 0.000000 2.540000 0.000000
vn 0.000000 2.540000 0.000000
vn 0.495529 2.491195 0.000000
vn 0.972016 2.346654 0.000000
vn 1.796051 1.796051 0.000000
vn 2.346654 0.972016 0.000000
vn 2.540000 0.000000 0.000000
vn 2.540000 0.000000 0.000000
vn 1.796051 0.000000 -1.796051
vn 0.972016 0.000000 -2.346654
vn 0.000000 0.000000 -2.540000
vn 0.000000 0.000000 -2.540000
vn 0.972016 0.000000 -2.346654
vn 1.796051 0.000000 -1.796051
vn 2.540000 0.000000 0.000000
vn 2.540000 0.000000 0.000000
vn 1.796051 -1.796051 0.000000
vn 0.972016 -2.346654 0.000000
vn 0.000000 -2.540000 0.000000
vn 0.000000 -2.540000 0.000000
vn 0.972016 -2.346654 0.000000
vn 1.796051 -1.796051 0.000000
vn 0.000000 0.000000 2.540000
vn 0.000000 0.000000 2.540000
vn 0.972016 0.000000 2.346654
vn 1.796051 0.000000 1.796051
vn 2.540000 0.000000 0.000000
vn 2.540000 0.000000 0.000000
vn 2.346654 0.000000 0.972016
vn 1.796051 0.000000 1.796051
vn 0.972016 0.000000 2.346654
vn 0.000000 2.098695 1.430762
vn 0.000000 2.098695 1.430762
vn 0.972016 1.938941 1.321852
vn 1.796051 1.484001 1.011702
vn 2.346654 0.803136 0.547529
vn 2.540000 0.000000 0.000000
vn 2.540000 0.000000 0.000000
vn 2.346654 0.803136 0.547529
vn 1.796051 1.484001 1.011702
vn 0.972016 1.938941 1.321852
vn 0.495529 2.058369 1.403271
vn 0.000000 -2.540000 0.000000
vn 0.000000 -2.540000 0.000000
vn 0.495529 -2.491195 0.000000
vn 0.972016 -2.346654 0.000000
vn 1.796051 -1.796051 0.000000
vn 2.346654 -0.972016 0.000000
vn 2.540000 0.000000 0.000000
vn 2.540000 0.000000 0.000000
vn 1.796051 -1.796051 0.000000
vn 0.972016 -2.346654 0.000000
vn 0.000000 0.000000 2.540000
vn 0.000000 0.000000 2.540000
vn 0.972016 0.000000 2.346654
vn 1.796051 0.000000 1.796051
vn 2.540000 0.000000 0.000000
vn 2.540000 0.000000 0.000000
vn 1.796051 0.000000 1.796051
vn 0.972016 0.000000 2.346654
vn 0.000000 0.000000 2.540000
vn 0.000000 0.000000 2.540000
vn 0.000000 0.000000 2.540000
vn 0.000000 0.000000 2.540000
vn 0.000000 2.098695 1.430762
vn 0.000000 2.098695 1.430762
vn 0.000000 2.098695 1.430762
vn 0.000000 2.098695 1.430762
vn 0.000000 -2.540000 0.000000
vn 0.000000 -2.540000 0.000000
vn 0.000000 -2.540000 0.000000
vn 0.000000 -2.540000 0.000000
vn 0.000000 0.000000 2.540000
vn 0.000000 0.000000 2.540000
vn 0.000000 0.000000 2.540000
vn 0.000000 0.000000 2.540000
vn 0.000000 2.540000 0.000000
vn 0.000000 2.540000 0.000000
vn 0.000000 2.540000 0.000000
vn 0.000000 2.540000 0.000000
vn 2.540000 0.000000 0.000000
vn 2.540000 0.000000 0.000000
vn 2.540000 0.000000 0.000000
vn 2.540000 0.000000 0.000000
vn 2.540000 0.000000 0.000000
vn 2.540000 0.000000 0.000000
vn 2.540000 0.000000 0.000000
vn 2.540000 0.000000 0.000000
vn 2.540000 0.000000 0.000000
vn 2.540000 0.000000 0.000000
vn 0.000000 0.000000 -2.540000
vn 0.000000 0.000000 -2.540000
vn 0.000000 0.000000 -2.540000
vn 0.000000 0.000000 -2.540000
vn 0.000000 -2.098618 -1.430876
vn 0.000000 -2.098618 -1.430876
vn 0.000000 -2.098618 -1.430876
vn 0.000000 -2.098618 -1.430876
vn 0.000000 2.540000 0.000000
vn 0.000000 2.540000 0.000000
vn 0.000000 2.540000 0.000000
vn 0.000000 2.540000 0.000000
vn 0.000000 0.000000 -2.540000
vn 0.000000 0.000000 -2.540000
vn 0.000000 0.000000 -2.540000
vn 0.000000 0.000000 -2.540000
vn 0.000000 -2.540000 0.000000
vn 0.000000 -2.540000 0.000000
vn 0.000000 -2.540000 0.000000
vn 0.000000 -2.540000 0.000000
vn -2.540000 0.000000 0.000000
vn -2.540000 0.000000 0.000000
vn -2.540000 0.000000 0.000000
vn -2.540000 0.000000 0.000000
vn -2.540000 0.000000 0.000000
vn -2.540000 0.000000 0.000000
vn -2.540000 0.000000 0.000000
vn -2.540000 0.000000 0.000000
vn -2.540000 0.000000 0.000000
vn -2.540000 0.000000 0.000000
usemtl 191,191,191
f 885/2/2 632/3/3 881/1/1
f 881/1/1 632/3/3 630/8/8
f 630/8/8 632/3/3 466/4/4
f 630/8/8 466/4/4 464/7/7
f 464/7/7 466/4/4 299/6/6
f 299/6/6 466/4/4 301/5/5
f 300/10/10 315/11/11 299/9/9
f 299/9/9 315/11/11 464/18/18
f 464/18/18 315/11/11 465/12/12
f 464/18/18 465/12/12 630/17/17
f 630/17/17 465/12/12 631/13/13
f 630/17/17 631/13/13 732/14/14
f 883/15/15 881/16/16 732/14/14
f 732/14/14 881/16/16 630/17/17
f 883/20/20 732/21/21 885/19/19
f 885/19/19 732/21/21 632/28/28
f 632/28/28 732/21/21 631/22/22
f 632/28/28 631/22/22 465/23/23
f 632/28/28 465/23/23 466/27/27
f 466/27/27 465/23/23 315/24/24
f 466/27/27 315/24/24 301/26/26
f 301/26/26 315/24/24 300/25/25
f 300/29/29 299/30/30 151/32/32
f 151/32/32 299/30/30 150/31/31
f 299/33/33 301/34/34 150/36/36
f 150/36/36 301/34/34 152/35/35
f 887/38/38 888/39/39 886/37/37
f 886/37/37 888/39/39 885/45/45
f 886/37/37 885/45/45 881/46/46
f 888/39/39 884/40/40 885/45/45
f 885/45/45 884/40/40 883/47/47
f 883/47/47 884/40/40 882/41/41
f 883/47/47 882/41/41 881/46/46
f 881/46/46 882/41/41 878/42/42
f 881/46/46 878/42/42 880/44/44
f 880/44/44 878/42/42 879/43/43
f 880/44/44 886/37/37 881/46/46
f 886/49/49 634/50/50 887/48/48
f 887/48/48 634/50/50 635/55/55
f 635/55/55 634/50/50 468/51/51
f 635/55/55 468/51/51 469/54/54
f 469/54/54 468/51/51 303/52/52
f 469/54/54 303/52/52 304/53/53
f 880/57/57 628/58/58 886/56/56
f 886/56/56 628/58/58 634/63/63
f 634/63/63 628/58/58 462/59/59
f 634/63/63 462/59/59 468/62/62
f 468/62/62 462/59/59 297/60/60
f 468/62/62 297/60/60 303/61/61
f 880/64/64 879/65/65 628/71/71
f 628/71/71 879/65/65 627/66/66
f 628/71/71 627/66/66 462/70/70
f 462/70/70 627/66/66 461/67/67
f 462/70/70 461/67/67 297/69/69
f 297/69/69 461/67/67 296/68/68
f 879/72/72 878/73/73 627/79/79
f 627/79/79 878/73/73 626/74/74
f 627/79/79 626/74/74 461/78/78
f 461/78/78 626/74/74 460/75/75
f 461/78/78 460/75/75 296/77/77
f 296/77/77 460/75/75 295/76/76
f 882/81/81 629/82/82 878/80/80
f 878/80/80 629/82/82 626/87/87
f 626/87/87 629/82/82 463/83/83
f 626/87/87 463/83/83 460/86/86
f 460/86/86 463/83/83 298/84/84
f 460/86/86 298/84/84 295/85/85
f 302/88/88 298/89/89 467/95/95
f 467/95/95 298/89/89 463/90/90
f 467/95/95 463/90/90 633/94/94
f 633/94/94 463/90/90 629/91/91
f 633/94/94 629/91/91 884/93/93
f 884/93/93 629/91/91 882/92/92
f 305/96/96 302/97/97 470/103/103
f 470/103/103 302/97/97 467/98/98
f 470/103/103 467/98/98 636/102/102
f 636/102/102 467/98/98 633/99/99
f 636/102/102 633/99/99 888/101/101
f 888/101/101 633/99/99 884/100/100
f 305/105/105 470/106/106 304/104/104
f 304/104/104 470/106/106 469/111/111
f 469/111/111 470/106/106 636/107/107
f 469/111/111 636/107/107 635/110/110
f 635/110/110 636/107/107 888/108/108
f 635/110/110 888/108/108 887/109/109
f 298/112/112 302/113/113 149/115/115
f 149/115/115 302/113/113 153/114/114
f 302/116/116 305/117/117 153/119/119
f 153/119/119 305/117/117 156/118/118
f 305/120/120 304/121/121 156/123/123
f 156/123/123 304/121/121 155/122/122
f 304/124/124 303/125/125 155/127/127
f 155/127/127 303/125/125 154/126/126
f 301/128/128 300/129/129 152/131/131
f 152/131/131 300/129/129 151/130/130
f 297/132/132 296/133/133 148/135/135
f 148/135/135 296/133/133 147/134/134
f 296/136/136 295/137/137 147/139/139
f 147/139/139 295/137/137 146/138/138
f 295/140/140 298/141/141 146/143/143
f 146/143/143 298/141/141 149/142/142
f 303/144/144 297/145/145 154/147/147
f 154/147/147 297/145/145 148/146/146
f 152/149/149 154/151/151 150/148/148
f 150/148/148 154/151/151 148/152/152
f 150/148/148 148/152/152 146/154/154
f 146/154/154 148/152/152 147/153/153
f 151/150/150 153/156/156 152/149/149
f 152/149/149 153/156/156 156/157/157
f 152/149/149 156/157/157 154/151/151
f 154/151/151 156/157/157 155/158/158
f 153/156/156 151/150/150 149/155/155
f 149/155/155 151/150/150 150/148/148
f 149/155/155 150/148/148 146/154/154
f 859/160/160 607/161/161 862/159/159
f 862/159/159 607/161/161 610/166/166
f 610/166/166 607/161/161 441/162/162
f 610/166/166 441/162/162 444/165/165
f 444/165/165 441/162/162 276/163/163
f 444/165/165 276/163/163 279/164/164
f 858/168/168 606/169/169 859/167/167
f 859/167/167 606/169/169 607/174/174
f 607/174/174 606/169/169 440/170/170
f 607/174/174 440/170/170 441/173/173
f 441/173/173 440/170/170 276/172/172
f 276/172/172 440/170/170 275/171/171
f 858/175/175 867/176/176 606/182/182
f 606/182/182 867/176/176 615/177/177
f 606/182/182 615/177/177 440/181/181
f 440/181/181 615/177/177 449/178/178
f 440/181/181 449/178/178 275/180/180
f 275/180/180 449/178/178 284/179/179
f 866/184/184 614/185/185 867/183/183
f 867/183/183 614/185/185 615/190/190
f 615/190/190 614/185/185 448/186/186
f 615/190/190 448/186/186 449/189/189
f 449/189/189 448/186/186 284/188/188
f 284/188/188 448/186/186 283/187/187
f 856/192/192 604/193/193 866/191/191
f 866/191/191 604/193/193 614/198/198
f 614/198/198 604/193/193 438/194/194
f 614/198/198 438/194/194 448/197/197
f 448/197/197 438/194/194 283/196/196
f 283/196/196 438/194/194 273/195/195
f 857/200/200 605/201/201 856/199/199
f 856/199/199 605/201/201 604/206/206
f 604/206/206 605/201/201 439/202/202
f 604/206/206 439/202/202 438/205/205
f 438/205/205 439/202/202 273/204/204
f 273/204/204 439/202/202 274/203/203
f 865/208/208 613/209/209 857/207/207
f 857/207/207 613/209/209 605/214/214
f 605/214/214 613/209/209 447/210/210
f 605/214/214 447/210/210 439/213/213
f 439/213/213 447/210/210 274/212/212
f 274/212/212 447/210/210 282/211/211
f 281/215/215 282/216/216 446/222/222
f 446/222/222 282/216/216 447/217/217
f 446/222/222 447/217/217 613/218/218
f 446/222/222 613/218/218 612/221/221
f 612/221/221 613/218/218 865/219/219
f 612/221/221 865/219/219 864/220/220
f 281/224/224 446/225/225 278/223/223
f 278/223/223 446/225/225 443/230/230
f 443/230/230 446/225/225 612/226/226
f 443/230/230 612/226/226 609/229/229
f 609/229/229 612/226/226 864/227/227
f 609/229/229 864/227/227 861/228/228
f 277/231/231 278/232/232 442/238/238
f 442/238/238 278/232/232 443/233/233
f 442/238/238 443/233/233 609/234/234
f 442/238/238 609/234/234 608/237/237
f 608/237/237 609/234/234 861/235/235
f 608/237/237 861/235/235 860/236/236
f 280/239/239 277/240/240 445/246/246
f 445/246/246 277/240/240 442/241/241
f 445/246/246 442/241/241 611/245/245
f 611/245/245 442/241/241 608/242/242
f 611/245/245 608/242/242 863/244/244
f 863/244/244 608/242/242 860/243/243
f 279/247/247 280/248/248 444/254/254
f 444/254/254 280/248/248 445/249/249
f 444/254/254 445/249/249 611/250/250
f 444/254/254 611/250/250 610/253/253
f 610/253/253 611/250/250 863/251/251
f 610/253/253 863/251/251 862/252/252
f 282/255/255 281/256/256 133/258/258
f 133/258/258 281/256/256 132/257/257
f 281/259/259 278/260/260 132/262/262
f 132/262/262 278/260/260 129/261/261
f 278/263/263 277/264/264 129/266/266
f 129/266/266 277/264/264 128/265/265
f 277/267/267 280/268/268 128/270/270
f 128/270/270 280/268/268 131/269/269
f 280/271/271 279/272/272 131/274/274
f 131/274/274 279/272/272 130/273/273
f 279/275/275 276/276/276 130/278/278
f 130/278/278 276/276/276 127/277/277
f 862/280/280 863/281/281 859/279/279
f 859/279/279 863/281/281 860/282/282
f 859/279/279 860/282/282 857/286/286
f 857/286/286 860/282/282 861/283/283
f 857/286/286 861/283/283 865/285/285
f 865/285/285 861/283/283 864/284/284
f 857/286/286 856/287/287 859/279/279
f 859/279/279 856/287/287 858/290/290
f 858/290/290 856/287/287 866/288/288
f 858/290/290 866/288/288 867/289/289
f 276/291/291 275/292/292 127/294/294
f 127/294/294 275/292/292 126/293/293
f 275/295/295 284/296/296 126/298/298
f 126/298/298 284/296/296 135/297/297
f 284/299/299 283/300/300 135/302/302
f 135/302/302 283/300/300 134/301/301
f 283/303/303 273/304/304 134/306/306
f 134/306/306 273/304/304 124/305/305
f 273/307/307 274/308/308 124/310/310
f 124/310/310 274/308/308 125/309/309
f 274/311/311 282/312/312 125/314/314
f 125/314/314 282/312/312 133/313/313
f 133/316/316 129/318/318 125/315/315
f 125/315/315 129/318/318 128/319/319
f 125/315/315 128/319/319 127/322/322
f 127/322/322 128/319/319 130/321/321
f 130/321/321 128/319/319 131/320/320
f 133/316/316 132/317/317 129/318/318
f 125/315/315 127/322/322 124/326/326
f 124/326/326 127/322/322 126/323/323
f 124/326/326 126/323/323 134/325/325
f 134/325/325 126/323/323 135/324/324
f 771/328/328 518/329/329 772/327/327
f 772/327/327 518/329/329 519/334/334
f 519/334/334 518/329/329 420/330/330
f 519/334/334 420/330/330 421/333/333
f 421/333/333 420/330/330 192/332/332
f 192/332/332 420/330/330 191/331/331
f 767/336/336 514/337/337 771/335/335
f 771/335/335 514/337/337 518/342/342
f 518/342/342 514/337/337 416/338/338
f 518/342/342 416/338/338 420/341/341
f 420/341/341 416/338/338 191/340/340
f 191/340/340 416/338/338 187/339/339
f 768/344/344 515/345/345 767/343/343
f 767/343/343 515/345/345 514/350/350
f 514/350/350 515/345/345 417/346/346
f 514/350/350 417/346/346 416/349/349
f 416/349/349 417/346/346 188/347/347
f 416/349/349 188/347/347 187/348/348
f 764/352/352 511/353/353 768/351/351
f 768/351/351 511/353/353 515/358/358
f 515/358/358 511/353/353 413/354/354
f 515/358/358 413/354/354 417/357/357
f 417/357/357 413/354/354 188/356/356
f 188/356/356 413/354/354 184/355/355
f 764/359/359 763/360/360 511/366/366
f 511/366/366 763/360/360 510/361/361
f 511/366/366 510/361/361 413/365/365
f 413/365/365 510/361/361 412/362/362
f 413/365/365 412/362/362 184/364/364
f 184/364/364 412/362/362 183/363/363
f 761/368/368 508/369/369 763/367/367
f 763/367/367 508/369/369 510/374/374
f 510/374/374 508/369/369 410/370/370
f 510/374/374 410/370/370 412/373/373
f 412/373/373 410/370/370 183/372/372
f 183/372/372 410/370/370 181/371/371
f 762/376/376 509/377/377 761/375/375
f 761/375/375 509/377/377 508/382/382
f 508/382/382 509/377/377 411/378/378
f 508/382/382 411/378/378 410/381/381
f 410/381/381 411/378/378 181/380/380
f 181/380/380 411/378/378 182/379/379
f 186/383/383 182/384/384 415/390/390
f 415/390/390 182/384/384 411/385/385
f 415/390/390 411/385/385 509/386/386
f 415/390/390 509/386/386 513/389/389
f 513/389/389 509/386/386 762/387/387
f 513/389/389 762/387/387 766/388/388
f 186/392/392 415/393/393 185/391/391
f 185/391/391 415/393/393 414/398/398
f 414/398/398 415/393/393 513/394/394
f 414/398/398 513/394/394 512/397/397
f 512/397/397 513/394/394 766/395/395
f 512/397/397 766/395/395 765/396/396
f 189/399/399 185/400/400 418/406/406
f 418/406/406 185/400/400 414/401/401
f 418/406/406 414/401/401 512/402/402
f 418/406/406 512/402/402 516/405/405
f 516/405/405 512/402/402 765/403/403
f 516/405/405 765/403/403 769/404/404
f 190/407/407 189/408/408 419/414/414
f 419/414/414 189/408/408 418/409/409
f 419/414/414 418/409/409 517/413/413
f 517/413/413 418/409/409 516/410/410
f 517/413/413 516/410/410 770/412/412
f 770/412/412 516/410/410 769/411/411
f 192/415/415 190/416/416 421/422/422
f 421/422/422 190/416/416 419/417/417
f 421/422/422 419/417/417 517/418/418
f 421/422/422 517/418/418 519/421/421
f 519/421/421 517/418/418 770/419/419
f 519/421/421 770/419/419 772/420/420
f 182/423/423 186/424/424 26/426/426
f 26/426/426 186/424/424 30/425/425
f 186/427/427 185/428/428 30/430/430
f 30/430/430 185/428/428 29/429/429
f 185/431/431 189/432/432 29/434/434
f 29/434/434 189/432/432 33/433/433
f 189/435/435 190/436/436 33/438/438
f 33/438/438 190/436/436 34/437/437
f 190/439/439 192/440/440 34/442/442
f 34/442/442 192/440/440 36/441/441
f 192/443/443 191/444/444 36/446/446
f 36/446/446 191/444/444 35/445/445
f 767/458/458 771/447/447 768/457/457
f 768/457/457 771/447/447 772/448/448
f 768/457/457 772/448/448 769/450/450
f 769/450/450 772/448/448 770/449/449
f 768/457/457 769/450/450 764/456/456
f 764/456/456 769/450/450 765/451/451
f 764/456/456 765/451/451 762/453/453
f 762/453/453 765/451/451 766/452/452
f 762/453/453 761/454/454 764/456/456
f 764/456/456 761/454/454 763/455/455
f 191/459/459 187/460/460 35/462/462
f 35/462/462 187/460/460 31/461/461
f 187/463/463 188/464/464 31/466/466
f 31/466/466 188/464/464 32/465/465
f 188/467/467 184/468/468 32/470/470
f 32/470/470 184/468/468 28/469/469
f 184/471/471 183/472/472 28/474/474
f 28/474/474 183/472/472 27/473/473
f 183/475/475 181/476/476 27/478/478
f 27/478/478 181/476/476 25/477/477
f 181/479/479 182/480/480 25/482/482
f 25/482/482 182/480/480 26/481/481
f 30/484/484 29/485/485 26/483/483
f 26/483/483 29/485/485 28/492/492
f 26/483/483 28/492/492 25/494/494
f 25/494/494 28/492/492 27/493/493
f 28/492/492 29/485/485 32/491/491
f 32/491/491 29/485/485 33/486/486
f 32/491/491 33/486/486 36/488/488
f 36/488/488 33/486/486 34/487/487
f 36/488/488 35/489/489 32/491/491
f 32/491/491 35/489/489 31/490/490
f 176/495/495 174/496/496 405/502/502
f 405/502/502 174/496/496 403/497/497
f 405/502/502 403/497/497 501/498/498
f 405/502/502 501/498/498 503/501/501
f 503/501/501 501/498/498 753/499/499
f 503/501/501 753/499/499 757/500/500
f 755/503/503 753/504/504 720/512/512
f 720/512/512 753/504/504 501/505/505
f 720/512/512 501/505/505 502/511/511
f 502/511/511 501/505/505 404/510/510
f 404/510/510 501/505/505 403/506/506
f 404/510/510 403/506/506 311/509/509
f 311/509/509 403/506/506 174/507/507
f 311/509/509 174/507/507 175/508/508
f 755/514/514 720/515/515 757/513/513
f 757/513/513 720/515/515 503/522/522
f 503/522/522 720/515/515 502/516/516
f 503/522/522 502/516/516 404/517/517
f 503/522/522 404/517/517 405/521/521
f 405/521/521 404/517/517 311/518/518
f 405/521/521 311/518/518 176/520/520
f 176/520/520 311/518/518 175/519/519
f 175/523/523 174/524/524 19/526/526
f 19/526/526 174/524/524 18/525/525
f 174/527/527 176/528/528 18/530/530
f 18/530/530 176/528/528 20/529/529
f 759/532/532 760/533/533 758/531/531
f 758/531/531 760/533/533 757/539/539
f 758/531/531 757/539/539 753/540/540
f 760/533/533 756/534/534 757/539/539
f 757/539/539 756/534/534 755/541/541
f 755/541/541 756/534/534 754/535/535
f 755/541/541 754/535/535 753/540/540
f 753/540/540 754/535/535 750/536/536
f 753/540/540 750/536/536 752/538/538
f 752/538/538 750/536/536 751/537/537
f 752/538/538 758/531/531 753/540/540
f 758/543/543 505/544/544 759/542/542
f 759/542/542 505/544/544 506/549/549
f 506/549/549 505/544/544 407/545/545
f 506/549/549 407/545/545 408/548/548
f 408/548/548 407/545/545 178/546/546
f 408/548/548 178/546/546 179/547/547
f 752/551/551 499/552/552 758/550/550
f 758/550/550 499/552/552 505/557/557
f 505/557/557 499/552/552 401/553/553
f 505/557/557 401/553/553 407/556/556
f 407/556/556 401/553/553 172/554/554
f 407/556/556 172/554/554 178/555/555
f 752/558/558 751/559/559 499/565/565
f 499/565/565 751/559/559 498/560/560
f 499/565/565 498/560/560 401/564/564
f 401/564/564 498/560/560 400/561/561
f 401/564/564 400/561/561 172/563/563
f 172/563/563 400/561/561 171/562/562
f 751/566/566 750/567/567 498/573/573
f 498/573/573 750/567/567 497/568/568
f 498/573/573 497/568/568 400/572/572
f 400/572/572 497/568/568 399/569/569
f 400/572/572 399/569/569 171/571/571
f 171/571/571 399/569/569 170/570/570
f 754/575/575 500/576/576 750/574/574
f 750/574/574 500/576/576 497/581/581
f 497/581/581 500/576/576 402/577/577
f 497/581/581 402/577/577 399/580/580
f 399/580/580 402/577/577 173/578/578
f 399/580/580 173/578/578 170/579/579
f 177/582/582 173/583/583 406/589/589
f 406/589/589 173/583/583 402/584/584
f 406/589/589 402/584/584 504/588/588
f 504/588/588 402/584/584 500/585/585
f 504/588/588 500/585/585 756/587/587
f 756/587/587 500/585/585 754/586/586
f 180/590/590 177/591/591 409/597/597
f 409/597/597 177/591/591 406/592/592
f 409/597/597 406/592/592 507/596/596
f 507/596/596 406/592/592 504/593/593
f 507/596/596 504/593/593 760/595/595
f 760/595/595 504/593/593 756/594/594
f 180/599/599 409/600/600 179/598/598
f 179/598/598 409/600/600 408/605/605
f 408/605/605 409/600/600 507/601/601
f 408/605/605 507/601/601 506/604/604
f 506/604/604 507/601/601 760/602/602
f 506/604/604 760/602/602 759/603/603
f 173/606/606 177/607/607 17/609/609
f 17/609/609 177/607/607 21/608/608
f 177/610/610 180/611/611 21/613/613
f 21/613/613 180/611/611 24/612/612
f 180/614/614 179/615/615 24/617/617
f 24/617/617 179/615/615 23/616/616
f 179/618/618 178/619/619 23/621/621
f 23/621/621 178/619/619 22/620/620
f 176/622/622 175/623/623 20/625/625
f 20/625/625 175/623/623 19/624/624
f 172/626/626 171/627/627 16/629/629
f 16/629/629 171/627/627 15/628/628
f 171/630/630 170/631/631 15/633/633
f 15/633/633 170/631/631 14/632/632
f 170/634/634 173/635/635 14/637/637
f 14/637/637 173/635/635 17/636/636
f 178/638/638 172/639/639 22/641/641
f 22/641/641 172/639/639 16/640/640
f 20/643/643 22/645/645 18/642/642
f 18/642/642 22/645/645 16/646/646
f 18/642/642 16/646/646 14/648/648
f 14/648/648 16/646/646 15/647/647
f 19/644/644 21/650/650 20/643/643
f 20/643/643 21/650/650 24/651/651
f 20/643/643 24/651/651 22/645/645
f 22/645/645 24/651/651 23/652/652
f 21/650/650 19/644/644 17/649/649
f 17/649/649 19/644/644 18/642/642
f 17/649/649 18/642/642 14/648/648
f 167/654/654 307/655/655 164/653/653
f 164/653/653 307/655/655 309/656/656
f 164/653/653 309/656/656 394/664/664
f 394/664/664 309/656/656 386/657/657
f 394/664/664 386/657/657 484/658/658
f 394/664/664 484/658/658 492/663/663
f 492/663/663 484/658/658 642/659/659
f 492/663/663 642/659/659 734/660/660
f 745/661/661 743/662/662 734/660/660
f 734/660/660 743/662/662 492/663/663
f 741/666/666 490/667/667 743/665/665
f 743/665/665 490/667/667 492/672/672
f 492/672/672 490/667/667 392/668/668
f 492/672/672 392/668/668 394/671/671
f 394/671/671 392/668/668 164/670/670
f 164/670/670 392/668/668 162/669/669
f 739/674/674 733/675/675 741/673/673
f 741/673/673 733/675/675 490/684/684
f 490/684/684 733/675/675 641/676/676
f 490/684/684 641/676/676 483/677/677
f 490/684/684 483/677/677 392/683/683
f 392/683/683 483/677/677 385/678/678
f 392/683/683 385/678/678 308/679/679
f 392/683/683 308/679/679 162/682/682
f 162/682/682 308/679/679 306/680/680
f 162/682/682 306/680/680 160/681/681
f 745/685/685 734/686/686 744/695/695
f 744/695/695 734/686/686 493/694/694
f 493/694/694 734/686/686 496/689/689
f 493/694/694 496/689/689 395/693/693
f 395/693/693 496/689/689 398/690/690
f 395/693/693 398/690/690 165/692/692
f 165/692/692 398/690/690 169/691/691
f 747/687/687 749/688/688 734/686/686
f 734/686/686 749/688/688 496/689/689
f 167/696/696 164/697/697 11/699/699
f 11/699/699 164/697/697 8/698/698
f 164/700/700 162/701/701 8/703/703
f 8/703/703 162/701/701 6/702/702
f 737/704/704 738/705/705 735/707/707
f 735/707/707 738/705/705 736/706/706
f 747/708/708 746/709/709 749/711/711
f 749/711/711 746/709/709 748/710/710
f 162/712/712 160/713/713 6/715/715
f 6/715/715 160/713/713 4/714/714
f 160/717/717 306/718/718 159/716/716
f 159/716/716 306/718/718 308/719/719
f 159/716/716 308/719/719 390/727/727
f 390/727/727 308/719/719 385/720/720
f 390/727/727 385/720/720 483/721/721
f 390/727/727 483/721/721 488/726/726
f 488/726/726 483/721/721 641/722/722
f 488/726/726 641/722/722 733/723/723
f 738/724/724 737/725/725 733/723/723
f 733/723/723 737/725/725 488/726/726
f 735/729/729 486/730/730 737/728/728
f 737/728/728 486/730/730 488/735/735
f 488/735/735 486/730/730 388/731/731
f 488/735/735 388/731/731 390/734/734
f 390/734/734 388/731/731 159/733/733
f 159/733/733 388/731/731 157/732/732
f 736/737/737 487/738/738 735/736/736
f 735/736/736 487/738/738 486/743/743
f 486/743/743 487/738/738 389/739/739
f 486/743/743 389/739/739 388/742/742
f 388/742/742 389/739/739 157/741/741
f 157/741/741 389/739/739 158/740/740
f 739/745/745 740/746/746 733/744/744
f 733/744/744 740/746/746 489/747/747
f 733/744/744 489/747/747 487/752/752
f 487/752/752 489/747/747 391/748/748
f 487/752/752 391/748/748 389/751/751
f 389/751/751 391/748/748 161/749/749
f 389/751/751 161/749/749 158/750/750
f 487/752/752 736/753/753 733/744/744
f 733/744/744 736/753/753 738/754/754
f 742/756/756 719/757/757 740/755/755
f 740/755/755 719/757/757 489/764/764
f 489/764/764 719/757/757 491/758/758
f 489/764/764 491/758/758 393/759/759
f 489/764/764 393/759/759 391/763/763
f 391/763/763 393/759/759 310/760/760
f 391/763/763 310/760/760 161/762/762
f 161/762/762 310/760/760 163/761/761
f 742/765/765 744/766/766 719/774/774
f 719/774/774 744/766/766 493/767/767
f 719/774/774 493/767/767 491/773/773
f 491/773/773 493/767/767 393/772/772
f 393/772/772 493/767/767 395/768/768
f 393/772/772 395/768/768 310/771/771
f 310/771/771 395/768/768 165/769/769
f 310/771/771 165/769/769 163/770/770
f 748/776/776 495/777/777 749/775/775
f 749/775/775 495/777/777 496/782/782
f 496/782/782 495/777/777 397/778/778
f 496/782/782 397/778/778 398/781/781
f 398/781/781 397/778/778 169/780/780
f 169/780/780 397/778/778 168/779/779
f 746/784/784 494/785/785 748/783/783
f 748/783/783 494/785/785 495/790/790
f 495/790/790 494/785/785 396/786/786
f 495/790/790 396/786/786 397/789/789
f 397/789/789 396/786/786 168/788/788
f 168/788/788 396/786/786 166/787/787
f 747/792/792 734/793/793 746/791/791
f 746/791/791 734/793/793 494/802/802
f 494/802/802 734/793/793 642/794/794
f 494/802/802 642/794/794 484/795/795
f 494/802/802 484/795/795 396/801/801
f 396/801/801 484/795/795 386/796/796
f 396/801/801 386/796/796 309/797/797
f 396/801/801 309/797/797 166/800/800
f 166/800/800 309/797/797 307/798/798
f 166/800/800 307/798/798 167/799/799
f 160/803/803 159/804/804 4/806/806
f 4/806/806 159/804/804 3/805/805
f 159/807/807 157/808/808 3/810/810
f 3/810/810 157/808/808 1/809/809
f 157/811/811 158/812/812 1/814/814
f 1/814/814 158/812/812 2/813/813
f 158/815/815 161/816/816 2/818/818
f 2/818/818 161/816/816 5/817/817
f 161/819/819 163/820/820 5/822/822
f 5/822/822 163/820/820 7/821/821
f 163/823/823 165/824/824 7/826/826
f 7/826/826 165/824/824 9/825/825
f 165/827/827 169/828/828 9/830/830
f 9/830/830 169/828/828 13/829/829
f 169/831/831 168/832/832 13/834/834
f 13/834/834 168/832/832 12/833/833
f 168/835/835 166/836/836 12/838/838
f 12/838/838 166/836/836 10/837/837
f 166/839/839 167/840/840 10/842/842
f 10/842/842 167/840/840 11/841/841
f 1/855/855 2/843/843 4/853/853
f 4/853/853 2/843/843 5/844/844
f 4/853/853 5/844/844 7/845/845
f 9/846/846 11/850/850 7/845/845
f 7/845/845 11/850/850 8/851/851
f 7/845/845 8/851/851 6/852/852
f 9/846/846 13/847/847 11/850/850
f 11/850/850 13/847/847 12/848/848
f 11/850/850 12/848/848 10/849/849
f 6/852/852 4/853/853 7/845/845
f 4/853/853 3/854/854 1/855/855
f 741/862/862 743/856/856 742/859/859
f 742/859/859 743/856/856 745/857/857
f 742/859/859 745/857/857 744/858/858
f 740/860/860 739/861/861 742/859/859
f 742/859/859 739/861/861 741/862/862
f 780/864/864 526/865/865 776/863/863
f 776/863/863 526/865/865 524/870/870
f 524/870/870 526/865/865 428/866/866
f 524/870/870 428/866/866 426/869/869
f 426/869/869 428/866/866 197/868/868
f 197/868/868 428/866/866 199/867/867
f 198/871/871 199/872/872 312/880/880
f 312/880/880 199/872/872 428/873/873
f 312/880/880 428/873/873 427/879/879
f 427/879/879 428/873/873 526/874/874
f 427/879/879 526/874/874 525/878/878
f 525/878/878 526/874/874 721/877/877
f 721/877/877 526/874/874 780/875/875
f 721/877/877 780/875/875 778/876/876
f 778/881/881 776/882/882 721/890/890
f 721/890/890 776/882/882 524/883/883
f 721/890/890 524/883/883 525/889/889
f 525/889/889 524/883/883 427/888/888
f 427/888/888 524/883/883 426/884/884
f 427/888/888 426/884/884 312/887/887
f 312/887/887 426/884/884 197/885/885
f 312/887/887 197/885/885 198/886/886
f 198/891/891 197/892/892 42/894/894
f 42/894/894 197/892/892 41/893/893
f 197/895/895 199/896/896 41/898/898
f 41/898/898 199/896/896 43/897/897
f 782/900/900 783/901/901 781/899/899
f 781/899/899 783/901/901 780/907/907
f 781/899/899 780/907/907 776/908/908
f 783/901/901 779/902/902 780/907/907
f 780/907/907 779/902/902 778/909/909
f 778/909/909 779/902/902 777/903/903
f 778/909/909 777/903/903 776/908/908
f 776/908/908 777/903/903 773/904/904
f 776/908/908 773/904/904 775/906/906
f 775/906/906 773/904/904 774/905/905
f 775/906/906 781/899/899 776/908/908
f 781/911/911 528/912/912 782/910/910
f 782/910/910 528/912/912 529/917/917
f 529/917/917 528/912/912 430/913/913
f 529/917/917 430/913/913 431/916/916
f 431/916/916 430/913/913 201/914/914
f 431/916/916 201/914/914 202/915/915
f 775/919/919 522/920/920 781/918/918
f 781/918/918 522/920/920 528/925/925
f 528/925/925 522/920/920 424/921/921
f 528/925/925 424/921/921 430/924/924
f 430/924/924 424/921/921 195/922/922
f 430/924/924 195/922/922 201/923/923
f 775/926/926 774/927/927 522/933/933
f 522/933/933 774/927/927 521/928/928
f 522/933/933 521/928/928 424/932/932
f 424/932/932 521/928/928 423/929/929
f 424/932/932 423/929/929 195/931/931
f 195/931/931 423/929/929 194/930/930
f 774/934/934 773/935/935 521/941/941
f 521/941/941 773/935/935 520/936/936
f 521/941/941 520/936/936 423/940/940
f 423/940/940 520/936/936 422/937/937
f 423/940/940 422/937/937 194/939/939
f 194/939/939 422/937/937 193/938/938
f 777/943/943 523/944/944 773/942/942
f 773/942/942 523/944/944 520/949/949
f 520/949/949 523/944/944 425/945/945
f 520/949/949 425/945/945 422/948/948
f 422/948/948 425/945/945 196/946/946
f 422/948/948 196/946/946 193/947/947
f 200/950/950 196/951/951 429/957/957
f 429/957/957 196/951/951 425/952/952
f 429/957/957 425/952/952 527/956/956
f 527/956/956 425/952/952 523/953/953
f 527/956/956 523/953/953 779/955/955
f 779/955/955 523/953/953 777/954/954
f 203/958/958 200/959/959 432/965/965
f 432/965/965 200/959/959 429/960/960
f 432/965/965 429/960/960 530/964/964
f 530/964/964 429/960/960 527/961/961
f 530/964/964 527/961/961 783/963/963
f 783/963/963 527/961/961 779/962/962
f 203/967/967 432/968/968 202/966/966
f 202/966/966 432/968/968 431/973/973
f 431/973/973 432/968/968 530/969/969
f 431/973/973 530/969/969 529/972/972
f 529/972/972 530/969/969 783/970/970
f 529/972/972 783/970/970 782/971/971
f 196/974/974 200/975/975 40/977/977
f 40/977/977 200/975/975 44/976/976
f 200/978/978 203/979/979 44/981/981
f 44/981/981 203/979/979 47/980/980
f 203/982/982 202/983/983 47/985/985
f 47/985/985 202/983/983 46/984/984
f 202/986/986 201/987/987 46/989/989
f 46/989/989 201/987/987 45/988/988
f 199/990/990 198/991/991 43/993/993
f 43/993/993 198/991/991 42/992/992
f 195/994/994 194/995/995 39/997/997
f 39/997/997 194/995/995 38/996/996
f 194/998/998 193/999/999 38/1001/1001
f 38/1001/1001 193/999/999 37/1000/1000
f 193/1002/1002 196/1003/1003 37/1005/1005
f 37/1005/1005 196/1003/1003 40/1004/1004
f 201/1006/1006 195/1007/1007 45/1009/1009
f 45/1009/1009 195/1007/1007 39/1008/1008
f 43/1011/1011 45/1013/1013 41/1010/1010
f 41/1010/1010 45/1013/1013 39/1014/1014
f 41/1010/1010 39/1014/1014 37/1016/1016
f 37/1016/1016 39/1014/1014 38/1015/1015
f 42/1012/1012 44/1018/1018 43/1011/1011
f 43/1011/1011 44/1018/1018 47/1019/1019
f 43/1011/1011 47/1019/1019 45/1013/1013
f 45/1013/1013 47/1019/1019 46/1020/1020
f 44/1018/1018 42/1012/1012 40/1017/1017
f 40/1017/1017 42/1012/1012 41/1010/1010
f 40/1017/1017 41/1010/1010 37/1016/1016
f 474/1040/1040 269/1021/1021 380/1042/1042
f 380/1042/1042 269/1021/1021 267/1022/1022
f 380/1042/1042 267/1022/1022 378/1045/1045
f 378/1045/1045 267/1022/1022 265/1023/1023
f 378/1045/1045 265/1023/1023 376/1047/1047
f 376/1047/1047 265/1023/1023 263/1024/1024
f 376/1047/1047 263/1024/1024 374/1050/1050
f 374/1050/1050 263/1024/1024 261/1025/1025
f 374/1050/1050 261/1025/1025 372/1053/1053
f 372/1053/1053 261/1025/1025 258/1026/1026
f 372/1053/1053 258/1026/1026 369/1056/1056
f 369/1056/1056 258/1026/1026 257/1027/1027
f 369/1056/1056 257/1027/1027 359/1059/1059
f 359/1059/1059 257/1027/1027 240/1028/1028
f 359/1059/1059 240/1028/1028 478/1029/1029
f 359/1059/1059 478/1029/1029 577/1060/1060
f 577/1060/1060 478/1029/1029 714/1030/1030
f 577/1060/1060 714/1030/1030 685/1061/1061
f 685/1061/1061 714/1030/1030 822/1031/1031
f 685/1061/1061 822/1031/1031 835/1032/1032
f 685/1061/1061 835/1032/1032 695/1058/1058
f 695/1058/1058 835/1032/1032 841/1033/1033
f 695/1058/1058 841/1033/1033 698/1055/1055
f 698/1055/1055 841/1033/1033 844/1034/1034
f 698/1055/1055 844/1034/1034 700/1052/1052
f 700/1052/1052 844/1034/1034 846/1035/1035
f 700/1052/1052 846/1035/1035 702/1049/1049
f 702/1049/1049 846/1035/1035 848/1036/1036
f 702/1049/1049 848/1036/1036 704/1041/1041
f 704/1041/1041 848/1036/1036 850/1037/1037
f 704/1041/1041 850/1037/1037 706/1044/1044
f 706/1044/1044 850/1037/1037 851/1038/1038
f 706/1044/1044 851/1038/1038 640/1039/1039
f 706/1044/1044 640/1039/1039 599/1043/1043
f 599/1043/1043 640/1039/1039 474/1040/1040
f 599/1043/1043 474/1040/1040 380/1042/1042
f 704/1041/1041 706/1044/1044 599/1043/1043
f 599/1043/1043 380/1042/1042 597/1046/1046
f 597/1046/1046 380/1042/1042 378/1045/1045
f 597/1046/1046 378/1045/1045 595/1048/1048
f 595/1048/1048 378/1045/1045 376/1047/1047
f 595/1048/1048 376/1047/1047 593/1051/1051
f 593/1051/1051 376/1047/1047 374/1050/1050
f 593/1051/1051 374/1050/1050 591/1054/1054
f 591/1054/1054 374/1050/1050 372/1053/1053
f 591/1054/1054 372/1053/1053 588/1057/1057
f 588/1057/1057 372/1053/1053 369/1056/1056
f 588/1057/1057 369/1056/1056 577/1060/1060
f 577/1060/1060 369/1056/1056 359/1059/1059
f 702/1049/1049 704/1041/1041 597/1046/1046
f 597/1046/1046 704/1041/1041 599/1043/1043
f 702/1049/1049 597/1046/1046 595/1048/1048
f 700/1052/1052 702/1049/1049 595/1048/1048
f 700/1052/1052 595/1048/1048 593/1051/1051
f 698/1055/1055 700/1052/1052 593/1051/1051
f 698/1055/1055 593/1051/1051 591/1054/1054
f 695/1058/1058 698/1055/1055 591/1054/1054
f 695/1058/1058 591/1054/1054 588/1057/1057
f 685/1061/1061 695/1058/1058 588/1057/1057
f 685/1061/1061 588/1057/1057 577/1060/1060
f 837/1063/1063 836/1064/1064 850/1062/1062
f 850/1062/1062 836/1064/1064 851/1071/1071
f 851/1071/1071 836/1064/1064 640/1070/1070
f 640/1070/1070 836/1064/1064 637/1065/1065
f 640/1070/1070 637/1065/1065 474/1069/1069
f 474/1069/1069 637/1065/1065 472/1066/1066
f 474/1069/1069 472/1066/1066 269/1068/1068
f 269/1068/1068 472/1066/1066 251/1067/1067
f 794/1072/1072 722/1073/1073 795/1087/1087
f 795/1087/1087 722/1073/1073 798/1086/1086
f 798/1086/1086 722/1073/1073 657/1090/1090
f 798/1086/1086 657/1090/1090 803/1085/1085
f 803/1085/1085 657/1090/1090 673/1093/1093
f 803/1085/1085 673/1093/1093 818/1084/1084
f 818/1084/1084 673/1093/1093 725/1082/1082
f 818/1084/1084 725/1082/1082 818/1083/1083
f 722/1073/1073 542/1074/1074 657/1090/1090
f 657/1090/1090 542/1074/1074 546/1089/1089
f 657/1090/1090 546/1089/1089 673/1093/1093
f 673/1093/1093 546/1089/1089 562/1092/1092
f 673/1093/1093 562/1092/1092 564/1081/1081
f 564/1081/1081 562/1092/1092 435/1080/1080
f 435/1080/1080 562/1092/1092 346/1091/1091
f 435/1080/1080 346/1091/1091 237/1079/1079
f 237/1079/1079 346/1091/1091 221/1078/1078
f 221/1078/1078 346/1091/1091 330/1088/1088
f 221/1078/1078 330/1088/1088 218/1077/1077
f 218/1077/1077 330/1088/1088 433/1075/1075
f 218/1077/1077 433/1075/1075 215/1076/1076
f 542/1074/1074 433/1075/1075 546/1089/1089
f 546/1089/1089 433/1075/1075 330/1088/1088
f 546/1089/1089 330/1088/1088 562/1092/1092
f 562/1092/1092 330/1088/1088 346/1091/1091
f 564/1081/1081 725/1082/1082 673/1093/1093
f 387/1105/1105 230/1094/1094 340/1109/1109
f 340/1109/1109 230/1094/1094 226/1095/1095
f 340/1109/1109 226/1095/1095 338/1110/1110
f 338/1110/1110 226/1095/1095 225/1096/1096
f 338/1110/1110 225/1096/1096 476/1097/1097
f 338/1110/1110 476/1097/1097 551/1107/1107
f 551/1107/1107 476/1097/1097 712/1098/1098
f 551/1107/1107 712/1098/1098 662/1111/1111
f 662/1111/1111 712/1098/1098 804/1100/1100
f 662/1111/1111 804/1100/1100 724/1103/1103
f 724/1103/1103 804/1100/1100 810/1102/1102
f 810/1102/1102 804/1100/1100 809/1101/1101
f 712/1098/1098 802/1099/1099 804/1100/1100
f 662/1111/1111 724/1103/1103 666/1108/1108
f 666/1108/1108 724/1103/1103 485/1104/1104
f 666/1108/1108 485/1104/1104 556/1106/1106
f 556/1106/1106 485/1104/1104 387/1105/1105
f 556/1106/1106 387/1105/1105 551/1107/1107
f 551/1107/1107 387/1105/1105 340/1109/1109
f 551/1107/1107 340/1109/1109 338/1110/1110
f 662/1111/1111 666/1108/1108 556/1106/1106
f 551/1107/1107 662/1111/1111 556/1106/1106
f 818/1112/1112 725/1113/1113 819/1126/1126
f 819/1126/1126 725/1113/1113 826/1125/1125
f 826/1125/1125 725/1113/1113 676/1129/1129
f 826/1125/1125 676/1129/1129 682/1132/1132
f 682/1132/1132 676/1129/1129 566/1128/1128
f 682/1132/1132 566/1128/1128 574/1131/1131
f 574/1131/1131 566/1128/1128 349/1127/1127
f 574/1131/1131 349/1127/1127 356/1130/1130
f 356/1130/1130 349/1127/1127 244/1117/1117
f 356/1130/1130 244/1117/1117 247/1118/1118
f 725/1113/1113 564/1114/1114 676/1129/1129
f 676/1129/1129 564/1114/1114 566/1128/1128
f 564/1114/1114 435/1115/1115 566/1128/1128
f 566/1128/1128 435/1115/1115 349/1127/1127
f 435/1115/1115 237/1116/1116 349/1127/1127
f 349/1127/1127 237/1116/1116 244/1117/1117
f 250/1119/1119 437/1120/1120 247/1118/1118
f 247/1118/1118 437/1120/1120 356/1130/1130
f 437/1120/1120 581/1121/1121 356/1130/1130
f 356/1130/1130 581/1121/1121 574/1131/1131
f 581/1121/1121 727/1122/1122 574/1131/1131
f 574/1131/1131 727/1122/1122 682/1132/1132
f 834/1123/1123 828/1124/1124 727/1122/1122
f 727/1122/1122 828/1124/1124 682/1132/1132
f 828/1124/1124 826/1125/1125 682/1132/1132
f 834/1133/1133 727/1134/1134 839/1143/1143
f 839/1143/1143 727/1134/1134 693/1144/1144
f 839/1143/1143 693/1144/1144 717/1141/1141
f 717/1141/1141 693/1144/1144 586/1147/1147
f 717/1141/1141 586/1147/1147 481/1140/1140
f 481/1140/1140 586/1147/1147 366/1149/1149
f 481/1140/1140 366/1149/1149 255/1138/1138
f 255/1138/1138 366/1149/1149 364/1145/1145
f 255/1138/1138 364/1145/1145 250/1137/1137
f 250/1137/1137 364/1145/1145 437/1136/1136
f 437/1136/1136 364/1145/1145 586/1147/1147
f 437/1136/1136 586/1147/1147 583/1146/1146
f 583/1146/1146 586/1147/1147 693/1144/1144
f 583/1146/1146 693/1144/1144 689/1148/1148
f 689/1148/1148 693/1144/1144 727/1134/1134
f 689/1148/1148 727/1134/1134 581/1135/1135
f 689/1148/1148 581/1135/1135 583/1146/1146
f 583/1146/1146 581/1135/1135 437/1136/1136
f 255/1138/1138 256/1139/1139 481/1140/1140
f 717/1141/1141 840/1142/1142 839/1143/1143
f 586/1147/1147 364/1145/1145 366/1149/1149
f 245/1163/1163 242/1150/1150 354/1166/1166
f 354/1166/1166 242/1150/1150 480/1151/1151
f 354/1166/1166 480/1151/1151 572/1165/1165
f 572/1165/1165 480/1151/1151 716/1152/1152
f 572/1165/1165 716/1152/1152 680/1164/1164
f 680/1164/1164 716/1152/1152 824/1153/1153
f 680/1164/1164 824/1153/1153 827/1154/1154
f 680/1164/1164 827/1154/1154 686/1167/1167
f 686/1167/1167 827/1154/1154 833/1155/1155
f 686/1167/1167 833/1155/1155 688/1175/1175
f 688/1175/1175 833/1155/1155 691/1170/1170
f 688/1175/1175 691/1170/1170 584/1171/1171
f 584/1171/1171 691/1170/1170 587/1177/1177
f 584/1171/1171 587/1177/1177 367/1178/1178
f 367/1178/1178 587/1177/1177 481/1159/1159
f 367/1178/1178 481/1159/1159 256/1160/1160
f 833/1155/1155 838/1156/1156 691/1170/1170
f 691/1170/1170 838/1156/1156 694/1176/1176
f 691/1170/1170 694/1176/1176 587/1177/1177
f 587/1177/1177 694/1176/1176 481/1159/1159
f 840/1157/1157 717/1158/1158 838/1156/1156
f 838/1156/1156 717/1158/1158 694/1176/1176
f 717/1158/1158 481/1159/1159 694/1176/1176
f 256/1160/1160 254/1161/1161 367/1178/1178
f 367/1178/1178 254/1161/1161 365/1172/1172
f 367/1178/1178 365/1172/1172 584/1171/1171
f 584/1171/1171 365/1172/1172 580/1174/1174
f 584/1171/1171 580/1174/1174 688/1175/1175
f 688/1175/1175 580/1174/1174 686/1167/1167
f 254/1161/1161 249/1162/1162 365/1172/1172
f 365/1172/1172 249/1162/1162 362/1173/1173
f 365/1172/1172 362/1173/1173 580/1174/1174
f 580/1174/1174 362/1173/1173 578/1168/1168
f 580/1174/1174 578/1168/1168 686/1167/1167
f 686/1167/1167 578/1168/1168 680/1164/1164
f 362/1173/1173 249/1162/1162 361/1169/1169
f 361/1169/1169 249/1162/1162 245/1163/1163
f 361/1169/1169 245/1163/1163 354/1166/1166
f 361/1169/1169 354/1166/1166 572/1165/1165
f 361/1169/1169 572/1165/1165 578/1168/1168
f 578/1168/1168 572/1165/1165 680/1164/1164
f 362/1173/1173 361/1169/1169 578/1168/1168
f 232/1193/1193 228/1179/1179 341/1197/1197
f 341/1197/1197 228/1179/1179 434/1180/1180
f 341/1197/1197 434/1180/1180 557/1196/1196
f 557/1196/1196 434/1180/1180 554/1181/1181
f 557/1196/1196 554/1181/1181 667/1195/1195
f 667/1195/1195 554/1181/1181 723/1182/1182
f 667/1195/1195 723/1182/1182 812/1185/1185
f 812/1185/1185 723/1182/1182 808/1184/1184
f 808/1184/1184 723/1182/1182 807/1183/1183
f 667/1195/1195 812/1185/1185 672/1198/1198
f 672/1198/1198 812/1185/1185 815/1186/1186
f 672/1198/1198 815/1186/1186 817/1187/1187
f 824/1188/1188 716/1189/1189 817/1187/1187
f 817/1187/1187 716/1189/1189 677/1201/1201
f 817/1187/1187 677/1201/1201 672/1198/1198
f 672/1198/1198 677/1201/1201 569/1202/1202
f 672/1198/1198 569/1202/1202 563/1199/1199
f 563/1199/1199 569/1202/1202 351/1194/1194
f 563/1199/1199 351/1194/1194 347/1200/1200
f 347/1200/1200 351/1194/1194 236/1192/1192
f 347/1200/1200 236/1192/1192 232/1193/1193
f 677/1201/1201 716/1189/1189 569/1202/1202
f 569/1202/1202 716/1189/1189 480/1190/1190
f 569/1202/1202 480/1190/1190 351/1194/1194
f 351/1194/1194 480/1190/1190 242/1191/1191
f 351/1194/1194 242/1191/1191 236/1192/1192
f 347/1200/1200 232/1193/1193 341/1197/1197
f 347/1200/1200 341/1197/1197 557/1196/1196
f 672/1198/1198 563/1199/1199 667/1195/1195
f 667/1195/1195 563/1199/1199 557/1196/1196
f 563/1199/1199 347/1200/1200 557/1196/1196
f 473/1223/1223 204/1203/1203 316/1225/1225
f 316/1225/1225 204/1203/1203 205/1204/1204
f 316/1225/1225 205/1204/1204 317/1228/1228
f 317/1228/1228 205/1204/1204 206/1205/1205
f 317/1228/1228 206/1205/1205 321/1231/1231
f 321/1231/1231 206/1205/1205 211/1206/1206
f 321/1231/1231 211/1206/1206 324/1234/1234
f 324/1234/1234 211/1206/1206 214/1207/1207
f 324/1234/1234 214/1207/1207 326/1241/1241
f 326/1241/1241 214/1207/1207 217/1208/1208
f 326/1241/1241 217/1208/1208 328/1236/1236
f 328/1236/1236 217/1208/1208 219/1209/1209
f 328/1236/1236 219/1209/1209 331/1242/1242
f 331/1242/1242 219/1209/1209 222/1210/1210
f 331/1242/1242 222/1210/1210 343/1245/1245
f 343/1245/1245 222/1210/1210 233/1211/1211
f 343/1245/1245 233/1211/1211 241/1212/1212
f 241/1212/1212 479/1213/1213 343/1245/1245
f 343/1245/1245 479/1213/1213 559/1246/1246
f 343/1245/1245 559/1246/1246 331/1242/1242
f 331/1242/1242 559/1246/1246 547/1243/1243
f 331/1242/1242 547/1243/1243 328/1236/1236
f 328/1236/1236 547/1243/1243 544/1237/1237
f 328/1236/1236 544/1237/1237 326/1241/1241
f 326/1241/1241 544/1237/1237 541/1240/1240
f 326/1241/1241 541/1240/1240 324/1234/1234
f 324/1234/1234 541/1240/1240 539/1235/1235
f 324/1234/1234 539/1235/1235 321/1231/1231
f 321/1231/1231 539/1235/1235 535/1232/1232
f 321/1231/1231 535/1232/1232 317/1228/1228
f 317/1228/1228 535/1232/1232 532/1229/1229
f 317/1228/1228 532/1229/1229 316/1225/1225
f 316/1225/1225 532/1229/1229 531/1226/1226
f 316/1225/1225 531/1226/1226 473/1223/1223
f 473/1223/1223 531/1226/1226 639/1222/1222
f 639/1222/1222 531/1226/1226 643/1227/1227
f 639/1222/1222 643/1227/1227 784/1221/1221
f 784/1221/1221 643/1227/1227 785/1220/1220
f 785/1220/1220 643/1227/1227 644/1230/1230
f 785/1220/1220 644/1230/1230 787/1219/1219
f 787/1219/1219 644/1230/1230 647/1233/1233
f 787/1219/1219 647/1233/1233 651/1224/1224
f 651/1224/1224 647/1233/1233 535/1232/1232
f 651/1224/1224 535/1232/1232 539/1235/1235
f 479/1213/1213 715/1214/1214 559/1246/1246
f 559/1246/1246 715/1214/1214 669/1247/1247
f 559/1246/1246 669/1247/1247 547/1243/1243
f 547/1243/1243 669/1247/1247 658/1244/1244
f 547/1243/1243 658/1244/1244 544/1237/1237
f 544/1237/1237 658/1244/1244 655/1238/1238
f 544/1237/1237 655/1238/1238 541/1240/1240
f 541/1240/1240 655/1238/1238 653/1239/1239
f 541/1240/1240 653/1239/1239 539/1235/1235
f 539/1235/1235 653/1239/1239 651/1224/1224
f 715/1214/1214 823/1215/1215 669/1247/1247
f 669/1247/1247 823/1215/1215 806/1216/1216
f 669/1247/1247 806/1216/1216 658/1244/1244
f 658/1244/1244 806/1216/1216 797/1217/1217
f 658/1244/1244 797/1217/1217 655/1238/1238
f 655/1238/1238 797/1217/1217 793/1218/1218
f 655/1238/1238 793/1218/1218 653/1239/1239
f 653/1239/1239 793/1218/1218 651/1224/1224
f 793/1218/1218 787/1219/1219 651/1224/1224
f 644/1230/1230 643/1227/1227 531/1226/1226
f 644/1230/1230 531/1226/1226 532/1229/1229
f 647/1233/1233 644/1230/1230 532/1229/1229
f 647/1233/1233 532/1229/1229 535/1232/1232
f 800/1249/1249 801/1250/1250 785/1248/1248
f 785/1248/1248 801/1250/1250 784/1257/1257
f 784/1257/1257 801/1250/1250 639/1256/1256
f 639/1256/1256 801/1250/1250 638/1251/1251
f 639/1256/1256 638/1251/1251 473/1255/1255
f 473/1255/1255 638/1251/1251 471/1252/1252
f 473/1255/1255 471/1252/1252 204/1254/1254
f 204/1254/1254 471/1252/1252 223/1253/1253
f 807/1258/1258 723/1259/1259 800/1268/1268
f 800/1268/1268 723/1259/1259 659/1273/1273
f 800/1268/1268 659/1273/1273 801/1267/1267
f 801/1267/1267 659/1273/1273 638/1266/1266
f 638/1266/1266 659/1273/1273 548/1276/1276
f 638/1266/1266 548/1276/1276 332/1270/1270
f 332/1270/1270 548/1276/1276 333/1275/1275
f 332/1270/1270 333/1275/1275 224/1263/1263
f 224/1263/1263 333/1275/1275 334/1269/1269
f 224/1263/1263 334/1269/1269 228/1262/1262
f 228/1262/1262 334/1269/1269 337/1271/1271
f 228/1262/1262 337/1271/1271 434/1261/1261
f 434/1261/1261 337/1271/1271 552/1272/1272
f 434/1261/1261 552/1272/1272 554/1260/1260
f 554/1260/1260 552/1272/1272 663/1274/1274
f 554/1260/1260 663/1274/1274 723/1259/1259
f 723/1259/1259 663/1274/1274 660/1277/1277
f 723/1259/1259 660/1277/1277 659/1273/1273
f 659/1273/1273 660/1277/1277 549/1278/1278
f 659/1273/1273 549/1278/1278 548/1276/1276
f 548/1276/1276 549/1278/1278 334/1269/1269
f 548/1276/1276 334/1269/1269 333/1275/1275
f 224/1263/1263 223/1264/1264 332/1270/1270
f 332/1270/1270 223/1264/1264 471/1265/1265
f 332/1270/1270 471/1265/1265 638/1266/1266
f 660/1277/1277 663/1274/1274 552/1272/1272
f 334/1269/1269 549/1278/1278 337/1271/1271
f 337/1271/1271 549/1278/1278 552/1272/1272
f 549/1278/1278 660/1277/1277 552/1272/1272
f 270/1296/1296 272/1279/1279 382/1300/1300
f 382/1300/1300 272/1279/1279 482/1280/1280
f 382/1300/1300 482/1280/1280 601/1299/1299
f 601/1299/1299 482/1280/1280 718/1281/1281
f 601/1299/1299 718/1281/1281 708/1298/1298
f 708/1298/1298 718/1281/1281 853/1283/1283
f 708/1298/1298 853/1283/1283 705/1301/1301
f 705/1301/1301 853/1283/1283 849/1284/1284
f 705/1301/1301 849/1284/1284 701/1304/1304
f 701/1304/1304 849/1284/1284 845/1285/1285
f 701/1304/1304 845/1285/1285 697/1307/1307
f 697/1307/1307 845/1285/1285 842/1286/1286
f 697/1307/1307 842/1286/1286 692/1310/1310
f 692/1310/1310 842/1286/1286 830/1287/1287
f 692/1310/1310 830/1287/1287 679/1297/1297
f 679/1297/1297 830/1287/1287 823/1288/1288
f 679/1297/1297 823/1288/1288 715/1289/1289
f 718/1281/1281 855/1282/1282 853/1283/1283
f 679/1297/1297 715/1289/1289 571/1313/1313
f 571/1313/1313 715/1289/1289 479/1290/1290
f 571/1313/1313 479/1290/1290 353/1314/1314
f 353/1314/1314 479/1290/1290 241/1291/1291
f 353/1314/1314 241/1291/1291 252/1292/1292
f 353/1314/1314 252/1292/1292 368/1312/1312
f 368/1312/1312 252/1292/1292 259/1293/1293
f 368/1312/1312 259/1293/1293 371/1309/1309
f 371/1309/1309 259/1293/1293 375/1306/1306
f 371/1309/1309 375/1306/1306 594/1305/1305
f 594/1305/1305 375/1306/1306 598/1302/1302
f 594/1305/1305 598/1302/1302 705/1301/1301
f 705/1301/1301 598/1302/1302 708/1298/1298
f 259/1293/1293 262/1294/1294 375/1306/1306
f 375/1306/1306 262/1294/1294 379/1303/1303
f 375/1306/1306 379/1303/1303 598/1302/1302
f 598/1302/1302 379/1303/1303 601/1299/1299
f 598/1302/1302 601/1299/1299 708/1298/1298
f 262/1294/1294 266/1295/1295 379/1303/1303
f 379/1303/1303 266/1295/1295 382/1300/1300
f 379/1303/1303 382/1300/1300 601/1299/1299
f 266/1295/1295 270/1296/1296 382/1300/1300
f 594/1305/1305 705/1301/1301 701/1304/1304
f 594/1305/1305 701/1304/1304 590/1308/1308
f 590/1308/1308 701/1304/1304 697/1307/1307
f 590/1308/1308 697/1307/1307 585/1311/1311
f 585/1311/1311 697/1307/1307 692/1310/1310
f 585/1311/1311 692/1310/1310 571/1313/1313
f 571/1313/1313 692/1310/1310 679/1297/1297
f 368/1312/1312 371/1309/1309 590/1308/1308
f 590/1308/1308 371/1309/1309 594/1305/1305
f 368/1312/1312 590/1308/1308 585/1311/1311
f 353/1314/1314 368/1312/1312 585/1311/1311
f 353/1314/1314 585/1311/1311 571/1313/1313
f 253/1333/1333 239/1315/1315 358/1337/1337
f 358/1337/1337 239/1315/1315 436/1316/1316
f 358/1337/1337 436/1316/1316 575/1336/1336
f 575/1336/1336 436/1316/1316 568/1317/1317
f 575/1336/1336 568/1317/1317 683/1335/1335
f 683/1335/1335 568/1317/1317 726/1318/1318
f 683/1335/1335 726/1318/1318 831/1320/1320
f 831/1320/1320 726/1318/1318 821/1319/1319
f 683/1335/1335 831/1320/1320 696/1338/1338
f 696/1338/1338 831/1320/1320 843/1321/1321
f 696/1338/1338 843/1321/1321 699/1346/1346
f 699/1346/1346 843/1321/1321 703/1341/1341
f 699/1346/1346 703/1341/1341 596/1342/1342
f 596/1342/1342 703/1341/1341 600/1348/1348
f 596/1342/1342 600/1348/1348 381/1349/1349
f 381/1349/1349 600/1348/1348 383/1352/1352
f 381/1349/1349 383/1352/1352 268/1330/1330
f 268/1330/1330 383/1352/1352 271/1329/1329
f 271/1329/1329 383/1352/1352 384/1354/1354
f 271/1329/1329 384/1354/1354 272/1328/1328
f 272/1328/1328 384/1354/1354 482/1327/1327
f 482/1327/1327 384/1354/1354 603/1353/1353
f 482/1327/1327 603/1353/1353 718/1326/1326
f 718/1326/1326 603/1353/1353 710/1334/1334
f 718/1326/1326 710/1334/1334 855/1325/1325
f 855/1325/1325 710/1334/1334 854/1324/1324
f 854/1324/1324 710/1334/1334 709/1350/1350
f 854/1324/1324 709/1350/1350 852/1323/1323
f 852/1323/1323 709/1350/1350 707/1347/1347
f 852/1323/1323 707/1347/1347 847/1322/1322
f 847/1322/1322 707/1347/1347 703/1341/1341
f 847/1322/1322 703/1341/1341 843/1321/1321
f 268/1330/1330 264/1331/1331 381/1349/1349
f 381/1349/1349 264/1331/1331 377/1343/1343
f 381/1349/1349 377/1343/1343 596/1342/1342
f 596/1342/1342 377/1343/1343 592/1345/1345
f 596/1342/1342 592/1345/1345 699/1346/1346
f 699/1346/1346 592/1345/1345 696/1338/1338
f 264/1331/1331 260/1332/1332 377/1343/1343
f 377/1343/1343 260/1332/1332 373/1344/1344
f 377/1343/1343 373/1344/1344 592/1345/1345
f 592/1345/1345 373/1344/1344 589/1339/1339
f 592/1345/1345 589/1339/1339 696/1338/1338
f 696/1338/1338 589/1339/1339 683/1335/1335
f 373/1344/1344 260/1332/1332 370/1340/1340
f 370/1340/1340 260/1332/1332 253/1333/1333
f 370/1340/1340 253/1333/1333 358/1337/1337
f 370/1340/1340 358/1337/1337 575/1336/1336
f 370/1340/1340 575/1336/1336 589/1339/1339
f 589/1339/1339 575/1336/1336 683/1335/1335
f 373/1344/1344 370/1340/1340 589/1339/1339
f 703/1341/1341 707/1347/1347 600/1348/1348
f 600/1348/1348 707/1347/1347 602/1351/1351
f 600/1348/1348 602/1351/1351 383/1352/1352
f 383/1352/1352 602/1351/1351 384/1354/1354
f 602/1351/1351 707/1347/1347 709/1350/1350
f 710/1334/1334 603/1353/1353 709/1350/1350
f 709/1350/1350 603/1353/1353 602/1351/1351
f 603/1353/1353 384/1354/1354 602/1351/1351
f 809/1355/1355 816/1356/1356 810/1367/1367
f 810/1367/1367 816/1356/1356 724/1366/1366
f 724/1366/1366 816/1356/1356 670/1368/1368
f 724/1366/1366 670/1368/1368 560/1369/1369
f 560/1369/1369 670/1368/1368 567/1372/1372
f 560/1369/1369 567/1372/1372 350/1373/1373
f 350/1373/1373 567/1372/1372 436/1360/1360
f 350/1373/1373 436/1360/1360 239/1361/1361
f 821/1357/1357 726/1358/1358 816/1356/1356
f 816/1356/1356 726/1358/1358 675/1371/1371
f 816/1356/1356 675/1371/1371 670/1368/1368
f 670/1368/1368 675/1371/1371 567/1372/1372
f 726/1358/1358 568/1359/1359 675/1371/1371
f 675/1371/1371 568/1359/1359 567/1372/1372
f 568/1359/1359 436/1360/1360 567/1372/1372
f 239/1361/1361 235/1362/1362 350/1373/1373
f 350/1373/1373 235/1362/1362 344/1370/1370
f 350/1373/1373 344/1370/1370 560/1369/1369
f 560/1369/1369 344/1370/1370 485/1365/1365
f 560/1369/1369 485/1365/1365 724/1366/1366
f 235/1362/1362 230/1363/1363 344/1370/1370
f 344/1370/1370 230/1363/1363 387/1364/1364
f 344/1370/1370 387/1364/1364 485/1365/1365
f 238/1374/1374 477/1375/1375 234/1387/1387
f 234/1387/1387 477/1375/1375 345/1390/1390
f 234/1387/1387 345/1390/1390 231/1386/1386
f 231/1386/1386 345/1390/1390 342/1393/1393
f 231/1386/1386 342/1393/1393 339/1396/1396
f 339/1396/1396 342/1393/1393 558/1392/1392
f 339/1396/1396 558/1392/1392 555/1395/1395
f 555/1395/1395 558/1392/1392 668/1391/1391
f 555/1395/1395 668/1391/1391 665/1394/1394
f 665/1394/1394 668/1391/1391 811/1379/1379
f 665/1394/1394 811/1379/1379 805/1380/1380
f 345/1390/1390 477/1375/1375 561/1389/1389
f 561/1389/1389 477/1375/1375 713/1376/1376
f 561/1389/1389 713/1376/1376 671/1388/1388
f 671/1388/1388 713/1376/1376 814/1378/1378
f 671/1388/1388 814/1378/1378 668/1391/1391
f 668/1391/1391 814/1378/1378 811/1379/1379
f 713/1376/1376 820/1377/1377 814/1378/1378
f 802/1381/1381 712/1382/1382 805/1380/1380
f 805/1380/1380 712/1382/1382 661/1397/1397
f 805/1380/1380 661/1397/1397 665/1394/1394
f 665/1394/1394 661/1397/1397 550/1398/1398
f 665/1394/1394 550/1398/1398 555/1395/1395
f 555/1395/1395 550/1398/1398 336/1399/1399
f 555/1395/1395 336/1399/1399 339/1396/1396
f 339/1396/1396 336/1399/1399 227/1385/1385
f 339/1396/1396 227/1385/1385 231/1386/1386
f 712/1382/1382 476/1383/1383 661/1397/1397
f 661/1397/1397 476/1383/1383 550/1398/1398
f 550/1398/1398 476/1383/1383 336/1399/1399
f 336/1399/1399 476/1383/1383 225/1384/1384
f 336/1399/1399 225/1384/1384 227/1385/1385
f 342/1393/1393 345/1390/1390 561/1389/1389
f 668/1391/1391 558/1392/1392 671/1388/1388
f 671/1388/1388 558/1392/1392 561/1389/1389
f 558/1392/1392 342/1393/1393 561/1389/1389
f 837/1400/1400 832/1401/1401 836/1414/1414
f 836/1414/1414 832/1401/1401 690/1415/1415
f 836/1414/1414 690/1415/1415 637/1413/1413
f 637/1413/1413 690/1415/1415 582/1416/1416
f 637/1413/1413 582/1416/1416 472/1412/1412
f 472/1412/1412 582/1416/1416 363/1417/1417
f 472/1412/1412 363/1417/1417 251/1411/1411
f 251/1411/1411 363/1417/1417 248/1410/1410
f 248/1410/1410 363/1417/1417 360/1420/1420
f 248/1410/1410 360/1420/1420 246/1409/1409
f 246/1409/1409 360/1420/1420 357/1424/1424
f 246/1409/1409 357/1424/1424 355/1423/1423
f 355/1423/1423 357/1424/1424 576/1425/1425
f 355/1423/1423 576/1425/1425 573/1422/1422
f 573/1422/1422 576/1425/1425 684/1426/1426
f 573/1422/1422 684/1426/1426 681/1421/1421
f 681/1421/1421 684/1426/1426 829/1402/1402
f 681/1421/1421 829/1402/1402 825/1403/1403
f 690/1415/1415 832/1401/1401 687/1418/1418
f 687/1418/1418 832/1401/1401 829/1402/1402
f 687/1418/1418 829/1402/1402 684/1426/1426
f 820/1404/1404 713/1405/1405 825/1403/1403
f 825/1403/1403 713/1405/1405 678/1427/1427
f 825/1403/1403 678/1427/1427 681/1421/1421
f 681/1421/1421 678/1427/1427 570/1428/1428
f 681/1421/1421 570/1428/1428 573/1422/1422
f 573/1422/1422 570/1428/1428 352/1429/1429
f 573/1422/1422 352/1429/1429 355/1423/1423
f 355/1423/1423 352/1429/1429 243/1408/1408
f 355/1423/1423 243/1408/1408 246/1409/1409
f 713/1405/1405 477/1406/1406 678/1427/1427
f 678/1427/1427 477/1406/1406 570/1428/1428
f 570/1428/1428 477/1406/1406 352/1429/1429
f 352/1429/1429 477/1406/1406 238/1407/1407
f 352/1429/1429 238/1407/1407 243/1408/1408
f 360/1420/1420 363/1417/1417 582/1416/1416
f 582/1416/1416 690/1415/1415 579/1419/1419
f 579/1419/1419 690/1415/1415 687/1418/1418
f 579/1419/1419 687/1418/1418 576/1425/1425
f 576/1425/1425 687/1418/1418 684/1426/1426
f 357/1424/1424 360/1420/1420 579/1419/1419
f 579/1419/1419 360/1420/1420 582/1416/1416
f 357/1424/1424 579/1419/1419 576/1425/1425
f 209/1447/1447 207/1430/1430 319/1451/1451
f 319/1451/1451 207/1430/1430 475/1431/1431
f 319/1451/1451 475/1431/1431 534/1450/1450
f 534/1450/1450 475/1431/1431 711/1432/1432
f 534/1450/1450 711/1432/1432 646/1449/1449
f 646/1449/1449 711/1432/1432 789/1434/1434
f 646/1449/1449 789/1434/1434 649/1452/1452
f 649/1452/1452 789/1434/1434 791/1435/1435
f 649/1452/1452 791/1435/1435 654/1455/1455
f 654/1455/1455 791/1435/1435 796/1436/1436
f 654/1455/1455 796/1436/1436 656/1458/1458
f 656/1458/1458 796/1436/1436 799/1437/1437
f 656/1458/1458 799/1437/1437 664/1461/1461
f 664/1461/1461 799/1437/1437 813/1438/1438
f 664/1461/1461 813/1438/1438 674/1448/1448
f 674/1448/1448 813/1438/1438 822/1439/1439
f 674/1448/1448 822/1439/1439 714/1440/1440
f 711/1432/1432 786/1433/1433 789/1434/1434
f 674/1448/1448 714/1440/1440 565/1464/1464
f 565/1464/1464 714/1440/1440 478/1441/1441
f 565/1464/1464 478/1441/1441 348/1465/1465
f 348/1465/1465 478/1441/1441 240/1442/1442
f 348/1465/1465 240/1442/1442 229/1443/1443
f 348/1465/1465 229/1443/1443 335/1463/1463
f 335/1463/1463 229/1443/1443 220/1444/1444
f 335/1463/1463 220/1444/1444 329/1460/1460
f 329/1460/1460 220/1444/1444 327/1457/1457
f 329/1460/1460 327/1457/1457 543/1456/1456
f 543/1456/1456 327/1457/1457 537/1453/1453
f 543/1456/1456 537/1453/1453 649/1452/1452
f 649/1452/1452 537/1453/1453 646/1449/1449
f 220/1444/1444 216/1445/1445 327/1457/1457
f 327/1457/1457 216/1445/1445 322/1454/1454
f 327/1457/1457 322/1454/1454 537/1453/1453
f 537/1453/1453 322/1454/1454 534/1450/1450
f 537/1453/1453 534/1450/1450 646/1449/1449
f 216/1445/1445 212/1446/1446 322/1454/1454
f 322/1454/1454 212/1446/1446 319/1451/1451
f 322/1454/1454 319/1451/1451 534/1450/1450
f 212/1446/1446 209/1447/1447 319/1451/1451
f 543/1456/1456 649/1452/1452 654/1455/1455
f 543/1456/1456 654/1455/1455 545/1459/1459
f 545/1459/1459 654/1455/1455 656/1458/1458
f 545/1459/1459 656/1458/1458 553/1462/1462
f 553/1462/1462 656/1458/1458 664/1461/1461
f 553/1462/1462 664/1461/1461 565/1464/1464
f 565/1464/1464 664/1461/1461 674/1448/1448
f 335/1463/1463 329/1460/1460 545/1459/1459
f 545/1459/1459 329/1460/1460 543/1456/1456
f 335/1463/1463 545/1459/1459 553/1462/1462
f 348/1465/1465 335/1463/1463 553/1462/1462
f 348/1465/1465 553/1462/1462 565/1464/1464
f 213/1481/1481 215/1466/1466 325/1485/1485
f 325/1485/1485 215/1466/1466 433/1467/1467
f 325/1485/1485 433/1467/1467 540/1484/1484
f 540/1484/1484 433/1467/1467 542/1468/1468
f 540/1484/1484 542/1468/1468 652/1483/1483
f 652/1483/1483 542/1468/1468 722/1469/1469
f 652/1483/1483 722/1469/1469 792/1472/1472
f 792/1472/1472 722/1469/1469 794/1471/1471
f 794/1471/1471 722/1469/1469 794/1470/1470
f 652/1483/1483 792/1472/1472 650/1486/1486
f 650/1486/1486 792/1472/1472 790/1473/1473
f 650/1486/1486 790/1473/1473 648/1489/1489
f 648/1489/1489 790/1473/1473 788/1474/1474
f 648/1489/1489 788/1474/1474 645/1482/1482
f 645/1482/1482 788/1474/1474 786/1475/1475
f 645/1482/1482 786/1475/1475 711/1476/1476
f 645/1482/1482 711/1476/1476 533/1492/1492
f 533/1492/1492 711/1476/1476 475/1477/1477
f 533/1492/1492 475/1477/1477 318/1493/1493
f 318/1493/1493 475/1477/1477 207/1478/1478
f 318/1493/1493 207/1478/1478 208/1479/1479
f 318/1493/1493 208/1479/1479 320/1491/1491
f 320/1491/1491 208/1479/1479 210/1480/1480
f 320/1491/1491 210/1480/1480 323/1488/1488
f 323/1488/1488 210/1480/1480 213/1481/1481
f 323/1488/1488 213/1481/1481 325/1485/1485
f 323/1488/1488 325/1485/1485 540/1484/1484
f 540/1484/1484 652/1483/1483 538/1487/1487
f 538/1487/1487 652/1483/1483 650/1486/1486
f 538/1487/1487 650/1486/1486 536/1490/1490
f 536/1490/1490 650/1486/1486 648/1489/1489
f 536/1490/1490 648/1489/1489 533/1492/1492
f 533/1492/1492 648/1489/1489 645/1482/1482
f 320/1491/1491 323/1488/1488 538/1487/1487
f 538/1487/1487 323/1488/1488 540/1484/1484
f 320/1491/1491 538/1487/1487 536/1490/1490
f 318/1493/1493 320/1491/1491 536/1490/1490
f 318/1493/1493 536/1490/1490 533/1492/1492
f 87/1510/1510 240/1494/1494 97/1509/1509
f 97/1509/1509 240/1494/1494 257/1495/1495
f 97/1509/1509 257/1495/1495 107/1508/1508
f 107/1508/1508 257/1495/1495 258/1496/1496
f 107/1508/1508 258/1496/1496 109/1507/1507
f 109/1507/1507 258/1496/1496 261/1497/1497
f 109/1507/1507 261/1497/1497 112/1506/1506
f 112/1506/1506 261/1497/1497 114/1505/1505
f 114/1505/1505 261/1497/1497 263/1498/1498
f 114/1505/1505 263/1498/1498 116/1504/1504
f 116/1504/1504 263/1498/1498 265/1499/1499
f 116/1504/1504 265/1499/1499 118/1503/1503
f 118/1503/1503 265/1499/1499 267/1500/1500
f 118/1503/1503 267/1500/1500 120/1502/1502
f 120/1502/1502 267/1500/1500 269/1501/1501
f 269/1511/1511 251/1512/1512 120/1514/1514
f 120/1514/1514 251/1512/1512 101/1513/1513
f 251/1515/1515 248/1516/1516 101/1524/1524
f 101/1524/1524 248/1516/1516 98/1523/1523
f 98/1523/1523 248/1516/1516 246/1517/1517
f 98/1523/1523 246/1517/1517 94/1522/1522
f 94/1522/1522 246/1517/1517 91/1521/1521
f 91/1521/1521 246/1517/1517 243/1518/1518
f 91/1521/1521 243/1518/1518 85/1520/1520
f 85/1520/1520 243/1518/1518 238/1519/1519
f 238/1525/1525 234/1526/1526 85/1534/1534
f 85/1534/1534 234/1526/1526 80/1533/1533
f 80/1533/1533 234/1526/1526 231/1527/1527
f 80/1533/1533 231/1527/1527 77/1532/1532
f 77/1532/1532 231/1527/1527 73/1531/1531
f 73/1531/1531 231/1527/1527 227/1528/1528
f 73/1531/1531 227/1528/1528 70/1530/1530
f 70/1530/1530 227/1528/1528 225/1529/1529
f 225/1535/1535 226/1536/1536 70/1540/1540
f 70/1540/1540 226/1536/1536 72/1539/1539
f 72/1539/1539 226/1536/1536 230/1537/1537
f 72/1539/1539 230/1537/1537 75/1538/1538
f 75/1546/1546 230/1541/1541 79/1545/1545
f 79/1545/1545 230/1541/1541 235/1542/1542
f 79/1545/1545 235/1542/1542 86/1544/1544
f 86/1544/1544 235/1542/1542 239/1543/1543
f 86/1562/1562 239/1547/1547 95/1561/1561
f 95/1561/1561 239/1547/1547 253/1548/1548
f 95/1561/1561 253/1548/1548 106/1560/1560
f 106/1560/1560 253/1548/1548 108/1559/1559
f 108/1559/1559 253/1548/1548 260/1549/1549
f 108/1559/1559 260/1549/1549 111/1558/1558
f 111/1558/1558 260/1549/1549 264/1550/1550
f 111/1558/1558 264/1550/1550 115/1557/1557
f 115/1557/1557 264/1550/1550 268/1551/1551
f 115/1557/1557 268/1551/1551 119/1556/1556
f 119/1556/1556 268/1551/1551 122/1555/1555
f 122/1555/1555 268/1551/1551 271/1552/1552
f 122/1555/1555 271/1552/1552 123/1554/1554
f 123/1554/1554 271/1552/1552 272/1553/1553
f 123/1576/1576 272/1563/1563 121/1575/1575
f 121/1575/1575 272/1563/1563 270/1564/1564
f 121/1575/1575 270/1564/1564 117/1574/1574
f 117/1574/1574 270/1564/1564 266/1565/1565
f 117/1574/1574 266/1565/1565 113/1573/1573
f 113/1573/1573 266/1565/1565 262/1566/1566
f 113/1573/1573 262/1566/1566 110/1572/1572
f 110/1572/1572 262/1566/1566 259/1567/1567
f 110/1572/1572 259/1567/1567 102/1571/1571
f 102/1571/1571 259/1567/1567 252/1568/1568
f 102/1571/1571 252/1568/1568 88/1570/1570
f 88/1570/1570 252/1568/1568 241/1569/1569
f 241/1577/1577 233/1578/1578 88/1595/1595
f 88/1595/1595 233/1578/1578 76/1594/1594
f 76/1594/1594 233/1578/1578 222/1579/1579
f 76/1594/1594 222/1579/1579 65/1593/1593
f 65/1593/1593 222/1579/1579 219/1580/1580
f 65/1593/1593 219/1580/1580 61/1592/1592
f 61/1592/1592 219/1580/1580 217/1581/1581
f 61/1592/1592 217/1581/1581 58/1591/1591
f 58/1591/1591 217/1581/1581 214/1582/1582
f 58/1591/1591 214/1582/1582 55/1590/1590
f 55/1590/1590 214/1582/1582 211/1583/1583
f 55/1590/1590 211/1583/1583 50/1589/1589
f 50/1589/1589 211/1583/1583 206/1584/1584
f 50/1589/1589 206/1584/1584 49/1588/1588
f 49/1588/1588 206/1584/1584 205/1585/1585
f 49/1588/1588 205/1585/1585 48/1587/1587
f 48/1587/1587 205/1585/1585 204/1586/1586
f 785/1596/1596 787/1597/1597 800/1664/1664
f 800/1664/1664 787/1597/1597 793/1598/1598
f 800/1664/1664 793/1598/1598 807/1663/1663
f 807/1663/1663 793/1598/1598 797/1599/1599
f 807/1663/1663 797/1599/1599 808/1662/1662
f 808/1662/1662 797/1599/1599 812/1661/1661
f 812/1661/1661 797/1599/1599 806/1600/1600
f 812/1661/1661 806/1600/1600 815/1660/1660
f 815/1660/1660 806/1600/1600 817/1659/1659
f 817/1659/1659 806/1600/1600 823/1601/1601
f 817/1659/1659 823/1601/1601 824/1658/1658
f 824/1658/1658 823/1601/1601 827/1657/1657
f 827/1657/1657 823/1601/1601 830/1602/1602
f 827/1657/1657 830/1602/1602 833/1656/1656
f 833/1656/1656 830/1602/1602 842/1603/1603
f 833/1656/1656 842/1603/1603 838/1655/1655
f 838/1655/1655 842/1603/1603 845/1604/1604
f 838/1655/1655 845/1604/1604 849/1605/1605
f 838/1655/1655 849/1605/1605 840/1654/1654
f 840/1654/1654 849/1605/1605 853/1606/1606
f 840/1654/1654 853/1606/1606 855/1607/1607
f 855/1607/1607 854/1608/1608 840/1654/1654
f 840/1654/1654 854/1608/1608 839/1653/1653
f 839/1653/1653 854/1608/1608 852/1609/1609
f 839/1653/1653 852/1609/1609 847/1610/1610
f 847/1610/1610 843/1611/1611 839/1653/1653
f 839/1653/1653 843/1611/1611 834/1652/1652
f 834/1652/1652 843/1611/1611 831/1612/1612
f 834/1652/1652 831/1612/1612 828/1651/1651
f 828/1651/1651 831/1612/1612 826/1650/1650
f 826/1650/1650 831/1612/1612 821/1613/1613
f 826/1650/1650 821/1613/1613 819/1649/1649
f 819/1649/1649 821/1613/1613 818/1648/1648
f 818/1648/1648 821/1613/1613 818/1647/1647
f 818/1647/1647 821/1613/1613 816/1614/1614
f 818/1647/1647 816/1614/1614 803/1646/1646
f 803/1646/1646 816/1614/1614 809/1615/1615
f 803/1646/1646 809/1615/1615 798/1645/1645
f 798/1645/1645 809/1615/1615 804/1616/1616
f 798/1645/1645 804/1616/1616 795/1644/1644
f 795/1644/1644 804/1616/1616 794/1643/1643
f 794/1643/1643 804/1616/1616 794/1642/1642
f 794/1642/1642 804/1616/1616 792/1641/1641
f 792/1641/1641 804/1616/1616 790/1640/1640
f 790/1640/1640 804/1616/1616 802/1617/1617
f 790/1640/1640 802/1617/1617 788/1639/1639
f 788/1639/1639 802/1617/1617 786/1638/1638
f 786/1638/1638 802/1617/1617 789/1637/1637
f 789/1637/1637 802/1617/1617 791/1636/1636
f 791/1636/1636 802/1617/1617 805/1618/1618
f 791/1636/1636 805/1618/1618 796/1635/1635
f 796/1635/1635 805/1618/1618 799/1634/1634
f 799/1634/1634 805/1618/1618 811/1619/1619
f 799/1634/1634 811/1619/1619 813/1633/1633
f 813/1633/1633 811/1619/1619 814/1620/1620
f 813/1633/1633 814/1620/1620 820/1621/1621
f 813/1633/1633 820/1621/1621 822/1632/1632
f 822/1632/1632 820/1621/1621 825/1622/1622
f 822/1632/1632 825/1622/1622 835/1631/1631
f 835/1631/1631 825/1622/1622 829/1623/1623
f 835/1631/1631 829/1623/1623 841/1630/1630
f 841/1630/1630 829/1623/1623 832/1624/1624
f 841/1630/1630 832/1624/1624 844/1629/1629
f 844/1629/1629 832/1624/1624 837/1625/1625
f 844/1629/1629 837/1625/1625 846/1628/1628
f 846/1628/1628 837/1625/1625 848/1627/1627
f 848/1627/1627 837/1625/1625 850/1626/1626
f 223/1665/1665 224/1666/1666 67/1670/1670
f 67/1670/1670 224/1666/1666 68/1669/1669
f 68/1669/1669 224/1666/1666 228/1667/1667
f 68/1669/1669 228/1667/1667 74/1668/1668
f 74/1679/1679 228/1671/1671 78/1678/1678
f 78/1678/1678 228/1671/1671 232/1672/1672
f 78/1678/1678 232/1672/1672 82/1677/1677
f 82/1677/1677 232/1672/1672 236/1673/1673
f 82/1677/1677 236/1673/1673 84/1676/1676
f 84/1676/1676 236/1673/1673 242/1674/1674
f 84/1676/1676 242/1674/1674 89/1675/1675
f 242/1680/1680 245/1681/1681 89/1689/1689
f 89/1689/1689 245/1681/1681 93/1688/1688
f 93/1688/1688 245/1681/1681 249/1682/1682
f 93/1688/1688 249/1682/1682 99/1687/1687
f 99/1687/1687 249/1682/1682 254/1683/1683
f 99/1687/1687 254/1683/1683 103/1686/1686
f 103/1686/1686 254/1683/1683 256/1684/1684
f 103/1686/1686 256/1684/1684 105/1685/1685
f 105/1695/1695 256/1690/1690 104/1694/1694
f 104/1694/1694 256/1690/1690 255/1691/1691
f 104/1694/1694 255/1691/1691 100/1693/1693
f 100/1693/1693 255/1691/1691 250/1692/1692
f 100/1704/1704 250/1696/1696 96/1703/1703
f 96/1703/1703 250/1696/1696 247/1697/1697
f 96/1703/1703 247/1697/1697 92/1702/1702
f 92/1702/1702 247/1697/1697 244/1698/1698
f 92/1702/1702 244/1698/1698 90/1701/1701
f 90/1701/1701 244/1698/1698 237/1699/1699
f 90/1701/1701 237/1699/1699 83/1700/1700
f 83/1713/1713 237/1705/1705 69/1712/1712
f 69/1712/1712 237/1705/1705 221/1706/1706
f 69/1712/1712 221/1706/1706 64/1711/1711
f 64/1711/1711 221/1706/1706 218/1707/1707
f 64/1711/1711 218/1707/1707 62/1710/1710
f 62/1710/1710 218/1707/1707 215/1708/1708
f 62/1710/1710 215/1708/1708 59/1709/1709
f 215/1714/1714 213/1715/1715 59/1723/1723
f 59/1723/1723 213/1715/1715 57/1722/1722
f 57/1722/1722 213/1715/1715 210/1716/1716
f 57/1722/1722 210/1716/1716 54/1721/1721
f 54/1721/1721 210/1716/1716 52/1720/1720
f 52/1720/1720 210/1716/1716 208/1717/1717
f 52/1720/1720 208/1717/1717 51/1719/1719
f 51/1719/1719 208/1717/1717 207/1718/1718
f 51/1739/1739 207/1724/1724 53/1738/1738
f 53/1738/1738 207/1724/1724 209/1725/1725
f 53/1738/1738 209/1725/1725 56/1737/1737
f 56/1737/1737 209/1725/1725 212/1726/1726
f 56/1737/1737 212/1726/1726 60/1736/1736
f 60/1736/1736 212/1726/1726 216/1727/1727
f 60/1736/1736 216/1727/1727 63/1735/1735
f 63/1735/1735 216/1727/1727 220/1728/1728
f 63/1735/1735 220/1728/1728 66/1734/1734
f 66/1734/1734 220/1728/1728 229/1729/1729
f 66/1734/1734 229/1729/1729 71/1733/1733
f 71/1733/1733 229/1729/1729 81/1732/1732
f 81/1732/1732 229/1729/1729 240/1730/1730
f 81/1732/1732 240/1730/1730 87/1731/1731
f 204/1740/1740 223/1741/1741 48/1743/1743
f 48/1743/1743 223/1741/1741 67/1742/1742
f 48/1744/1744 67/1745/1745 49/1819/1819
f 49/1819/1819 67/1745/1745 50/1818/1818
f 50/1818/1818 67/1745/1745 68/1746/1746
f 50/1818/1818 68/1746/1746 55/1817/1817
f 55/1817/1817 68/1746/1746 58/1816/1816
f 58/1816/1816 68/1746/1746 74/1747/1747
f 58/1816/1816 74/1747/1747 61/1815/1815
f 61/1815/1815 74/1747/1747 65/1814/1814
f 65/1814/1814 74/1747/1747 78/1748/1748
f 65/1814/1814 78/1748/1748 76/1813/1813
f 76/1813/1813 78/1748/1748 82/1749/1749
f 76/1813/1813 82/1749/1749 84/1750/1750
f 76/1813/1813 84/1750/1750 88/1812/1812
f 88/1812/1812 84/1750/1750 89/1751/1751
f 88/1812/1812 89/1751/1751 93/1752/1752
f 88/1812/1812 93/1752/1752 102/1811/1811
f 102/1811/1811 93/1752/1752 99/1753/1753
f 102/1811/1811 99/1753/1753 110/1810/1810
f 110/1810/1810 99/1753/1753 103/1754/1754
f 110/1810/1810 103/1754/1754 113/1809/1809
f 113/1809/1809 103/1754/1754 117/1808/1808
f 117/1808/1808 103/1754/1754 105/1755/1755
f 117/1808/1808 105/1755/1755 121/1807/1807
f 121/1807/1807 105/1755/1755 123/1806/1806
f 123/1806/1806 105/1755/1755 122/1805/1805
f 122/1805/1805 105/1755/1755 104/1756/1756
f 122/1805/1805 104/1756/1756 119/1804/1804
f 119/1804/1804 104/1756/1756 115/1803/1803
f 115/1803/1803 104/1756/1756 111/1802/1802
f 111/1802/1802 104/1756/1756 100/1757/1757
f 111/1802/1802 100/1757/1757 108/1801/1801
f 108/1801/1801 100/1757/1757 96/1758/1758
f 108/1801/1801 96/1758/1758 106/1800/1800
f 106/1800/1800 96/1758/1758 92/1759/1759
f 106/1800/1800 92/1759/1759 95/1799/1799
f 95/1799/1799 92/1759/1759 90/1760/1760
f 95/1799/1799 90/1760/1760 86/1798/1798
f 86/1798/1798 90/1760/1760 83/1761/1761
f 86/1798/1798 83/1761/1761 69/1762/1762
f 86/1798/1798 69/1762/1762 79/1797/1797
f 79/1797/1797 69/1762/1762 64/1763/1763
f 79/1797/1797 64/1763/1763 75/1796/1796
f 75/1796/1796 64/1763/1763 62/1764/1764
f 75/1796/1796 62/1764/1764 72/1795/1795
f 72/1795/1795 62/1764/1764 59/1765/1765
f 72/1795/1795 59/1765/1765 57/1766/1766
f 57/1766/1766 54/1767/1767 72/1795/1795
f 72/1795/1795 54/1767/1767 70/1794/1794
f 70/1794/1794 54/1767/1767 52/1768/1768
f 70/1794/1794 52/1768/1768 51/1769/1769
f 51/1769/1769 53/1770/1770 70/1794/1794
f 70/1794/1794 53/1770/1770 56/1771/1771
f 70/1794/1794 56/1771/1771 60/1772/1772
f 70/1794/1794 60/1772/1772 73/1793/1793
f 73/1793/1793 60/1772/1772 63/1773/1773
f 73/1793/1793 63/1773/1773 77/1792/1792
f 77/1792/1792 63/1773/1773 66/1774/1774
f 77/1792/1792 66/1774/1774 71/1775/1775
f 77/1792/1792 71/1775/1775 80/1791/1791
f 80/1791/1791 71/1775/1775 81/1776/1776
f 80/1791/1791 81/1776/1776 85/1790/1790
f 85/1790/1790 81/1776/1776 87/1777/1777
f 85/1790/1790 87/1777/1777 91/1789/1789
f 91/1789/1789 87/1777/1777 97/1778/1778
f 91/1789/1789 97/1778/1778 94/1788/1788
f 94/1788/1788 97/1778/1778 107/1779/1779
f 94/1788/1788 107/1779/1779 109/1780/1780
f 94/1788/1788 109/1780/1780 98/1787/1787
f 98/1787/1787 109/1780/1780 112/1781/1781
f 98/1787/1787 112/1781/1781 114/1782/1782
f 98/1787/1787 114/1782/1782 101/1786/1786
f 101/1786/1786 114/1782/1782 116/1783/1783
f 101/1786/1786 116/1783/1783 118/1784/1784
f 118/1784/1784 120/1785/1785 101/1786/1786
f 876/1821/1821 624/1822/1822 877/1820/1820
f 877/1820/1820 624/1822/1822 625/1827/1827
f 625/1827/1827 624/1822/1822 458/1823/1823
f 625/1827/1827 458/1823/1823 459/1826/1826
f 459/1826/1826 458/1823/1823 294/1825/1825
f 294/1825/1825 458/1823/1823 293/1824/1824
f 873/1829/1829 730/1830/1830 876/1828/1828
f 876/1828/1828 730/1830/1830 624/1836/1836
f 624/1836/1836 730/1830/1830 621/1831/1831
f 624/1836/1836 621/1831/1831 455/1832/1832
f 624/1836/1836 455/1832/1832 458/1835/1835
f 458/1835/1835 455/1832/1832 290/1833/1833
f 458/1835/1835 290/1833/1833 293/1834/1834
f 871/1838/1838 728/1839/1839 873/1837/1837
f 873/1837/1837 728/1839/1839 730/1847/1847
f 730/1847/1847 728/1839/1839 619/1840/1840
f 730/1847/1847 619/1840/1840 621/1846/1846
f 621/1846/1846 619/1840/1840 454/1841/1841
f 621/1846/1846 454/1841/1841 455/1845/1845
f 455/1845/1845 454/1841/1841 313/1842/1842
f 455/1845/1845 313/1842/1842 290/1844/1844
f 290/1844/1844 313/1842/1842 289/1843/1843
f 871/1848/1848 870/1849/1849 728/1857/1857
f 728/1857/1857 870/1849/1849 618/1850/1850
f 728/1857/1857 618/1850/1850 619/1856/1856
f 619/1856/1856 618/1850/1850 454/1855/1855
f 454/1855/1855 618/1850/1850 453/1851/1851
f 454/1855/1855 453/1851/1851 313/1854/1854
f 313/1854/1854 453/1851/1851 288/1852/1852
f 313/1854/1854 288/1852/1852 289/1853/1853
f 868/1859/1859 616/1860/1860 870/1858/1858
f 870/1858/1858 616/1860/1860 618/1865/1865
f 618/1865/1865 616/1860/1860 450/1861/1861
f 618/1865/1865 450/1861/1861 453/1864/1864
f 453/1864/1864 450/1861/1861 288/1863/1863
f 288/1863/1863 450/1861/1861 285/1862/1862
f 869/1867/1867 617/1868/1868 868/1866/1866
f 868/1866/1866 617/1868/1868 616/1873/1873
f 616/1873/1873 617/1868/1868 451/1869/1869
f 616/1873/1873 451/1869/1869 450/1872/1872
f 450/1872/1872 451/1869/1869 285/1871/1871
f 285/1871/1871 451/1869/1869 286/1870/1870
f 286/1875/1875 451/1876/1876 287/1874/1874
f 287/1874/1874 451/1876/1876 452/1882/1882
f 452/1882/1882 451/1876/1876 617/1877/1877
f 452/1882/1882 617/1877/1877 620/1881/1881
f 620/1881/1881 617/1877/1877 729/1880/1880
f 729/1880/1880 617/1877/1877 869/1878/1878
f 729/1880/1880 869/1878/1878 872/1879/1879
f 291/1883/1883 287/1884/1884 314/1893/1893
f 314/1893/1893 287/1884/1884 452/1885/1885
f 314/1893/1893 452/1885/1885 456/1892/1892
f 456/1892/1892 452/1885/1885 620/1886/1886
f 456/1892/1892 620/1886/1886 622/1891/1891
f 622/1891/1891 620/1886/1886 729/1887/1887
f 622/1891/1891 729/1887/1887 731/1890/1890
f 731/1890/1890 729/1887/1887 872/1888/1888
f 731/1890/1890 872/1888/1888 874/1889/1889
f 291/1895/1895 314/1896/1896 292/1894/1894
f 292/1894/1894 314/1896/1896 457/1903/1903
f 457/1903/1903 314/1896/1896 456/1897/1897
f 457/1903/1903 456/1897/1897 623/1902/1902
f 623/1902/1902 456/1897/1897 622/1898/1898
f 623/1902/1902 622/1898/1898 731/1899/1899
f 874/1900/1900 875/1901/1901 731/1899/1899
f 731/1899/1899 875/1901/1901 623/1902/1902
f 294/1904/1904 292/1905/1905 459/1911/1911
f 459/1911/1911 292/1905/1905 457/1906/1906
f 459/1911/1911 457/1906/1906 623/1907/1907
f 459/1911/1911 623/1907/1907 625/1910/1910
f 625/1910/1910 623/1907/1907 875/1908/1908
f 625/1910/1910 875/1908/1908 877/1909/1909
f 286/1912/1912 287/1913/1913 137/1915/1915
f 137/1915/1915 287/1913/1913 138/1914/1914
f 287/1916/1916 291/1917/1917 138/1919/1919
f 138/1919/1919 291/1917/1917 142/1918/1918
f 291/1920/1920 292/1921/1921 142/1923/1923
f 142/1923/1923 292/1921/1921 143/1922/1922
f 292/1924/1924 294/1925/1925 143/1927/1927
f 143/1927/1927 294/1925/1925 145/1926/1926
f 294/1928/1928 293/1929/1929 145/1931/1931
f 145/1931/1931 293/1929/1929 144/1930/1930
f 873/1941/1941 876/1932/1932 874/1935/1935
f 874/1935/1935 876/1932/1932 877/1933/1933
f 874/1935/1935 877/1933/1933 875/1934/1934
f 873/1941/1941 874/1935/1935 871/1940/1940
f 871/1940/1940 874/1935/1935 872/1936/1936
f 871/1940/1940 872/1936/1936 869/1937/1937
f 869/1937/1937 868/1938/1938 871/1940/1940
f 871/1940/1940 868/1938/1938 870/1939/1939
f 293/1942/1942 290/1943/1943 144/1945/1945
f 144/1945/1945 290/1943/1943 141/1944/1944
f 290/1946/1946 289/1947/1947 141/1949/1949
f 141/1949/1949 289/1947/1947 140/1948/1948
f 289/1950/1950 288/1951/1951 140/1953/1953
f 140/1953/1953 288/1951/1951 139/1952/1952
f 288/1954/1954 285/1955/1955 139/1957/1957
f 139/1957/1957 285/1955/1955 136/1956/1956
f 285/1958/1958 286/1959/1959 136/1961/1961
f 136/1961/1961 286/1959/1959 137/1960/1960
f 136/1971/1971 137/1962/1962 140/1969/1969
f 140/1969/1969 137/1962/1962 138/1963/1963
f 140/1969/1969 138/1963/1963 142/1964/1964
f 143/1965/1965 145/1966/1966 142/1964/1964
f 142/1964/1964 145/1966/1966 144/1967/1967
f 142/1964/1964 144/1967/1967 141/1968/1968
f 141/1968/1968 140/1969/1969 142/1964/1964
f 140/1969/1969 139/1970/1970 136/1971/1971
# 888 vertices
# 1971 texture params
# 1971 normals
# 1760 facets

# 1 groups
